2026-07-19T18:29:11.806+05:30  INFO 26400 --- [param-mart] [restartedMain] com.parammart.ParamMartApplication       : Starting ParamMartApplication using Java 21.0.8 with PID 26400 (C:\Users\HP\Music\PramMart\param-mart\target\classes started by HP in C:\Users\HP\Music\PramMart\param-mart)
2026-07-19T18:29:11.806+05:30 DEBUG 26400 --- [param-mart] [restartedMain] com.parammart.ParamMartApplication       : Running with Spring Boot v3.5.0, Spring v6.2.7
2026-07-19T18:29:11.807+05:30  INFO 26400 --- [param-mart] [restartedMain] com.parammart.ParamMartApplication       : No active profile set, falling back to 1 default profile: "default"
2026-07-19T18:29:12.207+05:30  INFO 26400 --- [param-mart] [restartedMain] .s.d.r.c.RepositoryConfigurationDelegate : Bootstrapping Spring Data JPA repositories in DEFAULT mode.
2026-07-19T18:29:12.223+05:30  INFO 26400 --- [param-mart] [restartedMain] .s.d.r.c.RepositoryConfigurationDelegate : Finished Spring Data repository scanning in 15 ms. Found 4 JPA repository interfaces.
2026-07-19T18:29:12.345+05:30  INFO 26400 --- [param-mart] [restartedMain] o.s.b.w.embedded.tomcat.TomcatWebServer  : Tomcat initialized with port 8080 (http)
2026-07-19T18:29:12.346+05:30  INFO 26400 --- [param-mart] [restartedMain] o.apache.catalina.core.StandardService   : Starting service [Tomcat]
2026-07-19T18:29:12.346+05:30  INFO 26400 --- [param-mart] [restartedMain] o.apache.catalina.core.StandardEngine    : Starting Servlet engine: [Apache Tomcat/10.1.41]
2026-07-19T18:29:12.371+05:30  INFO 26400 --- [param-mart] [restartedMain] o.a.c.c.C.[Tomcat-1].[localhost].[/]     : Initializing Spring embedded WebApplicationContext
2026-07-19T18:29:12.371+05:30  INFO 26400 --- [param-mart] [restartedMain] w.s.c.ServletWebServerApplicationContext : Root WebApplicationContext: initialization completed in 524 ms
2026-07-19T18:29:12.443+05:30  INFO 26400 --- [param-mart] [restartedMain] o.hibernate.jpa.internal.util.LogHelper  : HHH000204: Processing PersistenceUnitInfo [name: default]
2026-07-19T18:29:12.445+05:30  INFO 26400 --- [param-mart] [restartedMain] o.h.c.internal.RegionFactoryInitiator    : HHH000026: Second-level cache disabled
2026-07-19T18:29:12.453+05:30  INFO 26400 --- [param-mart] [restartedMain] o.s.o.j.p.SpringPersistenceUnitInfo      : No LoadTimeWeaver setup: ignoring JPA class transformer
2026-07-19T18:29:12.454+05:30  INFO 26400 --- [param-mart] [restartedMain] com.zaxxer.hikari.HikariDataSource       : HikariPool-68 - Starting...
2026-07-19T18:29:12.459+05:30  INFO 26400 --- [param-mart] [restartedMain] com.zaxxer.hikari.pool.HikariPool        : HikariPool-68 - Added connection com.mysql.cj.jdbc.ConnectionImpl@54c68cc8
2026-07-19T18:29:12.459+05:30  INFO 26400 --- [param-mart] [restartedMain] com.zaxxer.hikari.HikariDataSource       : HikariPool-68 - Start completed.
2026-07-19T18:29:12.461+05:30  WARN 26400 --- [param-mart] [restartedMain] org.hibernate.orm.deprecation            : HHH90000025: MySQLDialect does not need to be specified explicitly using 'hibernate.dialect' (remove the property setting and it will be selected by default)
2026-07-19T18:29:12.461+05:30  INFO 26400 --- [param-mart] [restartedMain] org.hibernate.orm.connections.pooling    : HHH10001005: Database info:
	Database JDBC URL [Connecting through datasource 'HikariDataSource (HikariPool-68)']
	Database driver: undefined/unknown
	Database version: 8.0.46
	Autocommit mode: undefined/unknown
	Isolation level: undefined/unknown
	Minimum pool size: undefined/unknown
	Maximum pool size: undefined/unknown
2026-07-19T18:29:12.556+05:30  INFO 26400 --- [param-mart] [restartedMain] o.h.e.t.j.p.i.JtaPlatformInitiator       : HHH000489: No JTA platform available (set 'hibernate.transaction.jta.platform' to enable JTA platform integration)
2026-07-19T18:29:12.589+05:30  INFO 26400 --- [param-mart] [restartedMain] j.LocalContainerEntityManagerFactoryBean : Initialized JPA EntityManagerFactory for persistence unit 'default'
2026-07-19T18:29:12.651+05:30 DEBUG 26400 --- [param-mart] [restartedMain] c.p.security.JwtAuthenticationFilter     : Filter 'jwtAuthenticationFilter' configured for use
2026-07-19T18:29:12.677+05:30  INFO 26400 --- [param-mart] [restartedMain] eAuthenticationProviderManagerConfigurer : Global AuthenticationManager configured with AuthenticationProvider bean with name authenticationProvider
2026-07-19T18:29:12.677+05:30  WARN 26400 --- [param-mart] [restartedMain] r$InitializeUserDetailsManagerConfigurer : Global AuthenticationManager configured with an AuthenticationProvider bean. UserDetailsService beans will not be used by Spring Security for automatically configuring username/password login. Consider removing the AuthenticationProvider bean. Alternatively, consider using the UserDetailsService in a manually instantiated DaoAuthenticationProvider. If the current configuration is intentional, to turn off this warning, increase the logging level of 'org.springframework.security.config.annotation.authentication.configuration.InitializeUserDetailsBeanManagerConfigurer' to ERROR
2026-07-19T18:29:12.788+05:30  WARN 26400 --- [param-mart] [restartedMain] JpaBaseConfiguration$JpaWebConfiguration : spring.jpa.open-in-view is enabled by default. Therefore, database queries may be performed during view rendering. Explicitly configure spring.jpa.open-in-view to disable this warning
2026-07-19T18:29:12.908+05:30  INFO 26400 --- [param-mart] [restartedMain] o.s.b.a.e.web.EndpointLinksResolver      : Exposing 1 endpoint beneath base path '/actuator'
2026-07-19T18:29:13.090+05:30  INFO 26400 --- [param-mart] [restartedMain] o.s.b.d.a.OptionalLiveReloadServer       : LiveReload server is running on port 35729
2026-07-19T18:29:13.105+05:30  INFO 26400 --- [param-mart] [restartedMain] o.s.b.w.embedded.tomcat.TomcatWebServer  : Tomcat started on port 8080 (http) with context path '/'
2026-07-19T18:29:13.112+05:30  INFO 26400 --- [param-mart] [restartedMain] com.parammart.ParamMartApplication       : Started ParamMartApplication in 2.39 seconds (process running for 4739.572)
2026-07-19T18:29:13.121+05:30  INFO 26400 --- [param-mart] [restartedMain] .ConditionEvaluationDeltaLoggingListener : Condition evaluation delta:


==========================
CONDITION EVALUATION DELTA
==========================


Positive matches:
-----------------

   LogFileWebEndpointAutoConfiguration#logFileWebEndpoint matched:
      - Log File found logging.file.name logs/parammart.log (LogFileWebEndpointAutoConfiguration.LogFileCondition)
      - @ConditionalOnMissingBean (types: org.springframework.boot.actuate.logging.LogFileWebEndpoint; SearchStrategy: all) did not find any beans (OnBeanCondition)


Negative matches:
-----------------

    None


Exclusions:
-----------

    None


Unconditional classes:
----------------------

    None



2026-07-19T18:30:27.161+05:30  INFO 26400 --- [param-mart] [File Watcher] rtingClassPathChangeChangedEventListener : Restarting due to 1 class path change (0 additions, 0 deletions, 1 modification)
2026-07-19T18:30:27.185+05:30  INFO 26400 --- [param-mart] [Thread-278] o.s.b.w.e.tomcat.GracefulShutdown        : Commencing graceful shutdown. Waiting for active requests to complete
2026-07-19T18:30:27.214+05:30  INFO 26400 --- [param-mart] [tomcat-shutdown] o.s.b.w.e.tomcat.GracefulShutdown        : Graceful shutdown complete
2026-07-19T18:30:27.241+05:30  INFO 26400 --- [param-mart] [Thread-278] j.LocalContainerEntityManagerFactoryBean : Closing JPA EntityManagerFactory for persistence unit 'default'
2026-07-19T18:30:27.244+05:30  INFO 26400 --- [param-mart] [Thread-278] com.zaxxer.hikari.HikariDataSource       : HikariPool-68 - Shutdown initiated...
2026-07-19T18:30:27.252+05:30  INFO 26400 --- [param-mart] [Thread-278] com.zaxxer.hikari.HikariDataSource       : HikariPool-68 - Shutdown completed.
2026-07-19T18:30:27.732+05:30  INFO 26400 --- [param-mart] [restartedMain] com.parammart.ParamMartApplication       : Starting ParamMartApplication using Java 21.0.8 with PID 26400 (C:\Users\HP\Music\PramMart\param-mart\target\classes started by HP in C:\Users\HP\Music\PramMart\param-mart)
2026-07-19T18:30:27.732+05:30 DEBUG 26400 --- [param-mart] [restartedMain] com.parammart.ParamMartApplication       : Running with Spring Boot v3.5.0, Spring v6.2.7
2026-07-19T18:30:27.732+05:30  INFO 26400 --- [param-mart] [restartedMain] com.parammart.ParamMartApplication       : No active profile set, falling back to 1 default profile: "default"
2026-07-19T18:30:28.381+05:30  INFO 26400 --- [param-mart] [restartedMain] .s.d.r.c.RepositoryConfigurationDelegate : Bootstrapping Spring Data JPA repositories in DEFAULT mode.
2026-07-19T18:30:28.398+05:30  INFO 26400 --- [param-mart] [restartedMain] .s.d.r.c.RepositoryConfigurationDelegate : Finished Spring Data repository scanning in 22 ms. Found 4 JPA repository interfaces.
2026-07-19T18:30:28.596+05:30  INFO 26400 --- [param-mart] [restartedMain] o.s.b.w.embedded.tomcat.TomcatWebServer  : Tomcat initialized with port 8080 (http)
2026-07-19T18:30:28.596+05:30  INFO 26400 --- [param-mart] [restartedMain] o.apache.catalina.core.StandardService   : Starting service [Tomcat]
2026-07-19T18:30:28.596+05:30  INFO 26400 --- [param-mart] [restartedMain] o.apache.catalina.core.StandardEngine    : Starting Servlet engine: [Apache Tomcat/10.1.41]
2026-07-19T18:30:28.651+05:30  INFO 26400 --- [param-mart] [restartedMain] o.a.c.c.C.[Tomcat-1].[localhost].[/]     : Initializing Spring embedded WebApplicationContext
2026-07-19T18:30:28.651+05:30  INFO 26400 --- [param-mart] [restartedMain] w.s.c.ServletWebServerApplicationContext : Root WebApplicationContext: initialization completed in 919 ms
2026-07-19T18:30:28.763+05:30  INFO 26400 --- [param-mart] [restartedMain] o.hibernate.jpa.internal.util.LogHelper  : HHH000204: Processing PersistenceUnitInfo [name: default]
2026-07-19T18:30:28.766+05:30  INFO 26400 --- [param-mart] [restartedMain] o.h.c.internal.RegionFactoryInitiator    : HHH000026: Second-level cache disabled
2026-07-19T18:30:28.776+05:30  INFO 26400 --- [param-mart] [restartedMain] o.s.o.j.p.SpringPersistenceUnitInfo      : No LoadTimeWeaver setup: ignoring JPA class transformer
2026-07-19T18:30:28.778+05:30  INFO 26400 --- [param-mart] [restartedMain] com.zaxxer.hikari.HikariDataSource       : HikariPool-69 - Starting...
2026-07-19T18:30:28.786+05:30  INFO 26400 --- [param-mart] [restartedMain] com.zaxxer.hikari.pool.HikariPool        : HikariPool-69 - Added connection com.mysql.cj.jdbc.ConnectionImpl@f41e1c5
2026-07-19T18:30:28.787+05:30  INFO 26400 --- [param-mart] [restartedMain] com.zaxxer.hikari.HikariDataSource       : HikariPool-69 - Start completed.
2026-07-19T18:30:28.788+05:30  WARN 26400 --- [param-mart] [restartedMain] org.hibernate.orm.deprecation            : HHH90000025: MySQLDialect does not need to be specified explicitly using 'hibernate.dialect' (remove the property setting and it will be selected by default)
2026-07-19T18:30:28.788+05:30  INFO 26400 --- [param-mart] [restartedMain] org.hibernate.orm.connections.pooling    : HHH10001005: Database info:
	Database JDBC URL [Connecting through datasource 'HikariDataSource (HikariPool-69)']
	Database driver: undefined/unknown
	Database version: 8.0.46
	Autocommit mode: undefined/unknown
	Isolation level: undefined/unknown
	Minimum pool size: undefined/unknown
	Maximum pool size: undefined/unknown
2026-07-19T18:30:28.976+05:30  INFO 26400 --- [param-mart] [restartedMain] o.h.e.t.j.p.i.JtaPlatformInitiator       : HHH000489: No JTA platform available (set 'hibernate.transaction.jta.platform' to enable JTA platform integration)
2026-07-19T18:30:29.014+05:30  INFO 26400 --- [param-mart] [restartedMain] j.LocalContainerEntityManagerFactoryBean : Initialized JPA EntityManagerFactory for persistence unit 'default'
2026-07-19T18:30:29.120+05:30 DEBUG 26400 --- [param-mart] [restartedMain] c.p.security.JwtAuthenticationFilter     : Filter 'jwtAuthenticationFilter' configured for use
2026-07-19T18:30:29.181+05:30  INFO 26400 --- [param-mart] [restartedMain] eAuthenticationProviderManagerConfigurer : Global AuthenticationManager configured with AuthenticationProvider bean with name authenticationProvider
2026-07-19T18:30:29.181+05:30  WARN 26400 --- [param-mart] [restartedMain] r$InitializeUserDetailsManagerConfigurer : Global AuthenticationManager configured with an AuthenticationProvider bean. UserDetailsService beans will not be used by Spring Security for automatically configuring username/password login. Consider removing the AuthenticationProvider bean. Alternatively, consider using the UserDetailsService in a manually instantiated DaoAuthenticationProvider. If the current configuration is intentional, to turn off this warning, increase the logging level of 'org.springframework.security.config.annotation.authentication.configuration.InitializeUserDetailsBeanManagerConfigurer' to ERROR
2026-07-19T18:30:29.431+05:30  WARN 26400 --- [param-mart] [restartedMain] JpaBaseConfiguration$JpaWebConfiguration : spring.jpa.open-in-view is enabled by default. Therefore, database queries may be performed during view rendering. Explicitly configure spring.jpa.open-in-view to disable this warning
2026-07-19T18:30:29.759+05:30  INFO 26400 --- [param-mart] [restartedMain] o.s.b.a.e.web.EndpointLinksResolver      : Exposing 1 endpoint beneath base path '/actuator'
2026-07-19T18:30:30.165+05:30  INFO 26400 --- [param-mart] [restartedMain] o.s.b.d.a.OptionalLiveReloadServer       : LiveReload server is running on port 35729
2026-07-19T18:30:30.231+05:30  INFO 26400 --- [param-mart] [restartedMain] o.s.b.w.embedded.tomcat.TomcatWebServer  : Tomcat started on port 8080 (http) with context path '/'
2026-07-19T18:30:30.253+05:30  INFO 26400 --- [param-mart] [restartedMain] com.parammart.ParamMartApplication       : Started ParamMartApplication in 2.65 seconds (process running for 4816.72)
2026-07-19T18:30:30.264+05:30  INFO 26400 --- [param-mart] [restartedMain] .ConditionEvaluationDeltaLoggingListener : Condition evaluation unchanged
2026-07-19T18:30:37.854+05:30  INFO 26400 --- [param-mart] [File Watcher] rtingClassPathChangeChangedEventListener : Restarting due to 1 class path change (0 additions, 0 deletions, 1 modification)
2026-07-19T18:30:37.861+05:30  INFO 26400 --- [param-mart] [Thread-282] o.s.b.w.e.tomcat.GracefulShutdown        : Commencing graceful shutdown. Waiting for active requests to complete
2026-07-19T18:30:37.867+05:30  INFO 26400 --- [param-mart] [tomcat-shutdown] o.s.b.w.e.tomcat.GracefulShutdown        : Graceful shutdown complete
2026-07-19T18:30:37.870+05:30  INFO 26400 --- [param-mart] [Thread-282] j.LocalContainerEntityManagerFactoryBean : Closing JPA EntityManagerFactory for persistence unit 'default'
2026-07-19T18:30:37.870+05:30  INFO 26400 --- [param-mart] [Thread-282] com.zaxxer.hikari.HikariDataSource       : HikariPool-69 - Shutdown initiated...
2026-07-19T18:30:37.875+05:30  INFO 26400 --- [param-mart] [Thread-282] com.zaxxer.hikari.HikariDataSource       : HikariPool-69 - Shutdown completed.
2026-07-19T18:30:38.023+05:30  INFO 26400 --- [param-mart] [restartedMain] com.parammart.ParamMartApplication       : Starting ParamMartApplication using Java 21.0.8 with PID 26400 (C:\Users\HP\Music\PramMart\param-mart\target\classes started by HP in C:\Users\HP\Music\PramMart\param-mart)
2026-07-19T18:30:38.023+05:30 DEBUG 26400 --- [param-mart] [restartedMain] com.parammart.ParamMartApplication       : Running with Spring Boot v3.5.0, Spring v6.2.7
2026-07-19T18:30:38.023+05:30  INFO 26400 --- [param-mart] [restartedMain] com.parammart.ParamMartApplication       : No active profile set, falling back to 1 default profile: "default"
2026-07-19T18:30:38.388+05:30  INFO 26400 --- [param-mart] [restartedMain] .s.d.r.c.RepositoryConfigurationDelegate : Bootstrapping Spring Data JPA repositories in DEFAULT mode.
2026-07-19T18:30:38.412+05:30  INFO 26400 --- [param-mart] [restartedMain] .s.d.r.c.RepositoryConfigurationDelegate : Finished Spring Data repository scanning in 22 ms. Found 4 JPA repository interfaces.
2026-07-19T18:30:38.530+05:30  INFO 26400 --- [param-mart] [restartedMain] o.s.b.w.embedded.tomcat.TomcatWebServer  : Tomcat initialized with port 8080 (http)
2026-07-19T18:30:38.531+05:30  INFO 26400 --- [param-mart] [restartedMain] o.apache.catalina.core.StandardService   : Starting service [Tomcat]
2026-07-19T18:30:38.531+05:30  INFO 26400 --- [param-mart] [restartedMain] o.apache.catalina.core.StandardEngine    : Starting Servlet engine: [Apache Tomcat/10.1.41]
2026-07-19T18:30:38.556+05:30  INFO 26400 --- [param-mart] [restartedMain] o.a.c.c.C.[Tomcat-1].[localhost].[/]     : Initializing Spring embedded WebApplicationContext
2026-07-19T18:30:38.556+05:30  INFO 26400 --- [param-mart] [restartedMain] w.s.c.ServletWebServerApplicationContext : Root WebApplicationContext: initialization completed in 526 ms
2026-07-19T18:30:38.625+05:30  INFO 26400 --- [param-mart] [restartedMain] o.hibernate.jpa.internal.util.LogHelper  : HHH000204: Processing PersistenceUnitInfo [name: default]
2026-07-19T18:30:38.626+05:30  INFO 26400 --- [param-mart] [restartedMain] o.h.c.internal.RegionFactoryInitiator    : HHH000026: Second-level cache disabled
2026-07-19T18:30:38.632+05:30  INFO 26400 --- [param-mart] [restartedMain] o.s.o.j.p.SpringPersistenceUnitInfo      : No LoadTimeWeaver setup: ignoring JPA class transformer
2026-07-19T18:30:38.633+05:30  INFO 26400 --- [param-mart] [restartedMain] com.zaxxer.hikari.HikariDataSource       : HikariPool-70 - Starting...
2026-07-19T18:30:38.639+05:30  INFO 26400 --- [param-mart] [restartedMain] com.zaxxer.hikari.pool.HikariPool        : HikariPool-70 - Added connection com.mysql.cj.jdbc.ConnectionImpl@55d855a2
2026-07-19T18:30:38.639+05:30  INFO 26400 --- [param-mart] [restartedMain] com.zaxxer.hikari.HikariDataSource       : HikariPool-70 - Start completed.
2026-07-19T18:30:38.640+05:30  WARN 26400 --- [param-mart] [restartedMain] org.hibernate.orm.deprecation            : HHH90000025: MySQLDialect does not need to be specified explicitly using 'hibernate.dialect' (remove the property setting and it will be selected by default)
2026-07-19T18:30:38.640+05:30  INFO 26400 --- [param-mart] [restartedMain] org.hibernate.orm.connections.pooling    : HHH10001005: Database info:
	Database JDBC URL [Connecting through datasource 'HikariDataSource (HikariPool-70)']
	Database driver: undefined/unknown
	Database version: 8.0.46
	Autocommit mode: undefined/unknown
	Isolation level: undefined/unknown
	Minimum pool size: undefined/unknown
	Maximum pool size: undefined/unknown
2026-07-19T18:30:38.710+05:30  INFO 26400 --- [param-mart] [restartedMain] o.h.e.t.j.p.i.JtaPlatformInitiator       : HHH000489: No JTA platform available (set 'hibernate.transaction.jta.platform' to enable JTA platform integration)
2026-07-19T18:30:38.753+05:30  INFO 26400 --- [param-mart] [restartedMain] j.LocalContainerEntityManagerFactoryBean : Initialized JPA EntityManagerFactory for persistence unit 'default'
2026-07-19T18:30:38.804+05:30 DEBUG 26400 --- [param-mart] [restartedMain] c.p.security.JwtAuthenticationFilter     : Filter 'jwtAuthenticationFilter' configured for use
2026-07-19T18:30:38.828+05:30  INFO 26400 --- [param-mart] [restartedMain] eAuthenticationProviderManagerConfigurer : Global AuthenticationManager configured with AuthenticationProvider bean with name authenticationProvider
2026-07-19T18:30:38.829+05:30  WARN 26400 --- [param-mart] [restartedMain] r$InitializeUserDetailsManagerConfigurer : Global AuthenticationManager configured with an AuthenticationProvider bean. UserDetailsService beans will not be used by Spring Security for automatically configuring username/password login. Consider removing the AuthenticationProvider bean. Alternatively, consider using the UserDetailsService in a manually instantiated DaoAuthenticationProvider. If the current configuration is intentional, to turn off this warning, increase the logging level of 'org.springframework.security.config.annotation.authentication.configuration.InitializeUserDetailsBeanManagerConfigurer' to ERROR
2026-07-19T18:30:38.932+05:30  WARN 26400 --- [param-mart] [restartedMain] JpaBaseConfiguration$JpaWebConfiguration : spring.jpa.open-in-view is enabled by default. Therefore, database queries may be performed during view rendering. Explicitly configure spring.jpa.open-in-view to disable this warning
2026-07-19T18:30:39.060+05:30  INFO 26400 --- [param-mart] [restartedMain] o.s.b.a.e.web.EndpointLinksResolver      : Exposing 1 endpoint beneath base path '/actuator'
2026-07-19T18:30:39.249+05:30  INFO 26400 --- [param-mart] [restartedMain] o.s.b.d.a.OptionalLiveReloadServer       : LiveReload server is running on port 35729
2026-07-19T18:30:39.267+05:30  INFO 26400 --- [param-mart] [restartedMain] o.s.b.w.embedded.tomcat.TomcatWebServer  : Tomcat started on port 8080 (http) with context path '/'
2026-07-19T18:30:39.275+05:30  INFO 26400 --- [param-mart] [restartedMain] com.parammart.ParamMartApplication       : Started ParamMartApplication in 1.293 seconds (process running for 4825.735)
2026-07-19T18:30:39.276+05:30  INFO 26400 --- [param-mart] [restartedMain] .ConditionEvaluationDeltaLoggingListener : Condition evaluation unchanged
2026-07-19T18:31:00.316+05:30  INFO 26400 --- [param-mart] [File Watcher] rtingClassPathChangeChangedEventListener : Restarting due to 1 class path change (0 additions, 0 deletions, 1 modification)
2026-07-19T18:31:00.316+05:30  INFO 26400 --- [param-mart] [Thread-286] o.s.b.w.e.tomcat.GracefulShutdown        : Commencing graceful shutdown. Waiting for active requests to complete
2026-07-19T18:31:00.415+05:30  INFO 26400 --- [param-mart] [tomcat-shutdown] o.s.b.w.e.tomcat.GracefulShutdown        : Graceful shutdown complete
2026-07-19T18:31:00.432+05:30  INFO 26400 --- [param-mart] [Thread-286] j.LocalContainerEntityManagerFactoryBean : Closing JPA EntityManagerFactory for persistence unit 'default'
2026-07-19T18:31:00.432+05:30  INFO 26400 --- [param-mart] [Thread-286] com.zaxxer.hikari.HikariDataSource       : HikariPool-70 - Shutdown initiated...
2026-07-19T18:31:00.432+05:30  INFO 26400 --- [param-mart] [Thread-286] com.zaxxer.hikari.HikariDataSource       : HikariPool-70 - Shutdown completed.
2026-07-19T18:31:00.734+05:30  INFO 26400 --- [param-mart] [restartedMain] com.parammart.ParamMartApplication       : Starting ParamMartApplication using Java 21.0.8 with PID 26400 (C:\Users\HP\Music\PramMart\param-mart\target\classes started by HP in C:\Users\HP\Music\PramMart\param-mart)
2026-07-19T18:31:00.735+05:30 DEBUG 26400 --- [param-mart] [restartedMain] com.parammart.ParamMartApplication       : Running with Spring Boot v3.5.0, Spring v6.2.7
2026-07-19T18:31:00.735+05:30  INFO 26400 --- [param-mart] [restartedMain] com.parammart.ParamMartApplication       : No active profile set, falling back to 1 default profile: "default"
2026-07-19T18:31:02.115+05:30  INFO 26400 --- [param-mart] [restartedMain] .s.d.r.c.RepositoryConfigurationDelegate : Bootstrapping Spring Data JPA repositories in DEFAULT mode.
2026-07-19T18:31:02.149+05:30  INFO 26400 --- [param-mart] [restartedMain] .s.d.r.c.RepositoryConfigurationDelegate : Finished Spring Data repository scanning in 31 ms. Found 4 JPA repository interfaces.
2026-07-19T18:31:02.366+05:30  INFO 26400 --- [param-mart] [restartedMain] o.s.b.w.embedded.tomcat.TomcatWebServer  : Tomcat initialized with port 8080 (http)
2026-07-19T18:31:02.366+05:30  INFO 26400 --- [param-mart] [restartedMain] o.apache.catalina.core.StandardService   : Starting service [Tomcat]
2026-07-19T18:31:02.366+05:30  INFO 26400 --- [param-mart] [restartedMain] o.apache.catalina.core.StandardEngine    : Starting Servlet engine: [Apache Tomcat/10.1.41]
2026-07-19T18:31:02.438+05:30  INFO 26400 --- [param-mart] [restartedMain] o.a.c.c.C.[Tomcat-1].[localhost].[/]     : Initializing Spring embedded WebApplicationContext
2026-07-19T18:31:02.438+05:30  INFO 26400 --- [param-mart] [restartedMain] w.s.c.ServletWebServerApplicationContext : Root WebApplicationContext: initialization completed in 1699 ms
2026-07-19T18:31:02.598+05:30  INFO 26400 --- [param-mart] [restartedMain] o.hibernate.jpa.internal.util.LogHelper  : HHH000204: Processing PersistenceUnitInfo [name: default]
2026-07-19T18:31:02.603+05:30  INFO 26400 --- [param-mart] [restartedMain] o.h.c.internal.RegionFactoryInitiator    : HHH000026: Second-level cache disabled
2026-07-19T18:31:02.616+05:30  INFO 26400 --- [param-mart] [restartedMain] o.s.o.j.p.SpringPersistenceUnitInfo      : No LoadTimeWeaver setup: ignoring JPA class transformer
2026-07-19T18:31:02.616+05:30  INFO 26400 --- [param-mart] [restartedMain] com.zaxxer.hikari.HikariDataSource       : HikariPool-71 - Starting...
2026-07-19T18:31:02.618+05:30  INFO 26400 --- [param-mart] [restartedMain] com.zaxxer.hikari.pool.HikariPool        : HikariPool-71 - Added connection com.mysql.cj.jdbc.ConnectionImpl@644f76de
2026-07-19T18:31:02.618+05:30  INFO 26400 --- [param-mart] [restartedMain] com.zaxxer.hikari.HikariDataSource       : HikariPool-71 - Start completed.
2026-07-19T18:31:02.664+05:30  INFO 26400 --- [param-mart] [restartedMain] org.hibernate.orm.connections.pooling    : HHH10001005: Database info:
	Database JDBC URL [Connecting through datasource 'HikariDataSource (HikariPool-71)']
	Database driver: undefined/unknown
	Database version: 8.0.46
	Autocommit mode: undefined/unknown
	Isolation level: undefined/unknown
	Minimum pool size: undefined/unknown
	Maximum pool size: undefined/unknown
2026-07-19T18:31:02.820+05:30  INFO 26400 --- [param-mart] [restartedMain] o.h.e.t.j.p.i.JtaPlatformInitiator       : HHH000489: No JTA platform available (set 'hibernate.transaction.jta.platform' to enable JTA platform integration)
2026-07-19T18:31:02.847+05:30  INFO 26400 --- [param-mart] [restartedMain] j.LocalContainerEntityManagerFactoryBean : Initialized JPA EntityManagerFactory for persistence unit 'default'
2026-07-19T18:31:02.967+05:30 DEBUG 26400 --- [param-mart] [restartedMain] c.p.security.JwtAuthenticationFilter     : Filter 'jwtAuthenticationFilter' configured for use
2026-07-19T18:31:03.014+05:30  INFO 26400 --- [param-mart] [restartedMain] eAuthenticationProviderManagerConfigurer : Global AuthenticationManager configured with AuthenticationProvider bean with name authenticationProvider
2026-07-19T18:31:03.014+05:30  WARN 26400 --- [param-mart] [restartedMain] r$InitializeUserDetailsManagerConfigurer : Global AuthenticationManager configured with an AuthenticationProvider bean. UserDetailsService beans will not be used by Spring Security for automatically configuring username/password login. Consider removing the AuthenticationProvider bean. Alternatively, consider using the UserDetailsService in a manually instantiated DaoAuthenticationProvider. If the current configuration is intentional, to turn off this warning, increase the logging level of 'org.springframework.security.config.annotation.authentication.configuration.InitializeUserDetailsBeanManagerConfigurer' to ERROR
2026-07-19T18:31:03.282+05:30  WARN 26400 --- [param-mart] [restartedMain] JpaBaseConfiguration$JpaWebConfiguration : spring.jpa.open-in-view is enabled by default. Therefore, database queries may be performed during view rendering. Explicitly configure spring.jpa.open-in-view to disable this warning
2026-07-19T18:31:03.629+05:30  INFO 26400 --- [param-mart] [restartedMain] o.s.b.a.e.web.EndpointLinksResolver      : Exposing 1 endpoint beneath base path '/actuator'
2026-07-19T18:31:04.214+05:30  INFO 26400 --- [param-mart] [restartedMain] o.s.b.d.a.OptionalLiveReloadServer       : LiveReload server is running on port 35729
2026-07-19T18:31:04.231+05:30  INFO 26400 --- [param-mart] [restartedMain] o.s.b.w.embedded.tomcat.TomcatWebServer  : Tomcat started on port 8080 (http) with context path '/'
2026-07-19T18:31:04.274+05:30  INFO 26400 --- [param-mart] [restartedMain] com.parammart.ParamMartApplication       : Started ParamMartApplication in 3.661 seconds (process running for 4850.735)
2026-07-19T18:31:04.276+05:30  INFO 26400 --- [param-mart] [restartedMain] .ConditionEvaluationDeltaLoggingListener : Condition evaluation unchanged
2026-07-19T18:31:34.410+05:30  INFO 26400 --- [param-mart] [File Watcher] rtingClassPathChangeChangedEventListener : Restarting due to 1 class path change (0 additions, 0 deletions, 1 modification)
2026-07-19T18:31:34.414+05:30  INFO 26400 --- [param-mart] [Thread-290] o.s.b.w.e.tomcat.GracefulShutdown        : Commencing graceful shutdown. Waiting for active requests to complete
2026-07-19T18:31:34.421+05:30  INFO 26400 --- [param-mart] [tomcat-shutdown] o.s.b.w.e.tomcat.GracefulShutdown        : Graceful shutdown complete
2026-07-19T18:31:34.426+05:30  INFO 26400 --- [param-mart] [Thread-290] j.LocalContainerEntityManagerFactoryBean : Closing JPA EntityManagerFactory for persistence unit 'default'
2026-07-19T18:31:34.427+05:30  INFO 26400 --- [param-mart] [Thread-290] com.zaxxer.hikari.HikariDataSource       : HikariPool-71 - Shutdown initiated...
2026-07-19T18:31:34.432+05:30  INFO 26400 --- [param-mart] [Thread-290] com.zaxxer.hikari.HikariDataSource       : HikariPool-71 - Shutdown completed.
2026-07-19T18:31:34.558+05:30  INFO 26400 --- [param-mart] [restartedMain] com.parammart.ParamMartApplication       : Starting ParamMartApplication using Java 21.0.8 with PID 26400 (C:\Users\HP\Music\PramMart\param-mart\target\classes started by HP in C:\Users\HP\Music\PramMart\param-mart)
2026-07-19T18:31:34.558+05:30 DEBUG 26400 --- [param-mart] [restartedMain] com.parammart.ParamMartApplication       : Running with Spring Boot v3.5.0, Spring v6.2.7
2026-07-19T18:31:34.558+05:30  INFO 26400 --- [param-mart] [restartedMain] com.parammart.ParamMartApplication       : No active profile set, falling back to 1 default profile: "default"
2026-07-19T18:31:34.810+05:30  INFO 26400 --- [param-mart] [restartedMain] .s.d.r.c.RepositoryConfigurationDelegate : Bootstrapping Spring Data JPA repositories in DEFAULT mode.
2026-07-19T18:31:34.824+05:30  INFO 26400 --- [param-mart] [restartedMain] .s.d.r.c.RepositoryConfigurationDelegate : Finished Spring Data repository scanning in 13 ms. Found 4 JPA repository interfaces.
2026-07-19T18:31:34.926+05:30  INFO 26400 --- [param-mart] [restartedMain] o.s.b.w.embedded.tomcat.TomcatWebServer  : Tomcat initialized with port 8080 (http)
2026-07-19T18:31:34.926+05:30  INFO 26400 --- [param-mart] [restartedMain] o.apache.catalina.core.StandardService   : Starting service [Tomcat]
2026-07-19T18:31:34.926+05:30  INFO 26400 --- [param-mart] [restartedMain] o.apache.catalina.core.StandardEngine    : Starting Servlet engine: [Apache Tomcat/10.1.41]
2026-07-19T18:31:34.948+05:30  INFO 26400 --- [param-mart] [restartedMain] o.a.c.c.C.[Tomcat-1].[localhost].[/]     : Initializing Spring embedded WebApplicationContext
2026-07-19T18:31:34.949+05:30  INFO 26400 --- [param-mart] [restartedMain] w.s.c.ServletWebServerApplicationContext : Root WebApplicationContext: initialization completed in 389 ms
2026-07-19T18:31:35.008+05:30  INFO 26400 --- [param-mart] [restartedMain] o.hibernate.jpa.internal.util.LogHelper  : HHH000204: Processing PersistenceUnitInfo [name: default]
2026-07-19T18:31:35.009+05:30  INFO 26400 --- [param-mart] [restartedMain] o.h.c.internal.RegionFactoryInitiator    : HHH000026: Second-level cache disabled
2026-07-19T18:31:35.015+05:30  INFO 26400 --- [param-mart] [restartedMain] o.s.o.j.p.SpringPersistenceUnitInfo      : No LoadTimeWeaver setup: ignoring JPA class transformer
2026-07-19T18:31:35.016+05:30  INFO 26400 --- [param-mart] [restartedMain] com.zaxxer.hikari.HikariDataSource       : HikariPool-72 - Starting...
2026-07-19T18:31:35.020+05:30  INFO 26400 --- [param-mart] [restartedMain] com.zaxxer.hikari.pool.HikariPool        : HikariPool-72 - Added connection com.mysql.cj.jdbc.ConnectionImpl@20515c1f
2026-07-19T18:31:35.020+05:30  INFO 26400 --- [param-mart] [restartedMain] com.zaxxer.hikari.HikariDataSource       : HikariPool-72 - Start completed.
2026-07-19T18:31:35.021+05:30  INFO 26400 --- [param-mart] [restartedMain] org.hibernate.orm.connections.pooling    : HHH10001005: Database info:
	Database JDBC URL [Connecting through datasource 'HikariDataSource (HikariPool-72)']
	Database driver: undefined/unknown
	Database version: 8.0.46
	Autocommit mode: undefined/unknown
	Isolation level: undefined/unknown
	Minimum pool size: undefined/unknown
	Maximum pool size: undefined/unknown
2026-07-19T18:31:35.095+05:30  INFO 26400 --- [param-mart] [restartedMain] o.h.e.t.j.p.i.JtaPlatformInitiator       : HHH000489: No JTA platform available (set 'hibernate.transaction.jta.platform' to enable JTA platform integration)
2026-07-19T18:31:35.133+05:30  INFO 26400 --- [param-mart] [restartedMain] j.LocalContainerEntityManagerFactoryBean : Initialized JPA EntityManagerFactory for persistence unit 'default'
2026-07-19T18:31:35.180+05:30 DEBUG 26400 --- [param-mart] [restartedMain] c.p.security.JwtAuthenticationFilter     : Filter 'jwtAuthenticationFilter' configured for use
2026-07-19T18:31:35.204+05:30  INFO 26400 --- [param-mart] [restartedMain] eAuthenticationProviderManagerConfigurer : Global AuthenticationManager configured with AuthenticationProvider bean with name authenticationProvider
2026-07-19T18:31:35.205+05:30  WARN 26400 --- [param-mart] [restartedMain] r$InitializeUserDetailsManagerConfigurer : Global AuthenticationManager configured with an AuthenticationProvider bean. UserDetailsService beans will not be used by Spring Security for automatically configuring username/password login. Consider removing the AuthenticationProvider bean. Alternatively, consider using the UserDetailsService in a manually instantiated DaoAuthenticationProvider. If the current configuration is intentional, to turn off this warning, increase the logging level of 'org.springframework.security.config.annotation.authentication.configuration.InitializeUserDetailsBeanManagerConfigurer' to ERROR
2026-07-19T18:31:35.305+05:30  WARN 26400 --- [param-mart] [restartedMain] JpaBaseConfiguration$JpaWebConfiguration : spring.jpa.open-in-view is enabled by default. Therefore, database queries may be performed during view rendering. Explicitly configure spring.jpa.open-in-view to disable this warning
2026-07-19T18:31:35.431+05:30  INFO 26400 --- [param-mart] [restartedMain] o.s.b.a.e.web.EndpointLinksResolver      : Exposing 1 endpoint beneath base path '/actuator'
2026-07-19T18:31:35.616+05:30  INFO 26400 --- [param-mart] [restartedMain] o.s.b.d.a.OptionalLiveReloadServer       : LiveReload server is running on port 35729
2026-07-19T18:31:35.630+05:30  INFO 26400 --- [param-mart] [restartedMain] o.s.b.w.embedded.tomcat.TomcatWebServer  : Tomcat started on port 8080 (http) with context path '/'
2026-07-19T18:31:35.634+05:30  INFO 26400 --- [param-mart] [restartedMain] com.parammart.ParamMartApplication       : Started ParamMartApplication in 1.118 seconds (process running for 4882.094)
2026-07-19T18:31:35.636+05:30  INFO 26400 --- [param-mart] [restartedMain] .ConditionEvaluationDeltaLoggingListener : Condition evaluation unchanged
2026-07-19T18:31:46.309+05:30  INFO 26400 --- [param-mart] [File Watcher] rtingClassPathChangeChangedEventListener : Restarting due to 1 class path change (0 additions, 0 deletions, 1 modification)
2026-07-19T18:31:46.310+05:30  INFO 26400 --- [param-mart] [Thread-294] o.s.b.w.e.tomcat.GracefulShutdown        : Commencing graceful shutdown. Waiting for active requests to complete
2026-07-19T18:31:46.315+05:30  INFO 26400 --- [param-mart] [tomcat-shutdown] o.s.b.w.e.tomcat.GracefulShutdown        : Graceful shutdown complete
2026-07-19T18:31:46.317+05:30  INFO 26400 --- [param-mart] [Thread-294] j.LocalContainerEntityManagerFactoryBean : Closing JPA EntityManagerFactory for persistence unit 'default'
2026-07-19T18:31:46.318+05:30  INFO 26400 --- [param-mart] [Thread-294] com.zaxxer.hikari.HikariDataSource       : HikariPool-72 - Shutdown initiated...
2026-07-19T18:31:46.319+05:30  INFO 26400 --- [param-mart] [Thread-294] com.zaxxer.hikari.HikariDataSource       : HikariPool-72 - Shutdown completed.
2026-07-19T18:31:46.427+05:30  INFO 26400 --- [param-mart] [restartedMain] com.parammart.ParamMartApplication       : Starting ParamMartApplication using Java 21.0.8 with PID 26400 (C:\Users\HP\Music\PramMart\param-mart\target\classes started by HP in C:\Users\HP\Music\PramMart\param-mart)
2026-07-19T18:31:46.427+05:30 DEBUG 26400 --- [param-mart] [restartedMain] com.parammart.ParamMartApplication       : Running with Spring Boot v3.5.0, Spring v6.2.7
2026-07-19T18:31:46.427+05:30  INFO 26400 --- [param-mart] [restartedMain] com.parammart.ParamMartApplication       : No active profile set, falling back to 1 default profile: "default"
2026-07-19T18:31:46.668+05:30  INFO 26400 --- [param-mart] [restartedMain] .s.d.r.c.RepositoryConfigurationDelegate : Bootstrapping Spring Data JPA repositories in DEFAULT mode.
2026-07-19T18:31:46.683+05:30  INFO 26400 --- [param-mart] [restartedMain] .s.d.r.c.RepositoryConfigurationDelegate : Finished Spring Data repository scanning in 13 ms. Found 4 JPA repository interfaces.
2026-07-19T18:31:46.775+05:30  INFO 26400 --- [param-mart] [restartedMain] o.s.b.w.embedded.tomcat.TomcatWebServer  : Tomcat initialized with port 8080 (http)
2026-07-19T18:31:46.775+05:30  INFO 26400 --- [param-mart] [restartedMain] o.apache.catalina.core.StandardService   : Starting service [Tomcat]
2026-07-19T18:31:46.775+05:30  INFO 26400 --- [param-mart] [restartedMain] o.apache.catalina.core.StandardEngine    : Starting Servlet engine: [Apache Tomcat/10.1.41]
2026-07-19T18:31:46.797+05:30  INFO 26400 --- [param-mart] [restartedMain] o.a.c.c.C.[Tomcat-1].[localhost].[/]     : Initializing Spring embedded WebApplicationContext
2026-07-19T18:31:46.797+05:30  INFO 26400 --- [param-mart] [restartedMain] w.s.c.ServletWebServerApplicationContext : Root WebApplicationContext: initialization completed in 369 ms
2026-07-19T18:31:46.851+05:30  INFO 26400 --- [param-mart] [restartedMain] o.hibernate.jpa.internal.util.LogHelper  : HHH000204: Processing PersistenceUnitInfo [name: default]
2026-07-19T18:31:46.852+05:30  INFO 26400 --- [param-mart] [restartedMain] o.h.c.internal.RegionFactoryInitiator    : HHH000026: Second-level cache disabled
2026-07-19T18:31:46.856+05:30  INFO 26400 --- [param-mart] [restartedMain] o.s.o.j.p.SpringPersistenceUnitInfo      : No LoadTimeWeaver setup: ignoring JPA class transformer
2026-07-19T18:31:46.856+05:30  INFO 26400 --- [param-mart] [restartedMain] com.zaxxer.hikari.HikariDataSource       : HikariPool-73 - Starting...
2026-07-19T18:31:46.860+05:30  INFO 26400 --- [param-mart] [restartedMain] com.zaxxer.hikari.pool.HikariPool        : HikariPool-73 - Added connection com.mysql.cj.jdbc.ConnectionImpl@7fb281e8
2026-07-19T18:31:46.860+05:30  INFO 26400 --- [param-mart] [restartedMain] com.zaxxer.hikari.HikariDataSource       : HikariPool-73 - Start completed.
2026-07-19T18:31:46.861+05:30  INFO 26400 --- [param-mart] [restartedMain] org.hibernate.orm.connections.pooling    : HHH10001005: Database info:
	Database JDBC URL [Connecting through datasource 'HikariDataSource (HikariPool-73)']
	Database driver: undefined/unknown
	Database version: 8.0.46
	Autocommit mode: undefined/unknown
	Isolation level: undefined/unknown
	Minimum pool size: undefined/unknown
	Maximum pool size: undefined/unknown
2026-07-19T18:31:46.948+05:30  INFO 26400 --- [param-mart] [restartedMain] o.h.e.t.j.p.i.JtaPlatformInitiator       : HHH000489: No JTA platform available (set 'hibernate.transaction.jta.platform' to enable JTA platform integration)
2026-07-19T18:31:46.972+05:30  INFO 26400 --- [param-mart] [restartedMain] j.LocalContainerEntityManagerFactoryBean : Initialized JPA EntityManagerFactory for persistence unit 'default'
2026-07-19T18:31:47.022+05:30 DEBUG 26400 --- [param-mart] [restartedMain] c.p.security.JwtAuthenticationFilter     : Filter 'jwtAuthenticationFilter' configured for use
2026-07-19T18:31:47.045+05:30  INFO 26400 --- [param-mart] [restartedMain] eAuthenticationProviderManagerConfigurer : Global AuthenticationManager configured with AuthenticationProvider bean with name authenticationProvider
2026-07-19T18:31:47.046+05:30  WARN 26400 --- [param-mart] [restartedMain] r$InitializeUserDetailsManagerConfigurer : Global AuthenticationManager configured with an AuthenticationProvider bean. UserDetailsService beans will not be used by Spring Security for automatically configuring username/password login. Consider removing the AuthenticationProvider bean. Alternatively, consider using the UserDetailsService in a manually instantiated DaoAuthenticationProvider. If the current configuration is intentional, to turn off this warning, increase the logging level of 'org.springframework.security.config.annotation.authentication.configuration.InitializeUserDetailsBeanManagerConfigurer' to ERROR
2026-07-19T18:31:47.223+05:30  WARN 26400 --- [param-mart] [restartedMain] JpaBaseConfiguration$JpaWebConfiguration : spring.jpa.open-in-view is enabled by default. Therefore, database queries may be performed during view rendering. Explicitly configure spring.jpa.open-in-view to disable this warning
2026-07-19T18:31:47.546+05:30  INFO 26400 --- [param-mart] [restartedMain] o.s.b.a.e.web.EndpointLinksResolver      : Exposing 1 endpoint beneath base path '/actuator'
2026-07-19T18:31:47.965+05:30  INFO 26400 --- [param-mart] [restartedMain] o.s.b.d.a.OptionalLiveReloadServer       : LiveReload server is running on port 35729
2026-07-19T18:31:47.996+05:30  INFO 26400 --- [param-mart] [restartedMain] o.s.b.w.embedded.tomcat.TomcatWebServer  : Tomcat started on port 8080 (http) with context path '/'
2026-07-19T18:31:48.032+05:30  INFO 26400 --- [param-mart] [restartedMain] com.parammart.ParamMartApplication       : Started ParamMartApplication in 1.639 seconds (process running for 4894.496)
2026-07-19T18:31:48.032+05:30  INFO 26400 --- [param-mart] [restartedMain] .ConditionEvaluationDeltaLoggingListener : Condition evaluation unchanged
2026-07-19T18:33:10.485+05:30  INFO 26400 --- [param-mart] [File Watcher] rtingClassPathChangeChangedEventListener : Restarting due to 1 class path change (0 additions, 0 deletions, 1 modification)
2026-07-19T18:33:10.487+05:30  INFO 26400 --- [param-mart] [Thread-298] o.s.b.w.e.tomcat.GracefulShutdown        : Commencing graceful shutdown. Waiting for active requests to complete
2026-07-19T18:33:10.491+05:30  INFO 26400 --- [param-mart] [tomcat-shutdown] o.s.b.w.e.tomcat.GracefulShutdown        : Graceful shutdown complete
2026-07-19T18:33:10.494+05:30  INFO 26400 --- [param-mart] [Thread-298] j.LocalContainerEntityManagerFactoryBean : Closing JPA EntityManagerFactory for persistence unit 'default'
2026-07-19T18:33:10.495+05:30  INFO 26400 --- [param-mart] [Thread-298] com.zaxxer.hikari.HikariDataSource       : HikariPool-73 - Shutdown initiated...
2026-07-19T18:33:10.497+05:30  INFO 26400 --- [param-mart] [Thread-298] com.zaxxer.hikari.HikariDataSource       : HikariPool-73 - Shutdown completed.
2026-07-19T18:33:10.653+05:30  INFO 26400 --- [param-mart] [restartedMain] com.parammart.ParamMartApplication       : Starting ParamMartApplication using Java 21.0.8 with PID 26400 (C:\Users\HP\Music\PramMart\param-mart\target\classes started by HP in C:\Users\HP\Music\PramMart\param-mart)
2026-07-19T18:33:10.653+05:30 DEBUG 26400 --- [param-mart] [restartedMain] com.parammart.ParamMartApplication       : Running with Spring Boot v3.5.0, Spring v6.2.7
2026-07-19T18:33:10.653+05:30  INFO 26400 --- [param-mart] [restartedMain] com.parammart.ParamMartApplication       : No active profile set, falling back to 1 default profile: "default"
2026-07-19T18:33:10.909+05:30  INFO 26400 --- [param-mart] [restartedMain] .s.d.r.c.RepositoryConfigurationDelegate : Bootstrapping Spring Data JPA repositories in DEFAULT mode.
2026-07-19T18:33:10.926+05:30  INFO 26400 --- [param-mart] [restartedMain] .s.d.r.c.RepositoryConfigurationDelegate : Finished Spring Data repository scanning in 16 ms. Found 4 JPA repository interfaces.
2026-07-19T18:33:11.033+05:30  INFO 26400 --- [param-mart] [restartedMain] o.s.b.w.embedded.tomcat.TomcatWebServer  : Tomcat initialized with port 8080 (http)
2026-07-19T18:33:11.034+05:30  INFO 26400 --- [param-mart] [restartedMain] o.apache.catalina.core.StandardService   : Starting service [Tomcat]
2026-07-19T18:33:11.034+05:30  INFO 26400 --- [param-mart] [restartedMain] o.apache.catalina.core.StandardEngine    : Starting Servlet engine: [Apache Tomcat/10.1.41]
2026-07-19T18:33:11.052+05:30  INFO 26400 --- [param-mart] [restartedMain] o.a.c.c.C.[Tomcat-1].[localhost].[/]     : Initializing Spring embedded WebApplicationContext
2026-07-19T18:33:11.052+05:30  INFO 26400 --- [param-mart] [restartedMain] w.s.c.ServletWebServerApplicationContext : Root WebApplicationContext: initialization completed in 397 ms
2026-07-19T18:33:11.122+05:30  INFO 26400 --- [param-mart] [restartedMain] o.hibernate.jpa.internal.util.LogHelper  : HHH000204: Processing PersistenceUnitInfo [name: default]
2026-07-19T18:33:11.125+05:30  INFO 26400 --- [param-mart] [restartedMain] o.h.c.internal.RegionFactoryInitiator    : HHH000026: Second-level cache disabled
2026-07-19T18:33:11.152+05:30  INFO 26400 --- [param-mart] [restartedMain] o.s.o.j.p.SpringPersistenceUnitInfo      : No LoadTimeWeaver setup: ignoring JPA class transformer
2026-07-19T18:33:11.153+05:30  INFO 26400 --- [param-mart] [restartedMain] com.zaxxer.hikari.HikariDataSource       : HikariPool-74 - Starting...
2026-07-19T18:33:11.160+05:30  INFO 26400 --- [param-mart] [restartedMain] com.zaxxer.hikari.pool.HikariPool        : HikariPool-74 - Added connection com.mysql.cj.jdbc.ConnectionImpl@1b2b9dca
2026-07-19T18:33:11.160+05:30  INFO 26400 --- [param-mart] [restartedMain] com.zaxxer.hikari.HikariDataSource       : HikariPool-74 - Start completed.
2026-07-19T18:33:11.162+05:30  INFO 26400 --- [param-mart] [restartedMain] org.hibernate.orm.connections.pooling    : HHH10001005: Database info:
	Database JDBC URL [Connecting through datasource 'HikariDataSource (HikariPool-74)']
	Database driver: undefined/unknown
	Database version: 8.0.46
	Autocommit mode: undefined/unknown
	Isolation level: undefined/unknown
	Minimum pool size: undefined/unknown
	Maximum pool size: undefined/unknown
2026-07-19T18:33:11.211+05:30  INFO 26400 --- [param-mart] [restartedMain] o.h.e.t.j.p.i.JtaPlatformInitiator       : HHH000489: No JTA platform available (set 'hibernate.transaction.jta.platform' to enable JTA platform integration)
2026-07-19T18:33:11.237+05:30  INFO 26400 --- [param-mart] [restartedMain] j.LocalContainerEntityManagerFactoryBean : Initialized JPA EntityManagerFactory for persistence unit 'default'
2026-07-19T18:33:11.286+05:30 DEBUG 26400 --- [param-mart] [restartedMain] c.p.security.JwtAuthenticationFilter     : Filter 'jwtAuthenticationFilter' configured for use
2026-07-19T18:33:11.310+05:30  INFO 26400 --- [param-mart] [restartedMain] eAuthenticationProviderManagerConfigurer : Global AuthenticationManager configured with AuthenticationProvider bean with name authenticationProvider
2026-07-19T18:33:11.310+05:30  WARN 26400 --- [param-mart] [restartedMain] r$InitializeUserDetailsManagerConfigurer : Global AuthenticationManager configured with an AuthenticationProvider bean. UserDetailsService beans will not be used by Spring Security for automatically configuring username/password login. Consider removing the AuthenticationProvider bean. Alternatively, consider using the UserDetailsService in a manually instantiated DaoAuthenticationProvider. If the current configuration is intentional, to turn off this warning, increase the logging level of 'org.springframework.security.config.annotation.authentication.configuration.InitializeUserDetailsBeanManagerConfigurer' to ERROR
2026-07-19T18:33:11.420+05:30  WARN 26400 --- [param-mart] [restartedMain] JpaBaseConfiguration$JpaWebConfiguration : spring.jpa.open-in-view is enabled by default. Therefore, database queries may be performed during view rendering. Explicitly configure spring.jpa.open-in-view to disable this warning
2026-07-19T18:33:11.553+05:30  INFO 26400 --- [param-mart] [restartedMain] o.s.b.a.e.web.EndpointLinksResolver      : Exposing 1 endpoint beneath base path '/actuator'
2026-07-19T18:33:11.739+05:30  INFO 26400 --- [param-mart] [restartedMain] o.s.b.d.a.OptionalLiveReloadServer       : LiveReload server is running on port 35729
2026-07-19T18:33:11.755+05:30  INFO 26400 --- [param-mart] [restartedMain] o.s.b.w.embedded.tomcat.TomcatWebServer  : Tomcat started on port 8080 (http) with context path '/'
2026-07-19T18:33:11.761+05:30  INFO 26400 --- [param-mart] [restartedMain] com.parammart.ParamMartApplication       : Started ParamMartApplication in 1.173 seconds (process running for 4978.221)
2026-07-19T18:33:11.764+05:30  INFO 26400 --- [param-mart] [restartedMain] .ConditionEvaluationDeltaLoggingListener : Condition evaluation unchanged
2026-07-19T18:33:18.337+05:30  INFO 26400 --- [param-mart] [File Watcher] rtingClassPathChangeChangedEventListener : Restarting due to 1 class path change (0 additions, 0 deletions, 1 modification)
2026-07-19T18:33:18.339+05:30  INFO 26400 --- [param-mart] [Thread-302] o.s.b.w.e.tomcat.GracefulShutdown        : Commencing graceful shutdown. Waiting for active requests to complete
2026-07-19T18:33:18.345+05:30  INFO 26400 --- [param-mart] [tomcat-shutdown] o.s.b.w.e.tomcat.GracefulShutdown        : Graceful shutdown complete
2026-07-19T18:33:18.352+05:30  INFO 26400 --- [param-mart] [Thread-302] j.LocalContainerEntityManagerFactoryBean : Closing JPA EntityManagerFactory for persistence unit 'default'
2026-07-19T18:33:18.353+05:30  INFO 26400 --- [param-mart] [Thread-302] com.zaxxer.hikari.HikariDataSource       : HikariPool-74 - Shutdown initiated...
2026-07-19T18:33:18.354+05:30  INFO 26400 --- [param-mart] [Thread-302] com.zaxxer.hikari.HikariDataSource       : HikariPool-74 - Shutdown completed.
2026-07-19T18:33:18.477+05:30  INFO 26400 --- [param-mart] [restartedMain] com.parammart.ParamMartApplication       : Starting ParamMartApplication using Java 21.0.8 with PID 26400 (C:\Users\HP\Music\PramMart\param-mart\target\classes started by HP in C:\Users\HP\Music\PramMart\param-mart)
2026-07-19T18:33:18.477+05:30 DEBUG 26400 --- [param-mart] [restartedMain] com.parammart.ParamMartApplication       : Running with Spring Boot v3.5.0, Spring v6.2.7
2026-07-19T18:33:18.477+05:30  INFO 26400 --- [param-mart] [restartedMain] com.parammart.ParamMartApplication       : No active profile set, falling back to 1 default profile: "default"
2026-07-19T18:33:18.700+05:30  INFO 26400 --- [param-mart] [restartedMain] .s.d.r.c.RepositoryConfigurationDelegate : Bootstrapping Spring Data JPA repositories in DEFAULT mode.
2026-07-19T18:33:18.718+05:30  INFO 26400 --- [param-mart] [restartedMain] .s.d.r.c.RepositoryConfigurationDelegate : Finished Spring Data repository scanning in 16 ms. Found 4 JPA repository interfaces.
2026-07-19T18:33:18.805+05:30  INFO 26400 --- [param-mart] [restartedMain] o.s.b.w.embedded.tomcat.TomcatWebServer  : Tomcat initialized with port 8080 (http)
2026-07-19T18:33:18.806+05:30  INFO 26400 --- [param-mart] [restartedMain] o.apache.catalina.core.StandardService   : Starting service [Tomcat]
2026-07-19T18:33:18.806+05:30  INFO 26400 --- [param-mart] [restartedMain] o.apache.catalina.core.StandardEngine    : Starting Servlet engine: [Apache Tomcat/10.1.41]
2026-07-19T18:33:18.829+05:30  INFO 26400 --- [param-mart] [restartedMain] o.a.c.c.C.[Tomcat-1].[localhost].[/]     : Initializing Spring embedded WebApplicationContext
2026-07-19T18:33:18.830+05:30  INFO 26400 --- [param-mart] [restartedMain] w.s.c.ServletWebServerApplicationContext : Root WebApplicationContext: initialization completed in 352 ms
2026-07-19T18:33:18.887+05:30  INFO 26400 --- [param-mart] [restartedMain] o.hibernate.jpa.internal.util.LogHelper  : HHH000204: Processing PersistenceUnitInfo [name: default]
2026-07-19T18:33:18.889+05:30  INFO 26400 --- [param-mart] [restartedMain] o.h.c.internal.RegionFactoryInitiator    : HHH000026: Second-level cache disabled
2026-07-19T18:33:18.893+05:30  INFO 26400 --- [param-mart] [restartedMain] o.s.o.j.p.SpringPersistenceUnitInfo      : No LoadTimeWeaver setup: ignoring JPA class transformer
2026-07-19T18:33:18.894+05:30  INFO 26400 --- [param-mart] [restartedMain] com.zaxxer.hikari.HikariDataSource       : HikariPool-75 - Starting...
2026-07-19T18:33:18.897+05:30  INFO 26400 --- [param-mart] [restartedMain] com.zaxxer.hikari.pool.HikariPool        : HikariPool-75 - Added connection com.mysql.cj.jdbc.ConnectionImpl@54925450
2026-07-19T18:33:18.899+05:30  INFO 26400 --- [param-mart] [restartedMain] com.zaxxer.hikari.HikariDataSource       : HikariPool-75 - Start completed.
2026-07-19T18:33:18.899+05:30  INFO 26400 --- [param-mart] [restartedMain] org.hibernate.orm.connections.pooling    : HHH10001005: Database info:
	Database JDBC URL [Connecting through datasource 'HikariDataSource (HikariPool-75)']
	Database driver: undefined/unknown
	Database version: 8.0.46
	Autocommit mode: undefined/unknown
	Isolation level: undefined/unknown
	Minimum pool size: undefined/unknown
	Maximum pool size: undefined/unknown
2026-07-19T18:33:18.966+05:30  INFO 26400 --- [param-mart] [restartedMain] o.h.e.t.j.p.i.JtaPlatformInitiator       : HHH000489: No JTA platform available (set 'hibernate.transaction.jta.platform' to enable JTA platform integration)
2026-07-19T18:33:18.999+05:30  INFO 26400 --- [param-mart] [restartedMain] j.LocalContainerEntityManagerFactoryBean : Initialized JPA EntityManagerFactory for persistence unit 'default'
2026-07-19T18:33:19.052+05:30 DEBUG 26400 --- [param-mart] [restartedMain] c.p.security.JwtAuthenticationFilter     : Filter 'jwtAuthenticationFilter' configured for use
2026-07-19T18:33:19.073+05:30  INFO 26400 --- [param-mart] [restartedMain] eAuthenticationProviderManagerConfigurer : Global AuthenticationManager configured with AuthenticationProvider bean with name authenticationProvider
2026-07-19T18:33:19.073+05:30  WARN 26400 --- [param-mart] [restartedMain] r$InitializeUserDetailsManagerConfigurer : Global AuthenticationManager configured with an AuthenticationProvider bean. UserDetailsService beans will not be used by Spring Security for automatically configuring username/password login. Consider removing the AuthenticationProvider bean. Alternatively, consider using the UserDetailsService in a manually instantiated DaoAuthenticationProvider. If the current configuration is intentional, to turn off this warning, increase the logging level of 'org.springframework.security.config.annotation.authentication.configuration.InitializeUserDetailsBeanManagerConfigurer' to ERROR
2026-07-19T18:33:19.171+05:30  WARN 26400 --- [param-mart] [restartedMain] JpaBaseConfiguration$JpaWebConfiguration : spring.jpa.open-in-view is enabled by default. Therefore, database queries may be performed during view rendering. Explicitly configure spring.jpa.open-in-view to disable this warning
2026-07-19T18:33:19.300+05:30  INFO 26400 --- [param-mart] [restartedMain] o.s.b.a.e.web.EndpointLinksResolver      : Exposing 1 endpoint beneath base path '/actuator'
2026-07-19T18:33:19.468+05:30  INFO 26400 --- [param-mart] [restartedMain] o.s.b.d.a.OptionalLiveReloadServer       : LiveReload server is running on port 35729
2026-07-19T18:33:19.487+05:30  INFO 26400 --- [param-mart] [restartedMain] o.s.b.w.embedded.tomcat.TomcatWebServer  : Tomcat started on port 8080 (http) with context path '/'
2026-07-19T18:33:19.493+05:30  INFO 26400 --- [param-mart] [restartedMain] com.parammart.ParamMartApplication       : Started ParamMartApplication in 1.061 seconds (process running for 4985.953)
2026-07-19T18:33:19.495+05:30  INFO 26400 --- [param-mart] [restartedMain] .ConditionEvaluationDeltaLoggingListener : Condition evaluation unchanged
2026-07-19T18:35:06.068+05:30  INFO 26400 --- [param-mart] [File Watcher] rtingClassPathChangeChangedEventListener : Restarting due to 1 class path change (0 additions, 0 deletions, 1 modification)
2026-07-19T18:35:06.075+05:30  INFO 26400 --- [param-mart] [Thread-306] o.s.b.w.e.tomcat.GracefulShutdown        : Commencing graceful shutdown. Waiting for active requests to complete
2026-07-19T18:35:06.080+05:30  INFO 26400 --- [param-mart] [tomcat-shutdown] o.s.b.w.e.tomcat.GracefulShutdown        : Graceful shutdown complete
2026-07-19T18:35:06.085+05:30  INFO 26400 --- [param-mart] [Thread-306] j.LocalContainerEntityManagerFactoryBean : Closing JPA EntityManagerFactory for persistence unit 'default'
2026-07-19T18:35:06.089+05:30  INFO 26400 --- [param-mart] [Thread-306] com.zaxxer.hikari.HikariDataSource       : HikariPool-75 - Shutdown initiated...
2026-07-19T18:35:06.092+05:30  INFO 26400 --- [param-mart] [Thread-306] com.zaxxer.hikari.HikariDataSource       : HikariPool-75 - Shutdown completed.
2026-07-19 18:35:06 INFO  com.parammart.ParamMartApplication - Starting ParamMartApplication using Java 21.0.8 with PID 26400 (C:\Users\HP\Music\PramMart\param-mart\target\classes started by HP in C:\Users\HP\Music\PramMart\param-mart)
2026-07-19 18:35:06 DEBUG com.parammart.ParamMartApplication - Running with Spring Boot v3.5.0, Spring v6.2.7
2026-07-19 18:35:06 INFO  com.parammart.ParamMartApplication - No active profile set, falling back to 1 default profile: "default"
2026-07-19 18:35:06 INFO  o.s.d.r.c.RepositoryConfigurationDelegate - Bootstrapping Spring Data JPA repositories in DEFAULT mode.
2026-07-19 18:35:06 INFO  o.s.d.r.c.RepositoryConfigurationDelegate - Finished Spring Data repository scanning in 17 ms. Found 4 JPA repository interfaces.
2026-07-19 18:35:06 INFO  o.s.b.w.e.tomcat.TomcatWebServer - Tomcat initialized with port 8080 (http)
2026-07-19 18:35:06 INFO  o.a.catalina.core.StandardService - Starting service [Tomcat]
2026-07-19 18:35:06 INFO  o.a.catalina.core.StandardEngine - Starting Servlet engine: [Apache Tomcat/10.1.41]
2026-07-19 18:35:06 INFO  o.a.c.c.C.[Tomcat-1].[localhost].[/] - Initializing Spring embedded WebApplicationContext
2026-07-19 18:35:06 INFO  o.s.b.w.s.c.ServletWebServerApplicationContext - Root WebApplicationContext: initialization completed in 459 ms
2026-07-19 18:35:06 INFO  o.h.jpa.internal.util.LogHelper - HHH000204: Processing PersistenceUnitInfo [name: default]
2026-07-19 18:35:06 INFO  o.h.c.i.RegionFactoryInitiator - HHH000026: Second-level cache disabled
2026-07-19 18:35:06 INFO  o.s.o.j.p.SpringPersistenceUnitInfo - No LoadTimeWeaver setup: ignoring JPA class transformer
2026-07-19 18:35:06 INFO  com.zaxxer.hikari.HikariDataSource - HikariPool-76 - Starting...
2026-07-19 18:35:06 INFO  com.zaxxer.hikari.pool.HikariPool - HikariPool-76 - Added connection com.mysql.cj.jdbc.ConnectionImpl@520445b
2026-07-19 18:35:06 INFO  com.zaxxer.hikari.HikariDataSource - HikariPool-76 - Start completed.
2026-07-19 18:35:06 INFO  o.hibernate.orm.connections.pooling - HHH10001005: Database info:
	Database JDBC URL [Connecting through datasource 'HikariDataSource (HikariPool-76)']
	Database driver: undefined/unknown
	Database version: 8.0.46
	Autocommit mode: undefined/unknown
	Isolation level: undefined/unknown
	Minimum pool size: undefined/unknown
	Maximum pool size: undefined/unknown
2026-07-19 18:35:07 INFO  o.h.e.t.j.p.i.JtaPlatformInitiator - HHH000489: No JTA platform available (set 'hibernate.transaction.jta.platform' to enable JTA platform integration)
2026-07-19 18:35:07 INFO  o.s.o.j.LocalContainerEntityManagerFactoryBean - Initialized JPA EntityManagerFactory for persistence unit 'default'
2026-07-19 18:35:07 DEBUG c.p.security.JwtAuthenticationFilter - Filter 'jwtAuthenticationFilter' configured for use
2026-07-19 18:35:07 INFO  o.s.s.c.a.a.c.InitializeAuthenticationProviderBeanManagerConfigurer$InitializeAuthenticationProviderManagerConfigurer - Global AuthenticationManager configured with AuthenticationProvider bean with name authenticationProvider
2026-07-19 18:35:07 WARN  o.s.s.c.a.a.c.InitializeUserDetailsBeanManagerConfigurer$InitializeUserDetailsManagerConfigurer - Global AuthenticationManager configured with an AuthenticationProvider bean. UserDetailsService beans will not be used by Spring Security for automatically configuring username/password login. Consider removing the AuthenticationProvider bean. Alternatively, consider using the UserDetailsService in a manually instantiated DaoAuthenticationProvider. If the current configuration is intentional, to turn off this warning, increase the logging level of 'org.springframework.security.config.annotation.authentication.configuration.InitializeUserDetailsBeanManagerConfigurer' to ERROR
2026-07-19 18:35:07 INFO  o.s.b.a.e.web.EndpointLinksResolver - Exposing 3 endpoints beneath base path '/actuator'
2026-07-19 18:35:07 INFO  o.s.b.d.a.OptionalLiveReloadServer - LiveReload server is running on port 35729
2026-07-19 18:35:07 INFO  o.s.b.w.e.tomcat.TomcatWebServer - Tomcat started on port 8080 (http) with context path '/'
2026-07-19 18:35:07 INFO  com.parammart.ParamMartApplication - Started ParamMartApplication in 1.339 seconds (process running for 5094.047)
2026-07-19 18:35:07 INFO  o.s.b.d.a.ConditionEvaluationDeltaLoggingListener - Condition evaluation delta:


==========================
CONDITION EVALUATION DELTA
==========================


Positive matches:
-----------------

    None


Negative matches:
-----------------

   JpaBaseConfiguration.JpaWebConfiguration:
      Did not match:
         - @ConditionalOnBooleanProperty (spring.jpa.open-in-view=true) found different value in property 'spring.jpa.open-in-view' (OnPropertyCondition)
      Matched:
         - @ConditionalOnClass found required class 'org.springframework.web.servlet.config.annotation.WebMvcConfigurer' (OnClassCondition)
         - found 'session' scope (OnWebApplicationCondition)


Exclusions:
-----------

    None


Unconditional classes:
----------------------

    None



2026-07-19 18:50:09 INFO  o.s.b.a.SpringApplicationAdminMXBeanRegistrar$SpringApplicationAdmin - Application shutdown requested.
2026-07-19 18:50:09 INFO  o.s.b.w.e.tomcat.GracefulShutdown - Commencing graceful shutdown. Waiting for active requests to complete
2026-07-19 18:50:09 INFO  o.s.b.w.e.tomcat.GracefulShutdown - Graceful shutdown complete
2026-07-19 18:50:09 INFO  o.s.o.j.LocalContainerEntityManagerFactoryBean - Closing JPA EntityManagerFactory for persistence unit 'default'
2026-07-19 18:50:09 INFO  com.zaxxer.hikari.HikariDataSource - HikariPool-76 - Shutdown initiated...
2026-07-19 18:50:09 INFO  com.zaxxer.hikari.HikariDataSource - HikariPool-76 - Shutdown completed.
2026-07-19 21:02:45 INFO  com.parammart.ParamMartApplication - Starting ParamMartApplication using Java 21.0.8 with PID 15728 (C:\Users\HP\Music\PramMart\param-mart\target\classes started by HP in C:\Users\HP\Music\PramMart\param-mart)
2026-07-19 21:02:45 DEBUG com.parammart.ParamMartApplication - Running with Spring Boot v3.5.0, Spring v6.2.7
2026-07-19 21:02:45 INFO  com.parammart.ParamMartApplication - No active profile set, falling back to 1 default profile: "default"
2026-07-19 21:02:45 INFO  o.s.b.d.e.DevToolsPropertyDefaultsPostProcessor - Devtools property defaults active! Set 'spring.devtools.add-properties' to 'false' to disable
2026-07-19 21:02:45 INFO  o.s.b.d.e.DevToolsPropertyDefaultsPostProcessor - For additional web related logging consider setting the 'logging.level.web' property to 'DEBUG'
2026-07-19 21:02:48 INFO  o.s.d.r.c.RepositoryConfigurationDelegate - Bootstrapping Spring Data JPA repositories in DEFAULT mode.
2026-07-19 21:02:48 INFO  o.s.d.r.c.RepositoryConfigurationDelegate - Finished Spring Data repository scanning in 70 ms. Found 5 JPA repository interfaces.
2026-07-19 21:02:49 INFO  o.s.b.w.e.tomcat.TomcatWebServer - Tomcat initialized with port 8080 (http)
2026-07-19 21:02:49 INFO  o.a.catalina.core.StandardService - Starting service [Tomcat]
2026-07-19 21:02:49 INFO  o.a.catalina.core.StandardEngine - Starting Servlet engine: [Apache Tomcat/10.1.41]
2026-07-19 21:02:49 INFO  o.a.c.c.C.[Tomcat].[localhost].[/] - Initializing Spring embedded WebApplicationContext
2026-07-19 21:02:49 INFO  o.s.b.w.s.c.ServletWebServerApplicationContext - Root WebApplicationContext: initialization completed in 3537 ms
2026-07-19 21:02:49 INFO  o.h.jpa.internal.util.LogHelper - HHH000204: Processing PersistenceUnitInfo [name: default]
2026-07-19 21:02:49 INFO  org.hibernate.Version - HHH000412: Hibernate ORM core version 6.6.15.Final
2026-07-19 21:02:49 INFO  o.h.c.i.RegionFactoryInitiator - HHH000026: Second-level cache disabled
2026-07-19 21:02:50 INFO  o.s.o.j.p.SpringPersistenceUnitInfo - No LoadTimeWeaver setup: ignoring JPA class transformer
2026-07-19 21:02:50 INFO  com.zaxxer.hikari.HikariDataSource - HikariPool-1 - Starting...
2026-07-19 21:02:50 INFO  com.zaxxer.hikari.pool.HikariPool - HikariPool-1 - Added connection com.mysql.cj.jdbc.ConnectionImpl@204adc2f
2026-07-19 21:02:50 INFO  com.zaxxer.hikari.HikariDataSource - HikariPool-1 - Start completed.
2026-07-19 21:02:50 INFO  o.hibernate.orm.connections.pooling - HHH10001005: Database info:
	Database JDBC URL [Connecting through datasource 'HikariDataSource (HikariPool-1)']
	Database driver: undefined/unknown
	Database version: 8.0.46
	Autocommit mode: undefined/unknown
	Isolation level: undefined/unknown
	Minimum pool size: undefined/unknown
	Maximum pool size: undefined/unknown
2026-07-19 21:02:51 INFO  o.h.e.t.j.p.i.JtaPlatformInitiator - HHH000489: No JTA platform available (set 'hibernate.transaction.jta.platform' to enable JTA platform integration)
2026-07-19 21:02:51 DEBUG org.hibernate.SQL - 
    create table inventory (
        id bigint not null auto_increment,
        active bit not null,
        available_stock integer not null,
        created_at datetime(6),
        maximum_stock integer not null,
        minimum_stock integer not null,
        reserved_stock integer not null,
        updated_at datetime(6),
        warehouse_location varchar(100),
        product_id bigint not null,
        primary key (id)
    ) engine=InnoDB
2026-07-19 21:02:51 DEBUG org.hibernate.SQL - 
    alter table inventory 
       drop index UKce3rbi3bfstbvvyne34c1dvyv
2026-07-19 21:02:51 DEBUG org.hibernate.SQL - 
    alter table inventory 
       add constraint UKce3rbi3bfstbvvyne34c1dvyv unique (product_id)
2026-07-19 21:02:51 DEBUG org.hibernate.SQL - 
    alter table inventory 
       add constraint FKq2yge7ebtfuvwufr6lwfwqy9l 
       foreign key (product_id) 
       references products (id)
2026-07-19 21:02:52 INFO  o.s.o.j.LocalContainerEntityManagerFactoryBean - Initialized JPA EntityManagerFactory for persistence unit 'default'
2026-07-19 21:02:52 DEBUG c.p.security.JwtAuthenticationFilter - Filter 'jwtAuthenticationFilter' configured for use
2026-07-19 21:02:52 INFO  o.s.s.c.a.a.c.InitializeAuthenticationProviderBeanManagerConfigurer$InitializeAuthenticationProviderManagerConfigurer - Global AuthenticationManager configured with AuthenticationProvider bean with name authenticationProvider
2026-07-19 21:02:52 WARN  o.s.s.c.a.a.c.InitializeUserDetailsBeanManagerConfigurer$InitializeUserDetailsManagerConfigurer - Global AuthenticationManager configured with an AuthenticationProvider bean. UserDetailsService beans will not be used by Spring Security for automatically configuring username/password login. Consider removing the AuthenticationProvider bean. Alternatively, consider using the UserDetailsService in a manually instantiated DaoAuthenticationProvider. If the current configuration is intentional, to turn off this warning, increase the logging level of 'org.springframework.security.config.annotation.authentication.configuration.InitializeUserDetailsBeanManagerConfigurer' to ERROR
2026-07-19 21:02:54 INFO  o.s.b.a.e.web.EndpointLinksResolver - Exposing 3 endpoints beneath base path '/actuator'
2026-07-19 21:02:54 INFO  o.s.b.d.a.OptionalLiveReloadServer - LiveReload server is running on port 35729
2026-07-19 21:02:54 INFO  o.s.b.w.e.tomcat.TomcatWebServer - Tomcat started on port 8080 (http) with context path '/'
2026-07-19 21:02:54 INFO  com.parammart.ParamMartApplication - Started ParamMartApplication in 9.612 seconds (process running for 10.31)
2026-07-19 21:02:55 INFO  o.a.c.c.C.[Tomcat].[localhost].[/] - Initializing Spring DispatcherServlet 'dispatcherServlet'
2026-07-19 21:02:55 INFO  o.s.web.servlet.DispatcherServlet - Initializing Servlet 'dispatcherServlet'
2026-07-19 21:02:55 INFO  o.s.web.servlet.DispatcherServlet - Completed initialization in 1 ms
2026-07-19 21:03:03 INFO  o.s.api.AbstractOpenApiResource - Init duration for springdoc-openapi is: 1015 ms
2026-07-19 21:04:26 DEBUG org.hibernate.SQL - 
    select
        u1_0.id,
        u1_0.account_expired,
        u1_0.account_locked,
        u1_0.created_at,
        u1_0.credentials_expired,
        u1_0.email,
        u1_0.enabled,
        u1_0.first_name,
        u1_0.last_name,
        u1_0.mobile,
        u1_0.password,
        u1_0.role,
        u1_0.updated_at 
    from
        users u1_0 
    where
        u1_0.email=?
2026-07-19 21:04:26 TRACE org.hibernate.orm.jdbc.bind - binding parameter (1:VARCHAR) <- [pramendra10000@gmail.com]
2026-07-19 21:04:26 DEBUG org.hibernate.SQL - 
    select
        u1_0.id,
        u1_0.account_expired,
        u1_0.account_locked,
        u1_0.created_at,
        u1_0.credentials_expired,
        u1_0.email,
        u1_0.enabled,
        u1_0.first_name,
        u1_0.last_name,
        u1_0.mobile,
        u1_0.password,
        u1_0.role,
        u1_0.updated_at 
    from
        users u1_0 
    where
        u1_0.email=?
2026-07-19 21:04:26 TRACE org.hibernate.orm.jdbc.bind - binding parameter (1:VARCHAR) <- [pramendra10000@gmail.com]
2026-07-19 21:06:45 DEBUG org.hibernate.SQL - 
    select
        u1_0.id,
        u1_0.account_expired,
        u1_0.account_locked,
        u1_0.created_at,
        u1_0.credentials_expired,
        u1_0.email,
        u1_0.enabled,
        u1_0.first_name,
        u1_0.last_name,
        u1_0.mobile,
        u1_0.password,
        u1_0.role,
        u1_0.updated_at 
    from
        users u1_0 
    where
        u1_0.email=?
2026-07-19 21:06:45 TRACE org.hibernate.orm.jdbc.bind - binding parameter (1:VARCHAR) <- [pramendra10000@gmail.com]
2026-07-19 21:06:45 DEBUG org.hibernate.SQL - 
    select
        i1_0.id,
        i1_0.active,
        i1_0.available_stock,
        i1_0.created_at,
        i1_0.maximum_stock,
        i1_0.minimum_stock,
        i1_0.product_id,
        i1_0.reserved_stock,
        i1_0.updated_at,
        i1_0.warehouse_location 
    from
        inventory i1_0 
    where
        i1_0.id=?
2026-07-19 21:06:45 TRACE org.hibernate.orm.jdbc.bind - binding parameter (1:BIGINT) <- [1]
2026-07-19 21:06:45 WARN  o.s.w.s.m.m.a.ExceptionHandlerExceptionResolver - Resolved [com.parammart.exception.ResourceNotFoundException: Inventory not found]
2026-07-19 21:08:42 INFO  o.s.b.d.a.LocalDevToolsAutoConfiguration$RestartingClassPathChangeChangedEventListener - Restarting due to 1 class path change (1 addition, 0 deletions, 0 modifications)
2026-07-19 21:08:42 INFO  o.s.b.w.e.tomcat.GracefulShutdown - Commencing graceful shutdown. Waiting for active requests to complete
2026-07-19 21:08:42 INFO  o.s.b.w.e.tomcat.GracefulShutdown - Graceful shutdown complete
2026-07-19 21:08:43 INFO  o.s.o.j.LocalContainerEntityManagerFactoryBean - Closing JPA EntityManagerFactory for persistence unit 'default'
2026-07-19 21:08:43 INFO  com.zaxxer.hikari.HikariDataSource - HikariPool-1 - Shutdown initiated...
2026-07-19 21:08:43 INFO  com.zaxxer.hikari.HikariDataSource - HikariPool-1 - Shutdown completed.
2026-07-19 21:08:43 INFO  com.parammart.ParamMartApplication - Starting ParamMartApplication using Java 21.0.8 with PID 15728 (C:\Users\HP\Music\PramMart\param-mart\target\classes started by HP in C:\Users\HP\Music\PramMart\param-mart)
2026-07-19 21:08:43 DEBUG com.parammart.ParamMartApplication - Running with Spring Boot v3.5.0, Spring v6.2.7
2026-07-19 21:08:43 INFO  com.parammart.ParamMartApplication - No active profile set, falling back to 1 default profile: "default"
2026-07-19 21:08:44 INFO  o.s.d.r.c.RepositoryConfigurationDelegate - Bootstrapping Spring Data JPA repositories in DEFAULT mode.
2026-07-19 21:08:44 INFO  o.s.d.r.c.RepositoryConfigurationDelegate - Finished Spring Data repository scanning in 19 ms. Found 5 JPA repository interfaces.
2026-07-19 21:08:44 INFO  o.s.b.w.e.tomcat.TomcatWebServer - Tomcat initialized with port 8080 (http)
2026-07-19 21:08:44 INFO  o.a.catalina.core.StandardService - Starting service [Tomcat]
2026-07-19 21:08:44 INFO  o.a.catalina.core.StandardEngine - Starting Servlet engine: [Apache Tomcat/10.1.41]
2026-07-19 21:08:44 INFO  o.a.c.c.C.[Tomcat].[localhost].[/] - Initializing Spring embedded WebApplicationContext
2026-07-19 21:08:44 INFO  o.s.b.w.s.c.ServletWebServerApplicationContext - Root WebApplicationContext: initialization completed in 892 ms
2026-07-19 21:08:44 INFO  o.h.jpa.internal.util.LogHelper - HHH000204: Processing PersistenceUnitInfo [name: default]
2026-07-19 21:08:44 INFO  o.h.c.i.RegionFactoryInitiator - HHH000026: Second-level cache disabled
2026-07-19 21:08:44 INFO  o.s.o.j.p.SpringPersistenceUnitInfo - No LoadTimeWeaver setup: ignoring JPA class transformer
2026-07-19 21:08:44 INFO  com.zaxxer.hikari.HikariDataSource - HikariPool-2 - Starting...
2026-07-19 21:08:44 INFO  com.zaxxer.hikari.pool.HikariPool - HikariPool-2 - Added connection com.mysql.cj.jdbc.ConnectionImpl@788765b
2026-07-19 21:08:44 INFO  com.zaxxer.hikari.HikariDataSource - HikariPool-2 - Start completed.
2026-07-19 21:08:44 INFO  o.hibernate.orm.connections.pooling - HHH10001005: Database info:
	Database JDBC URL [Connecting through datasource 'HikariDataSource (HikariPool-2)']
	Database driver: undefined/unknown
	Database version: 8.0.46
	Autocommit mode: undefined/unknown
	Isolation level: undefined/unknown
	Minimum pool size: undefined/unknown
	Maximum pool size: undefined/unknown
2026-07-19 21:08:44 INFO  o.h.e.t.j.p.i.JtaPlatformInitiator - HHH000489: No JTA platform available (set 'hibernate.transaction.jta.platform' to enable JTA platform integration)
2026-07-19 21:08:44 INFO  o.s.o.j.LocalContainerEntityManagerFactoryBean - Initialized JPA EntityManagerFactory for persistence unit 'default'
2026-07-19 21:08:45 DEBUG c.p.security.JwtAuthenticationFilter - Filter 'jwtAuthenticationFilter' configured for use
2026-07-19 21:08:45 INFO  o.s.s.c.a.a.c.InitializeAuthenticationProviderBeanManagerConfigurer$InitializeAuthenticationProviderManagerConfigurer - Global AuthenticationManager configured with AuthenticationProvider bean with name authenticationProvider
2026-07-19 21:08:45 WARN  o.s.s.c.a.a.c.InitializeUserDetailsBeanManagerConfigurer$InitializeUserDetailsManagerConfigurer - Global AuthenticationManager configured with an AuthenticationProvider bean. UserDetailsService beans will not be used by Spring Security for automatically configuring username/password login. Consider removing the AuthenticationProvider bean. Alternatively, consider using the UserDetailsService in a manually instantiated DaoAuthenticationProvider. If the current configuration is intentional, to turn off this warning, increase the logging level of 'org.springframework.security.config.annotation.authentication.configuration.InitializeUserDetailsBeanManagerConfigurer' to ERROR
2026-07-19 21:08:45 INFO  o.s.b.a.e.web.EndpointLinksResolver - Exposing 3 endpoints beneath base path '/actuator'
2026-07-19 21:08:45 INFO  o.s.b.d.a.OptionalLiveReloadServer - LiveReload server is running on port 35729
2026-07-19 21:08:45 INFO  o.s.b.w.e.tomcat.TomcatWebServer - Tomcat started on port 8080 (http) with context path '/'
2026-07-19 21:08:45 INFO  com.parammart.ParamMartApplication - Started ParamMartApplication in 2.259 seconds (process running for 361.193)
2026-07-19 21:08:45 INFO  o.s.b.d.a.ConditionEvaluationDeltaLoggingListener - Condition evaluation unchanged
2026-07-19 21:08:49 INFO  o.s.b.d.a.LocalDevToolsAutoConfiguration$RestartingClassPathChangeChangedEventListener - Restarting due to 5 class path changes (1 addition, 1 deletion, 3 modifications)
2026-07-19 21:08:49 INFO  o.s.b.w.e.tomcat.GracefulShutdown - Commencing graceful shutdown. Waiting for active requests to complete
2026-07-19 21:08:49 INFO  o.s.b.w.e.tomcat.GracefulShutdown - Graceful shutdown complete
2026-07-19 21:08:49 INFO  o.s.o.j.LocalContainerEntityManagerFactoryBean - Closing JPA EntityManagerFactory for persistence unit 'default'
2026-07-19 21:08:49 INFO  com.zaxxer.hikari.HikariDataSource - HikariPool-2 - Shutdown initiated...
2026-07-19 21:08:49 INFO  com.zaxxer.hikari.HikariDataSource - HikariPool-2 - Shutdown completed.
2026-07-19 21:08:49 INFO  com.parammart.ParamMartApplication - Starting ParamMartApplication using Java 21.0.8 with PID 15728 (C:\Users\HP\Music\PramMart\param-mart\target\classes started by HP in C:\Users\HP\Music\PramMart\param-mart)
2026-07-19 21:08:49 DEBUG com.parammart.ParamMartApplication - Running with Spring Boot v3.5.0, Spring v6.2.7
2026-07-19 21:08:49 INFO  com.parammart.ParamMartApplication - No active profile set, falling back to 1 default profile: "default"
2026-07-19 21:08:49 INFO  o.s.d.r.c.RepositoryConfigurationDelegate - Bootstrapping Spring Data JPA repositories in DEFAULT mode.
2026-07-19 21:08:49 INFO  o.s.d.r.c.RepositoryConfigurationDelegate - Finished Spring Data repository scanning in 20 ms. Found 5 JPA repository interfaces.
2026-07-19 21:08:49 INFO  o.s.b.w.e.tomcat.TomcatWebServer - Tomcat initialized with port 8080 (http)
2026-07-19 21:08:49 INFO  o.a.catalina.core.StandardService - Starting service [Tomcat]
2026-07-19 21:08:49 INFO  o.a.catalina.core.StandardEngine - Starting Servlet engine: [Apache Tomcat/10.1.41]
2026-07-19 21:08:49 INFO  o.a.c.c.C.[Tomcat].[localhost].[/] - Initializing Spring embedded WebApplicationContext
2026-07-19 21:08:49 INFO  o.s.b.w.s.c.ServletWebServerApplicationContext - Root WebApplicationContext: initialization completed in 455 ms
2026-07-19 21:08:49 INFO  o.h.jpa.internal.util.LogHelper - HHH000204: Processing PersistenceUnitInfo [name: default]
2026-07-19 21:08:49 INFO  o.h.c.i.RegionFactoryInitiator - HHH000026: Second-level cache disabled
2026-07-19 21:08:49 INFO  o.s.o.j.p.SpringPersistenceUnitInfo - No LoadTimeWeaver setup: ignoring JPA class transformer
2026-07-19 21:08:49 INFO  com.zaxxer.hikari.HikariDataSource - HikariPool-3 - Starting...
2026-07-19 21:08:49 INFO  com.zaxxer.hikari.pool.HikariPool - HikariPool-3 - Added connection com.mysql.cj.jdbc.ConnectionImpl@6c4e4e39
2026-07-19 21:08:49 INFO  com.zaxxer.hikari.HikariDataSource - HikariPool-3 - Start completed.
2026-07-19 21:08:49 INFO  o.hibernate.orm.connections.pooling - HHH10001005: Database info:
	Database JDBC URL [Connecting through datasource 'HikariDataSource (HikariPool-3)']
	Database driver: undefined/unknown
	Database version: 8.0.46
	Autocommit mode: undefined/unknown
	Isolation level: undefined/unknown
	Minimum pool size: undefined/unknown
	Maximum pool size: undefined/unknown
2026-07-19 21:08:49 ERROR o.s.b.w.e.tomcat.TomcatStarter - Error starting Tomcat context. Exception: org.springframework.beans.factory.UnsatisfiedDependencyException. Message: Error creating bean with name 'jwtAuthenticationFilter' defined in file [C:\Users\HP\Music\PramMart\param-mart\target\classes\com\parammart\security\JwtAuthenticationFilter.class]: Unsatisfied dependency expressed through constructor parameter 1: Error creating bean with name 'customUserDetailsService' defined in file [C:\Users\HP\Music\PramMart\param-mart\target\classes\com\parammart\security\CustomUserDetailsService.class]: Unsatisfied dependency expressed through constructor parameter 0: Error creating bean with name 'userRepository' defined in com.parammart.repository.UserRepository defined in @EnableJpaRepositories declared on JpaRepositoriesRegistrar.EnableJpaRepositoriesConfiguration: Cannot resolve reference to bean 'jpaSharedEM_entityManagerFactory' while setting bean property 'entityManager'
2026-07-19 21:08:49 INFO  o.a.catalina.core.StandardService - Stopping service [Tomcat]
2026-07-19 21:08:49 WARN  o.a.c.loader.WebappClassLoaderBase - The web application [ROOT] appears to have started a thread named [HikariPool-3:housekeeper] but has failed to stop it. This is very likely to create a memory leak. Stack trace of thread:
 java.base/jdk.internal.misc.Unsafe.park(Native Method)
 java.base/java.util.concurrent.locks.LockSupport.parkNanos(LockSupport.java:269)
 java.base/java.util.concurrent.locks.AbstractQueuedSynchronizer$ConditionObject.awaitNanos(AbstractQueuedSynchronizer.java:1763)
 java.base/java.util.concurrent.ScheduledThreadPoolExecutor$DelayedWorkQueue.take(ScheduledThreadPoolExecutor.java:1182)
 java.base/java.util.concurrent.ScheduledThreadPoolExecutor$DelayedWorkQueue.take(ScheduledThreadPoolExecutor.java:899)
 java.base/java.util.concurrent.ThreadPoolExecutor.getTask(ThreadPoolExecutor.java:1070)
 java.base/java.util.concurrent.ThreadPoolExecutor.runWorker(ThreadPoolExecutor.java:1130)
 java.base/java.util.concurrent.ThreadPoolExecutor$Worker.run(ThreadPoolExecutor.java:642)
 java.base/java.lang.Thread.run(Thread.java:1583)
2026-07-19 21:08:49 WARN  o.s.b.w.s.c.AnnotationConfigServletWebServerApplicationContext - Exception encountered during context initialization - cancelling refresh attempt: org.springframework.context.ApplicationContextException: Unable to start web server
2026-07-19 21:08:49 INFO  com.zaxxer.hikari.HikariDataSource - HikariPool-3 - Shutdown initiated...
2026-07-19 21:08:49 INFO  com.zaxxer.hikari.HikariDataSource - HikariPool-3 - Shutdown completed.
2026-07-19 21:08:49 INFO  o.s.b.a.l.ConditionEvaluationReportLogger - 

Error starting ApplicationContext. To display the condition evaluation report re-run your application with 'debug' enabled.
2026-07-19 21:08:49 ERROR o.s.boot.SpringApplication - Application run failed
org.springframework.context.ApplicationContextException: Unable to start web server
	at org.springframework.boot.web.servlet.context.ServletWebServerApplicationContext.onRefresh(ServletWebServerApplicationContext.java:170) ~[spring-boot-3.5.0.jar:3.5.0]
	at org.springframework.context.support.AbstractApplicationContext.refresh(AbstractApplicationContext.java:621) ~[spring-context-6.2.7.jar:6.2.7]
	at org.springframework.boot.web.servlet.context.ServletWebServerApplicationContext.refresh(ServletWebServerApplicationContext.java:146) ~[spring-boot-3.5.0.jar:3.5.0]
	at org.springframework.boot.SpringApplication.refresh(SpringApplication.java:753) ~[spring-boot-3.5.0.jar:3.5.0]
	at org.springframework.boot.SpringApplication.refreshContext(SpringApplication.java:439) ~[spring-boot-3.5.0.jar:3.5.0]
	at org.springframework.boot.SpringApplication.run(SpringApplication.java:318) ~[spring-boot-3.5.0.jar:3.5.0]
	at org.springframework.boot.SpringApplication.run(SpringApplication.java:1362) ~[spring-boot-3.5.0.jar:3.5.0]
	at org.springframework.boot.SpringApplication.run(SpringApplication.java:1351) ~[spring-boot-3.5.0.jar:3.5.0]
	at com.parammart.ParamMartApplication.main(ParamMartApplication.java:10) ~[classes/:na]
	at java.base/jdk.internal.reflect.DirectMethodHandleAccessor.invoke(DirectMethodHandleAccessor.java:103) ~[na:na]
	at java.base/java.lang.reflect.Method.invoke(Method.java:580) ~[na:na]
	at org.springframework.boot.devtools.restart.RestartLauncher.run(RestartLauncher.java:50) ~[spring-boot-devtools-3.5.0.jar:3.5.0]
Caused by: org.springframework.boot.web.server.WebServerException: Unable to start embedded Tomcat
	at org.springframework.boot.web.embedded.tomcat.TomcatWebServer.initialize(TomcatWebServer.java:147) ~[spring-boot-3.5.0.jar:3.5.0]
	at org.springframework.boot.web.embedded.tomcat.TomcatWebServer.<init>(TomcatWebServer.java:107) ~[spring-boot-3.5.0.jar:3.5.0]
	at org.springframework.boot.web.embedded.tomcat.TomcatServletWebServerFactory.getTomcatWebServer(TomcatServletWebServerFactory.java:517) ~[spring-boot-3.5.0.jar:3.5.0]
	at org.springframework.boot.web.embedded.tomcat.TomcatServletWebServerFactory.getWebServer(TomcatServletWebServerFactory.java:219) ~[spring-boot-3.5.0.jar:3.5.0]
	at org.springframework.boot.web.servlet.context.ServletWebServerApplicationContext.createWebServer(ServletWebServerApplicationContext.java:193) ~[spring-boot-3.5.0.jar:3.5.0]
	at org.springframework.boot.web.servlet.context.ServletWebServerApplicationContext.onRefresh(ServletWebServerApplicationContext.java:167) ~[spring-boot-3.5.0.jar:3.5.0]
	... 11 common frames omitted
Caused by: org.springframework.beans.factory.UnsatisfiedDependencyException: Error creating bean with name 'jwtAuthenticationFilter' defined in file [C:\Users\HP\Music\PramMart\param-mart\target\classes\com\parammart\security\JwtAuthenticationFilter.class]: Unsatisfied dependency expressed through constructor parameter 1: Error creating bean with name 'customUserDetailsService' defined in file [C:\Users\HP\Music\PramMart\param-mart\target\classes\com\parammart\security\CustomUserDetailsService.class]: Unsatisfied dependency expressed through constructor parameter 0: Error creating bean with name 'userRepository' defined in com.parammart.repository.UserRepository defined in @EnableJpaRepositories declared on JpaRepositoriesRegistrar.EnableJpaRepositoriesConfiguration: Cannot resolve reference to bean 'jpaSharedEM_entityManagerFactory' while setting bean property 'entityManager'
	at org.springframework.beans.factory.support.ConstructorResolver.createArgumentArray(ConstructorResolver.java:804) ~[spring-beans-6.2.7.jar:6.2.7]
	at org.springframework.beans.factory.support.ConstructorResolver.autowireConstructor(ConstructorResolver.java:240) ~[spring-beans-6.2.7.jar:6.2.7]
	at org.springframework.beans.factory.support.AbstractAutowireCapableBeanFactory.autowireConstructor(AbstractAutowireCapableBeanFactory.java:1395) ~[spring-beans-6.2.7.jar:6.2.7]
	at org.springframework.beans.factory.support.AbstractAutowireCapableBeanFactory.createBeanInstance(AbstractAutowireCapableBeanFactory.java:1232) ~[spring-beans-6.2.7.jar:6.2.7]
	at org.springframework.beans.factory.support.AbstractAutowireCapableBeanFactory.doCreateBean(AbstractAutowireCapableBeanFactory.java:569) ~[spring-beans-6.2.7.jar:6.2.7]
	at org.springframework.beans.factory.support.AbstractAutowireCapableBeanFactory.createBean(AbstractAutowireCapableBeanFactory.java:529) ~[spring-beans-6.2.7.jar:6.2.7]
	at org.springframework.beans.factory.support.AbstractBeanFactory.lambda$doGetBean$0(AbstractBeanFactory.java:339) ~[spring-beans-6.2.7.jar:6.2.7]
	at org.springframework.beans.factory.support.DefaultSingletonBeanRegistry.getSingleton(DefaultSingletonBeanRegistry.java:373) ~[spring-beans-6.2.7.jar:6.2.7]
	at org.springframework.beans.factory.support.AbstractBeanFactory.doGetBean(AbstractBeanFactory.java:337) ~[spring-beans-6.2.7.jar:6.2.7]
	at org.springframework.beans.factory.support.AbstractBeanFactory.getBean(AbstractBeanFactory.java:207) ~[spring-beans-6.2.7.jar:6.2.7]
	at org.springframework.boot.web.servlet.ServletContextInitializerBeans.getOrderedBeansOfType(ServletContextInitializerBeans.java:230) ~[spring-boot-3.5.0.jar:3.5.0]
	at org.springframework.boot.web.servlet.ServletContextInitializerBeans.addAsRegistrationBean(ServletContextInitializerBeans.java:184) ~[spring-boot-3.5.0.jar:3.5.0]
	at org.springframework.boot.web.servlet.ServletContextInitializerBeans.addAsRegistrationBean(ServletContextInitializerBeans.java:179) ~[spring-boot-3.5.0.jar:3.5.0]
	at org.springframework.boot.web.servlet.ServletContextInitializerBeans.addAdaptableBeans(ServletContextInitializerBeans.java:164) ~[spring-boot-3.5.0.jar:3.5.0]
	at org.springframework.boot.web.servlet.ServletContextInitializerBeans.<init>(ServletContextInitializerBeans.java:96) ~[spring-boot-3.5.0.jar:3.5.0]
	at org.springframework.boot.web.servlet.context.ServletWebServerApplicationContext.getServletContextInitializerBeans(ServletWebServerApplicationContext.java:271) ~[spring-boot-3.5.0.jar:3.5.0]
	at org.springframework.boot.web.servlet.context.ServletWebServerApplicationContext.selfInitialize(ServletWebServerApplicationContext.java:245) ~[spring-boot-3.5.0.jar:3.5.0]
	at org.springframework.boot.web.embedded.tomcat.TomcatStarter.onStartup(TomcatStarter.java:52) ~[spring-boot-3.5.0.jar:3.5.0]
	at org.apache.catalina.core.StandardContext.startInternal(StandardContext.java:4464) ~[tomcat-embed-core-10.1.41.jar:10.1.41]
	at org.apache.catalina.util.LifecycleBase.start(LifecycleBase.java:164) ~[tomcat-embed-core-10.1.41.jar:10.1.41]
	at org.apache.catalina.core.ContainerBase$StartChild.call(ContainerBase.java:1203) ~[tomcat-embed-core-10.1.41.jar:10.1.41]
	at org.apache.catalina.core.ContainerBase$StartChild.call(ContainerBase.java:1193) ~[tomcat-embed-core-10.1.41.jar:10.1.41]
	at java.base/java.util.concurrent.FutureTask.run(FutureTask.java:317) ~[na:na]
	at org.apache.tomcat.util.threads.InlineExecutorService.execute(InlineExecutorService.java:75) ~[tomcat-embed-core-10.1.41.jar:10.1.41]
	at java.base/java.util.concurrent.AbstractExecutorService.submit(AbstractExecutorService.java:145) ~[na:na]
	at org.apache.catalina.core.ContainerBase.startInternal(ContainerBase.java:749) ~[tomcat-embed-core-10.1.41.jar:10.1.41]
	at org.apache.catalina.core.StandardHost.startInternal(StandardHost.java:772) ~[tomcat-embed-core-10.1.41.jar:10.1.41]
	at org.apache.catalina.util.LifecycleBase.start(LifecycleBase.java:164) ~[tomcat-embed-core-10.1.41.jar:10.1.41]
	at org.apache.catalina.core.ContainerBase$StartChild.call(ContainerBase.java:1203) ~[tomcat-embed-core-10.1.41.jar:10.1.41]
	at org.apache.catalina.core.ContainerBase$StartChild.call(ContainerBase.java:1193) ~[tomcat-embed-core-10.1.41.jar:10.1.41]
	at java.base/java.util.concurrent.FutureTask.run(FutureTask.java:317) ~[na:na]
	at org.apache.tomcat.util.threads.InlineExecutorService.execute(InlineExecutorService.java:75) ~[tomcat-embed-core-10.1.41.jar:10.1.41]
	at java.base/java.util.concurrent.AbstractExecutorService.submit(AbstractExecutorService.java:145) ~[na:na]
	at org.apache.catalina.core.ContainerBase.startInternal(ContainerBase.java:749) ~[tomcat-embed-core-10.1.41.jar:10.1.41]
	at org.apache.catalina.core.StandardEngine.startInternal(StandardEngine.java:203) ~[tomcat-embed-core-10.1.41.jar:10.1.41]
	at org.apache.catalina.util.LifecycleBase.start(LifecycleBase.java:164) ~[tomcat-embed-core-10.1.41.jar:10.1.41]
	at org.apache.catalina.core.StandardService.startInternal(StandardService.java:412) ~[tomcat-embed-core-10.1.41.jar:10.1.41]
	at org.apache.catalina.util.LifecycleBase.start(LifecycleBase.java:164) ~[tomcat-embed-core-10.1.41.jar:10.1.41]
	at org.apache.catalina.core.StandardServer.startInternal(StandardServer.java:870) ~[tomcat-embed-core-10.1.41.jar:10.1.41]
	at org.apache.catalina.util.LifecycleBase.start(LifecycleBase.java:164) ~[tomcat-embed-core-10.1.41.jar:10.1.41]
	at org.apache.catalina.startup.Tomcat.start(Tomcat.java:438) ~[tomcat-embed-core-10.1.41.jar:10.1.41]
	at org.springframework.boot.web.embedded.tomcat.TomcatWebServer.initialize(TomcatWebServer.java:128) ~[spring-boot-3.5.0.jar:3.5.0]
	... 16 common frames omitted
Caused by: org.springframework.beans.factory.UnsatisfiedDependencyException: Error creating bean with name 'customUserDetailsService' defined in file [C:\Users\HP\Music\PramMart\param-mart\target\classes\com\parammart\security\CustomUserDetailsService.class]: Unsatisfied dependency expressed through constructor parameter 0: Error creating bean with name 'userRepository' defined in com.parammart.repository.UserRepository defined in @EnableJpaRepositories declared on JpaRepositoriesRegistrar.EnableJpaRepositoriesConfiguration: Cannot resolve reference to bean 'jpaSharedEM_entityManagerFactory' while setting bean property 'entityManager'
	at org.springframework.beans.factory.support.ConstructorResolver.createArgumentArray(ConstructorResolver.java:804) ~[spring-beans-6.2.7.jar:6.2.7]
	at org.springframework.beans.factory.support.ConstructorResolver.autowireConstructor(ConstructorResolver.java:240) ~[spring-beans-6.2.7.jar:6.2.7]
	at org.springframework.beans.factory.support.AbstractAutowireCapableBeanFactory.autowireConstructor(AbstractAutowireCapableBeanFactory.java:1395) ~[spring-beans-6.2.7.jar:6.2.7]
	at org.springframework.beans.factory.support.AbstractAutowireCapableBeanFactory.createBeanInstance(AbstractAutowireCapableBeanFactory.java:1232) ~[spring-beans-6.2.7.jar:6.2.7]
	at org.springframework.beans.factory.support.AbstractAutowireCapableBeanFactory.doCreateBean(AbstractAutowireCapableBeanFactory.java:569) ~[spring-beans-6.2.7.jar:6.2.7]
	at org.springframework.beans.factory.support.AbstractAutowireCapableBeanFactory.createBean(AbstractAutowireCapableBeanFactory.java:529) ~[spring-beans-6.2.7.jar:6.2.7]
	at org.springframework.beans.factory.support.AbstractBeanFactory.lambda$doGetBean$0(AbstractBeanFactory.java:339) ~[spring-beans-6.2.7.jar:6.2.7]
	at org.springframework.beans.factory.support.DefaultSingletonBeanRegistry.getSingleton(DefaultSingletonBeanRegistry.java:373) ~[spring-beans-6.2.7.jar:6.2.7]
	at org.springframework.beans.factory.support.AbstractBeanFactory.doGetBean(AbstractBeanFactory.java:337) ~[spring-beans-6.2.7.jar:6.2.7]
	at org.springframework.beans.factory.support.AbstractBeanFactory.getBean(AbstractBeanFactory.java:202) ~[spring-beans-6.2.7.jar:6.2.7]
	at org.springframework.beans.factory.config.DependencyDescriptor.resolveCandidate(DependencyDescriptor.java:254) ~[spring-beans-6.2.7.jar:6.2.7]
	at org.springframework.beans.factory.support.DefaultListableBeanFactory.doResolveDependency(DefaultListableBeanFactory.java:1740) ~[spring-beans-6.2.7.jar:6.2.7]
	at org.springframework.beans.factory.support.DefaultListableBeanFactory.resolveDependency(DefaultListableBeanFactory.java:1628) ~[spring-beans-6.2.7.jar:6.2.7]
	at org.springframework.beans.factory.support.ConstructorResolver.resolveAutowiredArgument(ConstructorResolver.java:913) ~[spring-beans-6.2.7.jar:6.2.7]
	at org.springframework.beans.factory.support.ConstructorResolver.createArgumentArray(ConstructorResolver.java:791) ~[spring-beans-6.2.7.jar:6.2.7]
	... 57 common frames omitted
Caused by: org.springframework.beans.factory.BeanCreationException: Error creating bean with name 'userRepository' defined in com.parammart.repository.UserRepository defined in @EnableJpaRepositories declared on JpaRepositoriesRegistrar.EnableJpaRepositoriesConfiguration: Cannot resolve reference to bean 'jpaSharedEM_entityManagerFactory' while setting bean property 'entityManager'
	at org.springframework.beans.factory.support.BeanDefinitionValueResolver.resolveReference(BeanDefinitionValueResolver.java:377) ~[spring-beans-6.2.7.jar:6.2.7]
	at org.springframework.beans.factory.support.BeanDefinitionValueResolver.resolveValueIfNecessary(BeanDefinitionValueResolver.java:135) ~[spring-beans-6.2.7.jar:6.2.7]
	at org.springframework.beans.factory.support.AbstractAutowireCapableBeanFactory.applyPropertyValues(AbstractAutowireCapableBeanFactory.java:1725) ~[spring-beans-6.2.7.jar:6.2.7]
	at org.springframework.beans.factory.support.AbstractAutowireCapableBeanFactory.populateBean(AbstractAutowireCapableBeanFactory.java:1474) ~[spring-beans-6.2.7.jar:6.2.7]
	at org.springframework.beans.factory.support.AbstractAutowireCapableBeanFactory.doCreateBean(AbstractAutowireCapableBeanFactory.java:606) ~[spring-beans-6.2.7.jar:6.2.7]
	at org.springframework.beans.factory.support.AbstractAutowireCapableBeanFactory.createBean(AbstractAutowireCapableBeanFactory.java:529) ~[spring-beans-6.2.7.jar:6.2.7]
	at org.springframework.beans.factory.support.AbstractBeanFactory.lambda$doGetBean$0(AbstractBeanFactory.java:339) ~[spring-beans-6.2.7.jar:6.2.7]
	at org.springframework.beans.factory.support.DefaultSingletonBeanRegistry.getSingleton(DefaultSingletonBeanRegistry.java:373) ~[spring-beans-6.2.7.jar:6.2.7]
	at org.springframework.beans.factory.support.AbstractBeanFactory.doGetBean(AbstractBeanFactory.java:337) ~[spring-beans-6.2.7.jar:6.2.7]
	at org.springframework.beans.factory.support.AbstractBeanFactory.getBean(AbstractBeanFactory.java:202) ~[spring-beans-6.2.7.jar:6.2.7]
	at org.springframework.beans.factory.config.DependencyDescriptor.resolveCandidate(DependencyDescriptor.java:254) ~[spring-beans-6.2.7.jar:6.2.7]
	at org.springframework.beans.factory.support.DefaultListableBeanFactory.doResolveDependency(DefaultListableBeanFactory.java:1740) ~[spring-beans-6.2.7.jar:6.2.7]
	at org.springframework.beans.factory.support.DefaultListableBeanFactory.resolveDependency(DefaultListableBeanFactory.java:1628) ~[spring-beans-6.2.7.jar:6.2.7]
	at org.springframework.beans.factory.support.ConstructorResolver.resolveAutowiredArgument(ConstructorResolver.java:913) ~[spring-beans-6.2.7.jar:6.2.7]
	at org.springframework.beans.factory.support.ConstructorResolver.createArgumentArray(ConstructorResolver.java:791) ~[spring-beans-6.2.7.jar:6.2.7]
	... 71 common frames omitted
Caused by: org.springframework.beans.factory.BeanCreationException: Error creating bean with name 'jpaSharedEM_entityManagerFactory': Cannot resolve reference to bean 'entityManagerFactory' while setting constructor argument
	at org.springframework.beans.factory.support.BeanDefinitionValueResolver.resolveReference(BeanDefinitionValueResolver.java:377) ~[spring-beans-6.2.7.jar:6.2.7]
	at org.springframework.beans.factory.support.BeanDefinitionValueResolver.resolveValueIfNecessary(BeanDefinitionValueResolver.java:135) ~[spring-beans-6.2.7.jar:6.2.7]
	at org.springframework.beans.factory.support.ConstructorResolver.resolveConstructorArguments(ConstructorResolver.java:691) ~[spring-beans-6.2.7.jar:6.2.7]
	at org.springframework.beans.factory.support.ConstructorResolver.instantiateUsingFactoryMethod(ConstructorResolver.java:513) ~[spring-beans-6.2.7.jar:6.2.7]
	at org.springframework.beans.factory.support.AbstractAutowireCapableBeanFactory.instantiateUsingFactoryMethod(AbstractAutowireCapableBeanFactory.java:1375) ~[spring-beans-6.2.7.jar:6.2.7]
	at org.springframework.beans.factory.support.AbstractAutowireCapableBeanFactory.createBeanInstance(AbstractAutowireCapableBeanFactory.java:1205) ~[spring-beans-6.2.7.jar:6.2.7]
	at org.springframework.beans.factory.support.AbstractAutowireCapableBeanFactory.doCreateBean(AbstractAutowireCapableBeanFactory.java:569) ~[spring-beans-6.2.7.jar:6.2.7]
	at org.springframework.beans.factory.support.AbstractAutowireCapableBeanFactory.createBean(AbstractAutowireCapableBeanFactory.java:529) ~[spring-beans-6.2.7.jar:6.2.7]
	at org.springframework.beans.factory.support.AbstractBeanFactory.lambda$doGetBean$0(AbstractBeanFactory.java:339) ~[spring-beans-6.2.7.jar:6.2.7]
	at org.springframework.beans.factory.support.DefaultSingletonBeanRegistry.getSingleton(DefaultSingletonBeanRegistry.java:373) ~[spring-beans-6.2.7.jar:6.2.7]
	at org.springframework.beans.factory.support.AbstractBeanFactory.doGetBean(AbstractBeanFactory.java:337) ~[spring-beans-6.2.7.jar:6.2.7]
	at org.springframework.beans.factory.support.AbstractBeanFactory.getBean(AbstractBeanFactory.java:202) ~[spring-beans-6.2.7.jar:6.2.7]
	at org.springframework.beans.factory.support.BeanDefinitionValueResolver.resolveReference(BeanDefinitionValueResolver.java:365) ~[spring-beans-6.2.7.jar:6.2.7]
	... 85 common frames omitted
Caused by: org.springframework.beans.factory.BeanCreationException: Error creating bean with name 'entityManagerFactory' defined in class path resource [org/springframework/boot/autoconfigure/orm/jpa/HibernateJpaConfiguration.class]: Type CartItem not present
	at org.springframework.beans.factory.support.AbstractAutowireCapableBeanFactory.initializeBean(AbstractAutowireCapableBeanFactory.java:1826) ~[spring-beans-6.2.7.jar:6.2.7]
	at org.springframework.beans.factory.support.AbstractAutowireCapableBeanFactory.doCreateBean(AbstractAutowireCapableBeanFactory.java:607) ~[spring-beans-6.2.7.jar:6.2.7]
	at org.springframework.beans.factory.support.AbstractAutowireCapableBeanFactory.createBean(AbstractAutowireCapableBeanFactory.java:529) ~[spring-beans-6.2.7.jar:6.2.7]
	at org.springframework.beans.factory.support.AbstractBeanFactory.lambda$doGetBean$0(AbstractBeanFactory.java:339) ~[spring-beans-6.2.7.jar:6.2.7]
	at org.springframework.beans.factory.support.DefaultSingletonBeanRegistry.getSingleton(DefaultSingletonBeanRegistry.java:373) ~[spring-beans-6.2.7.jar:6.2.7]
	at org.springframework.beans.factory.support.AbstractBeanFactory.doGetBean(AbstractBeanFactory.java:337) ~[spring-beans-6.2.7.jar:6.2.7]
	at org.springframework.beans.factory.support.AbstractBeanFactory.getBean(AbstractBeanFactory.java:202) ~[spring-beans-6.2.7.jar:6.2.7]
	at org.springframework.beans.factory.support.BeanDefinitionValueResolver.resolveReference(BeanDefinitionValueResolver.java:365) ~[spring-beans-6.2.7.jar:6.2.7]
	... 97 common frames omitted
Caused by: java.lang.TypeNotPresentException: Type CartItem not present
	at java.base/sun.reflect.generics.factory.CoreReflectionFactory.makeNamedType(CoreReflectionFactory.java:117) ~[na:na]
	at java.base/sun.reflect.generics.visitor.Reifier.visitClassTypeSignature(Reifier.java:125) ~[na:na]
	at java.base/sun.reflect.generics.tree.ClassTypeSignature.accept(ClassTypeSignature.java:49) ~[na:na]
	at java.base/sun.reflect.generics.visitor.Reifier.reifyTypeArguments(Reifier.java:68) ~[na:na]
	at java.base/sun.reflect.generics.visitor.Reifier.visitClassTypeSignature(Reifier.java:138) ~[na:na]
	at java.base/sun.reflect.generics.tree.ClassTypeSignature.accept(ClassTypeSignature.java:49) ~[na:na]
	at java.base/sun.reflect.generics.repository.MethodRepository.computeReturnType(MethodRepository.java:75) ~[na:na]
	at java.base/sun.reflect.generics.repository.MethodRepository.getReturnType(MethodRepository.java:66) ~[na:na]
	at java.base/java.lang.reflect.Method.getGenericReturnType(Method.java:299) ~[na:na]
	at org.hibernate.annotations.common.reflection.java.JavaXClass.getDeclaredMethodProperties(JavaXClass.java:136) ~[hibernate-commons-annotations-7.0.3.Final.jar:7.0.3.Final]
	at org.hibernate.annotations.common.reflection.java.JavaXClass.getDeclaredProperties(JavaXClass.java:172) ~[hibernate-commons-annotations-7.0.3.Final.jar:7.0.3.Final]
	at org.hibernate.annotations.common.reflection.java.JavaXClass.getDeclaredProperties(JavaXClass.java:164) ~[hibernate-commons-annotations-7.0.3.Final.jar:7.0.3.Final]
	at org.hibernate.boot.model.internal.InheritanceState.determineDefaultAccessType(InheritanceState.java:269) ~[hibernate-core-6.6.15.Final.jar:6.6.15.Final]
	at org.hibernate.boot.model.internal.InheritanceState.getElementsToProcess(InheritanceState.java:226) ~[hibernate-core-6.6.15.Final.jar:6.6.15.Final]
	at org.hibernate.boot.model.internal.InheritanceState.postProcess(InheritanceState.java:162) ~[hibernate-core-6.6.15.Final.jar:6.6.15.Final]
	at org.hibernate.boot.model.internal.EntityBinder.handleIdentifier(EntityBinder.java:410) ~[hibernate-core-6.6.15.Final.jar:6.6.15.Final]
	at org.hibernate.boot.model.internal.EntityBinder.bindEntityClass(EntityBinder.java:251) ~[hibernate-core-6.6.15.Final.jar:6.6.15.Final]
	at org.hibernate.boot.model.internal.AnnotationBinder.bindClass(AnnotationBinder.java:404) ~[hibernate-core-6.6.15.Final.jar:6.6.15.Final]
	at org.hibernate.boot.model.source.internal.annotations.AnnotationMetadataSourceProcessorImpl.processEntityHierarchies(AnnotationMetadataSourceProcessorImpl.java:266) ~[hibernate-core-6.6.15.Final.jar:6.6.15.Final]
	at org.hibernate.boot.model.process.spi.MetadataBuildingProcess$1.processEntityHierarchies(MetadataBuildingProcess.java:281) ~[hibernate-core-6.6.15.Final.jar:6.6.15.Final]
	at org.hibernate.boot.model.process.spi.MetadataBuildingProcess.complete(MetadataBuildingProcess.java:324) ~[hibernate-core-6.6.15.Final.jar:6.6.15.Final]
	at org.hibernate.jpa.boot.internal.EntityManagerFactoryBuilderImpl.metadata(EntityManagerFactoryBuilderImpl.java:1442) ~[hibernate-core-6.6.15.Final.jar:6.6.15.Final]
	at org.hibernate.jpa.boot.internal.EntityManagerFactoryBuilderImpl.build(EntityManagerFactoryBuilderImpl.java:1513) ~[hibernate-core-6.6.15.Final.jar:6.6.15.Final]
	at org.springframework.orm.jpa.vendor.SpringHibernateJpaPersistenceProvider.createContainerEntityManagerFactory(SpringHibernateJpaPersistenceProvider.java:66) ~[spring-orm-6.2.7.jar:6.2.7]
	at org.springframework.orm.jpa.LocalContainerEntityManagerFactoryBean.createNativeEntityManagerFactory(LocalContainerEntityManagerFactoryBean.java:390) ~[spring-orm-6.2.7.jar:6.2.7]
	at org.springframework.orm.jpa.AbstractEntityManagerFactoryBean.buildNativeEntityManagerFactory(AbstractEntityManagerFactoryBean.java:419) ~[spring-orm-6.2.7.jar:6.2.7]
	at org.springframework.orm.jpa.AbstractEntityManagerFactoryBean.afterPropertiesSet(AbstractEntityManagerFactoryBean.java:400) ~[spring-orm-6.2.7.jar:6.2.7]
	at org.springframework.orm.jpa.LocalContainerEntityManagerFactoryBean.afterPropertiesSet(LocalContainerEntityManagerFactoryBean.java:366) ~[spring-orm-6.2.7.jar:6.2.7]
	at org.springframework.beans.factory.support.AbstractAutowireCapableBeanFactory.invokeInitMethods(AbstractAutowireCapableBeanFactory.java:1873) ~[spring-beans-6.2.7.jar:6.2.7]
	at org.springframework.beans.factory.support.AbstractAutowireCapableBeanFactory.initializeBean(AbstractAutowireCapableBeanFactory.java:1822) ~[spring-beans-6.2.7.jar:6.2.7]
	... 104 common frames omitted
Caused by: java.lang.ClassNotFoundException: CartItem
	at java.base/jdk.internal.loader.BuiltinClassLoader.loadClass(BuiltinClassLoader.java:641) ~[na:na]
	at java.base/jdk.internal.loader.ClassLoaders$AppClassLoader.loadClass(ClassLoaders.java:188) ~[na:na]
	at java.base/java.lang.ClassLoader.loadClass(ClassLoader.java:526) ~[na:na]
	at java.base/java.lang.Class.forName0(Native Method) ~[na:na]
	at java.base/java.lang.Class.forName(Class.java:534) ~[na:na]
	at java.base/java.lang.Class.forName(Class.java:513) ~[na:na]
	at org.springframework.boot.devtools.restart.classloader.RestartClassLoader.loadClass(RestartClassLoader.java:121) ~[spring-boot-devtools-3.5.0.jar:3.5.0]
	at java.base/java.lang.ClassLoader.loadClass(ClassLoader.java:526) ~[na:na]
	at java.base/java.lang.Class.forName0(Native Method) ~[na:na]
	at java.base/java.lang.Class.forName(Class.java:534) ~[na:na]
	at java.base/java.lang.Class.forName(Class.java:513) ~[na:na]
	at java.base/sun.reflect.generics.factory.CoreReflectionFactory.makeNamedType(CoreReflectionFactory.java:114) ~[na:na]
	... 133 common frames omitted
2026-07-19 21:09:38 INFO  com.parammart.ParamMartApplication - Starting ParamMartApplication using Java 21.0.8 with PID 15728 (C:\Users\HP\Music\PramMart\param-mart\target\classes started by HP in C:\Users\HP\Music\PramMart\param-mart)
2026-07-19 21:09:38 DEBUG com.parammart.ParamMartApplication - Running with Spring Boot v3.5.0, Spring v6.2.7
2026-07-19 21:09:38 INFO  com.parammart.ParamMartApplication - No active profile set, falling back to 1 default profile: "default"
2026-07-19 21:09:38 INFO  o.s.d.r.c.RepositoryConfigurationDelegate - Bootstrapping Spring Data JPA repositories in DEFAULT mode.
2026-07-19 21:09:38 INFO  o.s.d.r.c.RepositoryConfigurationDelegate - Finished Spring Data repository scanning in 15 ms. Found 5 JPA repository interfaces.
2026-07-19 21:09:39 INFO  o.s.b.w.e.tomcat.TomcatWebServer - Tomcat initialized with port 8080 (http)
2026-07-19 21:09:39 INFO  o.a.catalina.core.StandardService - Starting service [Tomcat]
2026-07-19 21:09:39 INFO  o.a.catalina.core.StandardEngine - Starting Servlet engine: [Apache Tomcat/10.1.41]
2026-07-19 21:09:39 INFO  o.a.c.c.C.[Tomcat-1].[localhost].[/] - Initializing Spring embedded WebApplicationContext
2026-07-19 21:09:39 INFO  o.s.b.w.s.c.ServletWebServerApplicationContext - Root WebApplicationContext: initialization completed in 517 ms
2026-07-19 21:09:39 INFO  o.h.jpa.internal.util.LogHelper - HHH000204: Processing PersistenceUnitInfo [name: default]
2026-07-19 21:09:39 INFO  o.h.c.i.RegionFactoryInitiator - HHH000026: Second-level cache disabled
2026-07-19 21:09:39 INFO  o.s.o.j.p.SpringPersistenceUnitInfo - No LoadTimeWeaver setup: ignoring JPA class transformer
2026-07-19 21:09:39 INFO  com.zaxxer.hikari.HikariDataSource - HikariPool-4 - Starting...
2026-07-19 21:09:39 INFO  com.zaxxer.hikari.pool.HikariPool - HikariPool-4 - Added connection com.mysql.cj.jdbc.ConnectionImpl@498290ed
2026-07-19 21:09:39 INFO  com.zaxxer.hikari.HikariDataSource - HikariPool-4 - Start completed.
2026-07-19 21:09:39 INFO  o.hibernate.orm.connections.pooling - HHH10001005: Database info:
	Database JDBC URL [Connecting through datasource 'HikariDataSource (HikariPool-4)']
	Database driver: undefined/unknown
	Database version: 8.0.46
	Autocommit mode: undefined/unknown
	Isolation level: undefined/unknown
	Minimum pool size: undefined/unknown
	Maximum pool size: undefined/unknown
2026-07-19 21:09:39 ERROR o.s.b.w.e.tomcat.TomcatStarter - Error starting Tomcat context. Exception: org.springframework.beans.factory.UnsatisfiedDependencyException. Message: Error creating bean with name 'jwtAuthenticationFilter' defined in file [C:\Users\HP\Music\PramMart\param-mart\target\classes\com\parammart\security\JwtAuthenticationFilter.class]: Unsatisfied dependency expressed through constructor parameter 1: Error creating bean with name 'customUserDetailsService' defined in file [C:\Users\HP\Music\PramMart\param-mart\target\classes\com\parammart\security\CustomUserDetailsService.class]: Unsatisfied dependency expressed through constructor parameter 0: Error creating bean with name 'userRepository' defined in com.parammart.repository.UserRepository defined in @EnableJpaRepositories declared on JpaRepositoriesRegistrar.EnableJpaRepositoriesConfiguration: Cannot resolve reference to bean 'jpaSharedEM_entityManagerFactory' while setting bean property 'entityManager'
2026-07-19 21:09:39 INFO  o.a.catalina.core.StandardService - Stopping service [Tomcat]
2026-07-19 21:09:39 WARN  o.a.c.loader.WebappClassLoaderBase - The web application [ROOT] appears to have started a thread named [HikariPool-4:housekeeper] but has failed to stop it. This is very likely to create a memory leak. Stack trace of thread:
 java.base/jdk.internal.misc.Unsafe.park(Native Method)
 java.base/java.util.concurrent.locks.LockSupport.parkNanos(LockSupport.java:269)
 java.base/java.util.concurrent.locks.AbstractQueuedSynchronizer$ConditionObject.awaitNanos(AbstractQueuedSynchronizer.java:1763)
 java.base/java.util.concurrent.ScheduledThreadPoolExecutor$DelayedWorkQueue.take(ScheduledThreadPoolExecutor.java:1182)
 java.base/java.util.concurrent.ScheduledThreadPoolExecutor$DelayedWorkQueue.take(ScheduledThreadPoolExecutor.java:899)
 java.base/java.util.concurrent.ThreadPoolExecutor.getTask(ThreadPoolExecutor.java:1070)
 java.base/java.util.concurrent.ThreadPoolExecutor.runWorker(ThreadPoolExecutor.java:1130)
 java.base/java.util.concurrent.ThreadPoolExecutor$Worker.run(ThreadPoolExecutor.java:642)
 java.base/java.lang.Thread.run(Thread.java:1583)
2026-07-19 21:09:39 WARN  o.s.b.w.s.c.AnnotationConfigServletWebServerApplicationContext - Exception encountered during context initialization - cancelling refresh attempt: org.springframework.context.ApplicationContextException: Unable to start web server
2026-07-19 21:09:39 INFO  com.zaxxer.hikari.HikariDataSource - HikariPool-4 - Shutdown initiated...
2026-07-19 21:09:39 INFO  com.zaxxer.hikari.HikariDataSource - HikariPool-4 - Shutdown completed.
2026-07-19 21:09:39 INFO  o.s.b.a.l.ConditionEvaluationReportLogger - 

Error starting ApplicationContext. To display the condition evaluation report re-run your application with 'debug' enabled.
2026-07-19 21:09:39 ERROR o.s.boot.SpringApplication - Application run failed
org.springframework.context.ApplicationContextException: Unable to start web server
	at org.springframework.boot.web.servlet.context.ServletWebServerApplicationContext.onRefresh(ServletWebServerApplicationContext.java:170) ~[spring-boot-3.5.0.jar:3.5.0]
	at org.springframework.context.support.AbstractApplicationContext.refresh(AbstractApplicationContext.java:621) ~[spring-context-6.2.7.jar:6.2.7]
	at org.springframework.boot.web.servlet.context.ServletWebServerApplicationContext.refresh(ServletWebServerApplicationContext.java:146) ~[spring-boot-3.5.0.jar:3.5.0]
	at org.springframework.boot.SpringApplication.refresh(SpringApplication.java:753) ~[spring-boot-3.5.0.jar:3.5.0]
	at org.springframework.boot.SpringApplication.refreshContext(SpringApplication.java:439) ~[spring-boot-3.5.0.jar:3.5.0]
	at org.springframework.boot.SpringApplication.run(SpringApplication.java:318) ~[spring-boot-3.5.0.jar:3.5.0]
	at org.springframework.boot.SpringApplication.run(SpringApplication.java:1362) ~[spring-boot-3.5.0.jar:3.5.0]
	at org.springframework.boot.SpringApplication.run(SpringApplication.java:1351) ~[spring-boot-3.5.0.jar:3.5.0]
	at com.parammart.ParamMartApplication.main(ParamMartApplication.java:10) ~[classes/:na]
	at java.base/jdk.internal.reflect.DirectMethodHandleAccessor.invoke(DirectMethodHandleAccessor.java:103) ~[na:na]
	at java.base/java.lang.reflect.Method.invoke(Method.java:580) ~[na:na]
	at org.springframework.boot.devtools.restart.RestartLauncher.run(RestartLauncher.java:50) ~[spring-boot-devtools-3.5.0.jar:3.5.0]
Caused by: org.springframework.boot.web.server.WebServerException: Unable to start embedded Tomcat
	at org.springframework.boot.web.embedded.tomcat.TomcatWebServer.initialize(TomcatWebServer.java:147) ~[spring-boot-3.5.0.jar:3.5.0]
	at org.springframework.boot.web.embedded.tomcat.TomcatWebServer.<init>(TomcatWebServer.java:107) ~[spring-boot-3.5.0.jar:3.5.0]
	at org.springframework.boot.web.embedded.tomcat.TomcatServletWebServerFactory.getTomcatWebServer(TomcatServletWebServerFactory.java:517) ~[spring-boot-3.5.0.jar:3.5.0]
	at org.springframework.boot.web.embedded.tomcat.TomcatServletWebServerFactory.getWebServer(TomcatServletWebServerFactory.java:219) ~[spring-boot-3.5.0.jar:3.5.0]
	at org.springframework.boot.web.servlet.context.ServletWebServerApplicationContext.createWebServer(ServletWebServerApplicationContext.java:193) ~[spring-boot-3.5.0.jar:3.5.0]
	at org.springframework.boot.web.servlet.context.ServletWebServerApplicationContext.onRefresh(ServletWebServerApplicationContext.java:167) ~[spring-boot-3.5.0.jar:3.5.0]
	... 11 common frames omitted
Caused by: org.springframework.beans.factory.UnsatisfiedDependencyException: Error creating bean with name 'jwtAuthenticationFilter' defined in file [C:\Users\HP\Music\PramMart\param-mart\target\classes\com\parammart\security\JwtAuthenticationFilter.class]: Unsatisfied dependency expressed through constructor parameter 1: Error creating bean with name 'customUserDetailsService' defined in file [C:\Users\HP\Music\PramMart\param-mart\target\classes\com\parammart\security\CustomUserDetailsService.class]: Unsatisfied dependency expressed through constructor parameter 0: Error creating bean with name 'userRepository' defined in com.parammart.repository.UserRepository defined in @EnableJpaRepositories declared on JpaRepositoriesRegistrar.EnableJpaRepositoriesConfiguration: Cannot resolve reference to bean 'jpaSharedEM_entityManagerFactory' while setting bean property 'entityManager'
	at org.springframework.beans.factory.support.ConstructorResolver.createArgumentArray(ConstructorResolver.java:804) ~[spring-beans-6.2.7.jar:6.2.7]
	at org.springframework.beans.factory.support.ConstructorResolver.autowireConstructor(ConstructorResolver.java:240) ~[spring-beans-6.2.7.jar:6.2.7]
	at org.springframework.beans.factory.support.AbstractAutowireCapableBeanFactory.autowireConstructor(AbstractAutowireCapableBeanFactory.java:1395) ~[spring-beans-6.2.7.jar:6.2.7]
	at org.springframework.beans.factory.support.AbstractAutowireCapableBeanFactory.createBeanInstance(AbstractAutowireCapableBeanFactory.java:1232) ~[spring-beans-6.2.7.jar:6.2.7]
	at org.springframework.beans.factory.support.AbstractAutowireCapableBeanFactory.doCreateBean(AbstractAutowireCapableBeanFactory.java:569) ~[spring-beans-6.2.7.jar:6.2.7]
	at org.springframework.beans.factory.support.AbstractAutowireCapableBeanFactory.createBean(AbstractAutowireCapableBeanFactory.java:529) ~[spring-beans-6.2.7.jar:6.2.7]
	at org.springframework.beans.factory.support.AbstractBeanFactory.lambda$doGetBean$0(AbstractBeanFactory.java:339) ~[spring-beans-6.2.7.jar:6.2.7]
	at org.springframework.beans.factory.support.DefaultSingletonBeanRegistry.getSingleton(DefaultSingletonBeanRegistry.java:373) ~[spring-beans-6.2.7.jar:6.2.7]
	at org.springframework.beans.factory.support.AbstractBeanFactory.doGetBean(AbstractBeanFactory.java:337) ~[spring-beans-6.2.7.jar:6.2.7]
	at org.springframework.beans.factory.support.AbstractBeanFactory.getBean(AbstractBeanFactory.java:207) ~[spring-beans-6.2.7.jar:6.2.7]
	at org.springframework.boot.web.servlet.ServletContextInitializerBeans.getOrderedBeansOfType(ServletContextInitializerBeans.java:230) ~[spring-boot-3.5.0.jar:3.5.0]
	at org.springframework.boot.web.servlet.ServletContextInitializerBeans.addAsRegistrationBean(ServletContextInitializerBeans.java:184) ~[spring-boot-3.5.0.jar:3.5.0]
	at org.springframework.boot.web.servlet.ServletContextInitializerBeans.addAsRegistrationBean(ServletContextInitializerBeans.java:179) ~[spring-boot-3.5.0.jar:3.5.0]
	at org.springframework.boot.web.servlet.ServletContextInitializerBeans.addAdaptableBeans(ServletContextInitializerBeans.java:164) ~[spring-boot-3.5.0.jar:3.5.0]
	at org.springframework.boot.web.servlet.ServletContextInitializerBeans.<init>(ServletContextInitializerBeans.java:96) ~[spring-boot-3.5.0.jar:3.5.0]
	at org.springframework.boot.web.servlet.context.ServletWebServerApplicationContext.getServletContextInitializerBeans(ServletWebServerApplicationContext.java:271) ~[spring-boot-3.5.0.jar:3.5.0]
	at org.springframework.boot.web.servlet.context.ServletWebServerApplicationContext.selfInitialize(ServletWebServerApplicationContext.java:245) ~[spring-boot-3.5.0.jar:3.5.0]
	at org.springframework.boot.web.embedded.tomcat.TomcatStarter.onStartup(TomcatStarter.java:52) ~[spring-boot-3.5.0.jar:3.5.0]
	at org.apache.catalina.core.StandardContext.startInternal(StandardContext.java:4464) ~[tomcat-embed-core-10.1.41.jar:10.1.41]
	at org.apache.catalina.util.LifecycleBase.start(LifecycleBase.java:164) ~[tomcat-embed-core-10.1.41.jar:10.1.41]
	at org.apache.catalina.core.ContainerBase$StartChild.call(ContainerBase.java:1203) ~[tomcat-embed-core-10.1.41.jar:10.1.41]
	at org.apache.catalina.core.ContainerBase$StartChild.call(ContainerBase.java:1193) ~[tomcat-embed-core-10.1.41.jar:10.1.41]
	at java.base/java.util.concurrent.FutureTask.run(FutureTask.java:317) ~[na:na]
	at org.apache.tomcat.util.threads.InlineExecutorService.execute(InlineExecutorService.java:75) ~[tomcat-embed-core-10.1.41.jar:10.1.41]
	at java.base/java.util.concurrent.AbstractExecutorService.submit(AbstractExecutorService.java:145) ~[na:na]
	at org.apache.catalina.core.ContainerBase.startInternal(ContainerBase.java:749) ~[tomcat-embed-core-10.1.41.jar:10.1.41]
	at org.apache.catalina.core.StandardHost.startInternal(StandardHost.java:772) ~[tomcat-embed-core-10.1.41.jar:10.1.41]
	at org.apache.catalina.util.LifecycleBase.start(LifecycleBase.java:164) ~[tomcat-embed-core-10.1.41.jar:10.1.41]
	at org.apache.catalina.core.ContainerBase$StartChild.call(ContainerBase.java:1203) ~[tomcat-embed-core-10.1.41.jar:10.1.41]
	at org.apache.catalina.core.ContainerBase$StartChild.call(ContainerBase.java:1193) ~[tomcat-embed-core-10.1.41.jar:10.1.41]
	at java.base/java.util.concurrent.FutureTask.run(FutureTask.java:317) ~[na:na]
	at org.apache.tomcat.util.threads.InlineExecutorService.execute(InlineExecutorService.java:75) ~[tomcat-embed-core-10.1.41.jar:10.1.41]
	at java.base/java.util.concurrent.AbstractExecutorService.submit(AbstractExecutorService.java:145) ~[na:na]
	at org.apache.catalina.core.ContainerBase.startInternal(ContainerBase.java:749) ~[tomcat-embed-core-10.1.41.jar:10.1.41]
	at org.apache.catalina.core.StandardEngine.startInternal(StandardEngine.java:203) ~[tomcat-embed-core-10.1.41.jar:10.1.41]
	at org.apache.catalina.util.LifecycleBase.start(LifecycleBase.java:164) ~[tomcat-embed-core-10.1.41.jar:10.1.41]
	at org.apache.catalina.core.StandardService.startInternal(StandardService.java:412) ~[tomcat-embed-core-10.1.41.jar:10.1.41]
	at org.apache.catalina.util.LifecycleBase.start(LifecycleBase.java:164) ~[tomcat-embed-core-10.1.41.jar:10.1.41]
	at org.apache.catalina.core.StandardServer.startInternal(StandardServer.java:870) ~[tomcat-embed-core-10.1.41.jar:10.1.41]
	at org.apache.catalina.util.LifecycleBase.start(LifecycleBase.java:164) ~[tomcat-embed-core-10.1.41.jar:10.1.41]
	at org.apache.catalina.startup.Tomcat.start(Tomcat.java:438) ~[tomcat-embed-core-10.1.41.jar:10.1.41]
	at org.springframework.boot.web.embedded.tomcat.TomcatWebServer.initialize(TomcatWebServer.java:128) ~[spring-boot-3.5.0.jar:3.5.0]
	... 16 common frames omitted
Caused by: org.springframework.beans.factory.UnsatisfiedDependencyException: Error creating bean with name 'customUserDetailsService' defined in file [C:\Users\HP\Music\PramMart\param-mart\target\classes\com\parammart\security\CustomUserDetailsService.class]: Unsatisfied dependency expressed through constructor parameter 0: Error creating bean with name 'userRepository' defined in com.parammart.repository.UserRepository defined in @EnableJpaRepositories declared on JpaRepositoriesRegistrar.EnableJpaRepositoriesConfiguration: Cannot resolve reference to bean 'jpaSharedEM_entityManagerFactory' while setting bean property 'entityManager'
	at org.springframework.beans.factory.support.ConstructorResolver.createArgumentArray(ConstructorResolver.java:804) ~[spring-beans-6.2.7.jar:6.2.7]
	at org.springframework.beans.factory.support.ConstructorResolver.autowireConstructor(ConstructorResolver.java:240) ~[spring-beans-6.2.7.jar:6.2.7]
	at org.springframework.beans.factory.support.AbstractAutowireCapableBeanFactory.autowireConstructor(AbstractAutowireCapableBeanFactory.java:1395) ~[spring-beans-6.2.7.jar:6.2.7]
	at org.springframework.beans.factory.support.AbstractAutowireCapableBeanFactory.createBeanInstance(AbstractAutowireCapableBeanFactory.java:1232) ~[spring-beans-6.2.7.jar:6.2.7]
	at org.springframework.beans.factory.support.AbstractAutowireCapableBeanFactory.doCreateBean(AbstractAutowireCapableBeanFactory.java:569) ~[spring-beans-6.2.7.jar:6.2.7]
	at org.springframework.beans.factory.support.AbstractAutowireCapableBeanFactory.createBean(AbstractAutowireCapableBeanFactory.java:529) ~[spring-beans-6.2.7.jar:6.2.7]
	at org.springframework.beans.factory.support.AbstractBeanFactory.lambda$doGetBean$0(AbstractBeanFactory.java:339) ~[spring-beans-6.2.7.jar:6.2.7]
	at org.springframework.beans.factory.support.DefaultSingletonBeanRegistry.getSingleton(DefaultSingletonBeanRegistry.java:373) ~[spring-beans-6.2.7.jar:6.2.7]
	at org.springframework.beans.factory.support.AbstractBeanFactory.doGetBean(AbstractBeanFactory.java:337) ~[spring-beans-6.2.7.jar:6.2.7]
	at org.springframework.beans.factory.support.AbstractBeanFactory.getBean(AbstractBeanFactory.java:202) ~[spring-beans-6.2.7.jar:6.2.7]
	at org.springframework.beans.factory.config.DependencyDescriptor.resolveCandidate(DependencyDescriptor.java:254) ~[spring-beans-6.2.7.jar:6.2.7]
	at org.springframework.beans.factory.support.DefaultListableBeanFactory.doResolveDependency(DefaultListableBeanFactory.java:1740) ~[spring-beans-6.2.7.jar:6.2.7]
	at org.springframework.beans.factory.support.DefaultListableBeanFactory.resolveDependency(DefaultListableBeanFactory.java:1628) ~[spring-beans-6.2.7.jar:6.2.7]
	at org.springframework.beans.factory.support.ConstructorResolver.resolveAutowiredArgument(ConstructorResolver.java:913) ~[spring-beans-6.2.7.jar:6.2.7]
	at org.springframework.beans.factory.support.ConstructorResolver.createArgumentArray(ConstructorResolver.java:791) ~[spring-beans-6.2.7.jar:6.2.7]
	... 57 common frames omitted
Caused by: org.springframework.beans.factory.BeanCreationException: Error creating bean with name 'userRepository' defined in com.parammart.repository.UserRepository defined in @EnableJpaRepositories declared on JpaRepositoriesRegistrar.EnableJpaRepositoriesConfiguration: Cannot resolve reference to bean 'jpaSharedEM_entityManagerFactory' while setting bean property 'entityManager'
	at org.springframework.beans.factory.support.BeanDefinitionValueResolver.resolveReference(BeanDefinitionValueResolver.java:377) ~[spring-beans-6.2.7.jar:6.2.7]
	at org.springframework.beans.factory.support.BeanDefinitionValueResolver.resolveValueIfNecessary(BeanDefinitionValueResolver.java:135) ~[spring-beans-6.2.7.jar:6.2.7]
	at org.springframework.beans.factory.support.AbstractAutowireCapableBeanFactory.applyPropertyValues(AbstractAutowireCapableBeanFactory.java:1725) ~[spring-beans-6.2.7.jar:6.2.7]
	at org.springframework.beans.factory.support.AbstractAutowireCapableBeanFactory.populateBean(AbstractAutowireCapableBeanFactory.java:1474) ~[spring-beans-6.2.7.jar:6.2.7]
	at org.springframework.beans.factory.support.AbstractAutowireCapableBeanFactory.doCreateBean(AbstractAutowireCapableBeanFactory.java:606) ~[spring-beans-6.2.7.jar:6.2.7]
	at org.springframework.beans.factory.support.AbstractAutowireCapableBeanFactory.createBean(AbstractAutowireCapableBeanFactory.java:529) ~[spring-beans-6.2.7.jar:6.2.7]
	at org.springframework.beans.factory.support.AbstractBeanFactory.lambda$doGetBean$0(AbstractBeanFactory.java:339) ~[spring-beans-6.2.7.jar:6.2.7]
	at org.springframework.beans.factory.support.DefaultSingletonBeanRegistry.getSingleton(DefaultSingletonBeanRegistry.java:373) ~[spring-beans-6.2.7.jar:6.2.7]
	at org.springframework.beans.factory.support.AbstractBeanFactory.doGetBean(AbstractBeanFactory.java:337) ~[spring-beans-6.2.7.jar:6.2.7]
	at org.springframework.beans.factory.support.AbstractBeanFactory.getBean(AbstractBeanFactory.java:202) ~[spring-beans-6.2.7.jar:6.2.7]
	at org.springframework.beans.factory.config.DependencyDescriptor.resolveCandidate(DependencyDescriptor.java:254) ~[spring-beans-6.2.7.jar:6.2.7]
	at org.springframework.beans.factory.support.DefaultListableBeanFactory.doResolveDependency(DefaultListableBeanFactory.java:1740) ~[spring-beans-6.2.7.jar:6.2.7]
	at org.springframework.beans.factory.support.DefaultListableBeanFactory.resolveDependency(DefaultListableBeanFactory.java:1628) ~[spring-beans-6.2.7.jar:6.2.7]
	at org.springframework.beans.factory.support.ConstructorResolver.resolveAutowiredArgument(ConstructorResolver.java:913) ~[spring-beans-6.2.7.jar:6.2.7]
	at org.springframework.beans.factory.support.ConstructorResolver.createArgumentArray(ConstructorResolver.java:791) ~[spring-beans-6.2.7.jar:6.2.7]
	... 71 common frames omitted
Caused by: org.springframework.beans.factory.BeanCreationException: Error creating bean with name 'jpaSharedEM_entityManagerFactory': Cannot resolve reference to bean 'entityManagerFactory' while setting constructor argument
	at org.springframework.beans.factory.support.BeanDefinitionValueResolver.resolveReference(BeanDefinitionValueResolver.java:377) ~[spring-beans-6.2.7.jar:6.2.7]
	at org.springframework.beans.factory.support.BeanDefinitionValueResolver.resolveValueIfNecessary(BeanDefinitionValueResolver.java:135) ~[spring-beans-6.2.7.jar:6.2.7]
	at org.springframework.beans.factory.support.ConstructorResolver.resolveConstructorArguments(ConstructorResolver.java:691) ~[spring-beans-6.2.7.jar:6.2.7]
	at org.springframework.beans.factory.support.ConstructorResolver.instantiateUsingFactoryMethod(ConstructorResolver.java:513) ~[spring-beans-6.2.7.jar:6.2.7]
	at org.springframework.beans.factory.support.AbstractAutowireCapableBeanFactory.instantiateUsingFactoryMethod(AbstractAutowireCapableBeanFactory.java:1375) ~[spring-beans-6.2.7.jar:6.2.7]
	at org.springframework.beans.factory.support.AbstractAutowireCapableBeanFactory.createBeanInstance(AbstractAutowireCapableBeanFactory.java:1205) ~[spring-beans-6.2.7.jar:6.2.7]
	at org.springframework.beans.factory.support.AbstractAutowireCapableBeanFactory.doCreateBean(AbstractAutowireCapableBeanFactory.java:569) ~[spring-beans-6.2.7.jar:6.2.7]
	at org.springframework.beans.factory.support.AbstractAutowireCapableBeanFactory.createBean(AbstractAutowireCapableBeanFactory.java:529) ~[spring-beans-6.2.7.jar:6.2.7]
	at org.springframework.beans.factory.support.AbstractBeanFactory.lambda$doGetBean$0(AbstractBeanFactory.java:339) ~[spring-beans-6.2.7.jar:6.2.7]
	at org.springframework.beans.factory.support.DefaultSingletonBeanRegistry.getSingleton(DefaultSingletonBeanRegistry.java:373) ~[spring-beans-6.2.7.jar:6.2.7]
	at org.springframework.beans.factory.support.AbstractBeanFactory.doGetBean(AbstractBeanFactory.java:337) ~[spring-beans-6.2.7.jar:6.2.7]
	at org.springframework.beans.factory.support.AbstractBeanFactory.getBean(AbstractBeanFactory.java:202) ~[spring-beans-6.2.7.jar:6.2.7]
	at org.springframework.beans.factory.support.BeanDefinitionValueResolver.resolveReference(BeanDefinitionValueResolver.java:365) ~[spring-beans-6.2.7.jar:6.2.7]
	... 85 common frames omitted
Caused by: org.springframework.beans.factory.BeanCreationException: Error creating bean with name 'entityManagerFactory' defined in class path resource [org/springframework/boot/autoconfigure/orm/jpa/HibernateJpaConfiguration.class]: Type CartItem not present
	at org.springframework.beans.factory.support.AbstractAutowireCapableBeanFactory.initializeBean(AbstractAutowireCapableBeanFactory.java:1826) ~[spring-beans-6.2.7.jar:6.2.7]
	at org.springframework.beans.factory.support.AbstractAutowireCapableBeanFactory.doCreateBean(AbstractAutowireCapableBeanFactory.java:607) ~[spring-beans-6.2.7.jar:6.2.7]
	at org.springframework.beans.factory.support.AbstractAutowireCapableBeanFactory.createBean(AbstractAutowireCapableBeanFactory.java:529) ~[spring-beans-6.2.7.jar:6.2.7]
	at org.springframework.beans.factory.support.AbstractBeanFactory.lambda$doGetBean$0(AbstractBeanFactory.java:339) ~[spring-beans-6.2.7.jar:6.2.7]
	at org.springframework.beans.factory.support.DefaultSingletonBeanRegistry.getSingleton(DefaultSingletonBeanRegistry.java:373) ~[spring-beans-6.2.7.jar:6.2.7]
	at org.springframework.beans.factory.support.AbstractBeanFactory.doGetBean(AbstractBeanFactory.java:337) ~[spring-beans-6.2.7.jar:6.2.7]
	at org.springframework.beans.factory.support.AbstractBeanFactory.getBean(AbstractBeanFactory.java:202) ~[spring-beans-6.2.7.jar:6.2.7]
	at org.springframework.beans.factory.support.BeanDefinitionValueResolver.resolveReference(BeanDefinitionValueResolver.java:365) ~[spring-beans-6.2.7.jar:6.2.7]
	... 97 common frames omitted
Caused by: java.lang.TypeNotPresentException: Type CartItem not present
	at java.base/sun.reflect.generics.factory.CoreReflectionFactory.makeNamedType(CoreReflectionFactory.java:117) ~[na:na]
	at java.base/sun.reflect.generics.visitor.Reifier.visitClassTypeSignature(Reifier.java:125) ~[na:na]
	at java.base/sun.reflect.generics.tree.ClassTypeSignature.accept(ClassTypeSignature.java:49) ~[na:na]
	at java.base/sun.reflect.generics.visitor.Reifier.reifyTypeArguments(Reifier.java:68) ~[na:na]
	at java.base/sun.reflect.generics.visitor.Reifier.visitClassTypeSignature(Reifier.java:138) ~[na:na]
	at java.base/sun.reflect.generics.tree.ClassTypeSignature.accept(ClassTypeSignature.java:49) ~[na:na]
	at java.base/sun.reflect.generics.repository.MethodRepository.computeReturnType(MethodRepository.java:75) ~[na:na]
	at java.base/sun.reflect.generics.repository.MethodRepository.getReturnType(MethodRepository.java:66) ~[na:na]
	at java.base/java.lang.reflect.Method.getGenericReturnType(Method.java:299) ~[na:na]
	at org.hibernate.annotations.common.reflection.java.JavaXClass.getDeclaredMethodProperties(JavaXClass.java:136) ~[hibernate-commons-annotations-7.0.3.Final.jar:7.0.3.Final]
	at org.hibernate.annotations.common.reflection.java.JavaXClass.getDeclaredProperties(JavaXClass.java:172) ~[hibernate-commons-annotations-7.0.3.Final.jar:7.0.3.Final]
	at org.hibernate.annotations.common.reflection.java.JavaXClass.getDeclaredProperties(JavaXClass.java:164) ~[hibernate-commons-annotations-7.0.3.Final.jar:7.0.3.Final]
	at org.hibernate.boot.model.internal.InheritanceState.determineDefaultAccessType(InheritanceState.java:269) ~[hibernate-core-6.6.15.Final.jar:6.6.15.Final]
	at org.hibernate.boot.model.internal.InheritanceState.getElementsToProcess(InheritanceState.java:226) ~[hibernate-core-6.6.15.Final.jar:6.6.15.Final]
	at org.hibernate.boot.model.internal.InheritanceState.postProcess(InheritanceState.java:162) ~[hibernate-core-6.6.15.Final.jar:6.6.15.Final]
	at org.hibernate.boot.model.internal.EntityBinder.handleIdentifier(EntityBinder.java:410) ~[hibernate-core-6.6.15.Final.jar:6.6.15.Final]
	at org.hibernate.boot.model.internal.EntityBinder.bindEntityClass(EntityBinder.java:251) ~[hibernate-core-6.6.15.Final.jar:6.6.15.Final]
	at org.hibernate.boot.model.internal.AnnotationBinder.bindClass(AnnotationBinder.java:404) ~[hibernate-core-6.6.15.Final.jar:6.6.15.Final]
	at org.hibernate.boot.model.source.internal.annotations.AnnotationMetadataSourceProcessorImpl.processEntityHierarchies(AnnotationMetadataSourceProcessorImpl.java:266) ~[hibernate-core-6.6.15.Final.jar:6.6.15.Final]
	at org.hibernate.boot.model.process.spi.MetadataBuildingProcess$1.processEntityHierarchies(MetadataBuildingProcess.java:281) ~[hibernate-core-6.6.15.Final.jar:6.6.15.Final]
	at org.hibernate.boot.model.process.spi.MetadataBuildingProcess.complete(MetadataBuildingProcess.java:324) ~[hibernate-core-6.6.15.Final.jar:6.6.15.Final]
	at org.hibernate.jpa.boot.internal.EntityManagerFactoryBuilderImpl.metadata(EntityManagerFactoryBuilderImpl.java:1442) ~[hibernate-core-6.6.15.Final.jar:6.6.15.Final]
	at org.hibernate.jpa.boot.internal.EntityManagerFactoryBuilderImpl.build(EntityManagerFactoryBuilderImpl.java:1513) ~[hibernate-core-6.6.15.Final.jar:6.6.15.Final]
	at org.springframework.orm.jpa.vendor.SpringHibernateJpaPersistenceProvider.createContainerEntityManagerFactory(SpringHibernateJpaPersistenceProvider.java:66) ~[spring-orm-6.2.7.jar:6.2.7]
	at org.springframework.orm.jpa.LocalContainerEntityManagerFactoryBean.createNativeEntityManagerFactory(LocalContainerEntityManagerFactoryBean.java:390) ~[spring-orm-6.2.7.jar:6.2.7]
	at org.springframework.orm.jpa.AbstractEntityManagerFactoryBean.buildNativeEntityManagerFactory(AbstractEntityManagerFactoryBean.java:419) ~[spring-orm-6.2.7.jar:6.2.7]
	at org.springframework.orm.jpa.AbstractEntityManagerFactoryBean.afterPropertiesSet(AbstractEntityManagerFactoryBean.java:400) ~[spring-orm-6.2.7.jar:6.2.7]
	at org.springframework.orm.jpa.LocalContainerEntityManagerFactoryBean.afterPropertiesSet(LocalContainerEntityManagerFactoryBean.java:366) ~[spring-orm-6.2.7.jar:6.2.7]
	at org.springframework.beans.factory.support.AbstractAutowireCapableBeanFactory.invokeInitMethods(AbstractAutowireCapableBeanFactory.java:1873) ~[spring-beans-6.2.7.jar:6.2.7]
	at org.springframework.beans.factory.support.AbstractAutowireCapableBeanFactory.initializeBean(AbstractAutowireCapableBeanFactory.java:1822) ~[spring-beans-6.2.7.jar:6.2.7]
	... 104 common frames omitted
Caused by: java.lang.ClassNotFoundException: CartItem
	at java.base/jdk.internal.loader.BuiltinClassLoader.loadClass(BuiltinClassLoader.java:641) ~[na:na]
	at java.base/jdk.internal.loader.ClassLoaders$AppClassLoader.loadClass(ClassLoaders.java:188) ~[na:na]
	at java.base/java.lang.ClassLoader.loadClass(ClassLoader.java:526) ~[na:na]
	at java.base/java.lang.Class.forName0(Native Method) ~[na:na]
	at java.base/java.lang.Class.forName(Class.java:534) ~[na:na]
	at java.base/java.lang.Class.forName(Class.java:513) ~[na:na]
	at org.springframework.boot.devtools.restart.classloader.RestartClassLoader.loadClass(RestartClassLoader.java:121) ~[spring-boot-devtools-3.5.0.jar:3.5.0]
	at java.base/java.lang.ClassLoader.loadClass(ClassLoader.java:526) ~[na:na]
	at java.base/java.lang.Class.forName0(Native Method) ~[na:na]
	at java.base/java.lang.Class.forName(Class.java:534) ~[na:na]
	at java.base/java.lang.Class.forName(Class.java:513) ~[na:na]
	at java.base/sun.reflect.generics.factory.CoreReflectionFactory.makeNamedType(CoreReflectionFactory.java:114) ~[na:na]
	... 133 common frames omitted
2026-07-19 21:09:45 INFO  com.parammart.ParamMartApplication - Starting ParamMartApplication using Java 21.0.8 with PID 15728 (C:\Users\HP\Music\PramMart\param-mart\target\classes started by HP in C:\Users\HP\Music\PramMart\param-mart)
2026-07-19 21:09:45 DEBUG com.parammart.ParamMartApplication - Running with Spring Boot v3.5.0, Spring v6.2.7
2026-07-19 21:09:45 INFO  com.parammart.ParamMartApplication - No active profile set, falling back to 1 default profile: "default"
2026-07-19 21:09:46 INFO  o.s.d.r.c.RepositoryConfigurationDelegate - Bootstrapping Spring Data JPA repositories in DEFAULT mode.
2026-07-19 21:09:46 INFO  o.s.d.r.c.RepositoryConfigurationDelegate - Finished Spring Data repository scanning in 19 ms. Found 5 JPA repository interfaces.
2026-07-19 21:09:46 INFO  o.s.b.w.e.tomcat.TomcatWebServer - Tomcat initialized with port 8080 (http)
2026-07-19 21:09:46 INFO  o.a.catalina.core.StandardService - Starting service [Tomcat]
2026-07-19 21:09:46 INFO  o.a.catalina.core.StandardEngine - Starting Servlet engine: [Apache Tomcat/10.1.41]
2026-07-19 21:09:46 INFO  o.a.c.c.C.[Tomcat-2].[localhost].[/] - Initializing Spring embedded WebApplicationContext
2026-07-19 21:09:46 INFO  o.s.b.w.s.c.ServletWebServerApplicationContext - Root WebApplicationContext: initialization completed in 487 ms
2026-07-19 21:09:46 INFO  o.h.jpa.internal.util.LogHelper - HHH000204: Processing PersistenceUnitInfo [name: default]
2026-07-19 21:09:46 INFO  o.h.c.i.RegionFactoryInitiator - HHH000026: Second-level cache disabled
2026-07-19 21:09:46 INFO  o.s.o.j.p.SpringPersistenceUnitInfo - No LoadTimeWeaver setup: ignoring JPA class transformer
2026-07-19 21:09:46 INFO  com.zaxxer.hikari.HikariDataSource - HikariPool-5 - Starting...
2026-07-19 21:09:46 INFO  com.zaxxer.hikari.pool.HikariPool - HikariPool-5 - Added connection com.mysql.cj.jdbc.ConnectionImpl@3a453212
2026-07-19 21:09:46 INFO  com.zaxxer.hikari.HikariDataSource - HikariPool-5 - Start completed.
2026-07-19 21:09:46 INFO  o.hibernate.orm.connections.pooling - HHH10001005: Database info:
	Database JDBC URL [Connecting through datasource 'HikariDataSource (HikariPool-5)']
	Database driver: undefined/unknown
	Database version: 8.0.46
	Autocommit mode: undefined/unknown
	Isolation level: undefined/unknown
	Minimum pool size: undefined/unknown
	Maximum pool size: undefined/unknown
2026-07-19 21:09:46 INFO  o.h.e.t.j.p.i.JtaPlatformInitiator - HHH000489: No JTA platform available (set 'hibernate.transaction.jta.platform' to enable JTA platform integration)
2026-07-19 21:09:46 DEBUG org.hibernate.SQL - 
    create table cart_items (
        id bigint not null auto_increment,
        price decimal(38,2),
        quantity integer,
        total_price decimal(38,2),
        cart_id bigint,
        product_id bigint,
        primary key (id)
    ) engine=InnoDB
2026-07-19 21:09:46 DEBUG org.hibernate.SQL - 
    create table carts (
        id bigint not null auto_increment,
        active bit not null,
        created_at datetime(6),
        total_amount decimal(38,2) not null,
        total_items integer not null,
        updated_at datetime(6),
        user_id bigint,
        primary key (id)
    ) engine=InnoDB
2026-07-19 21:09:46 DEBUG org.hibernate.SQL - 
    alter table carts 
       drop index UK64t7ox312pqal3p7fg9o503c2
2026-07-19 21:09:46 DEBUG org.hibernate.SQL - 
    alter table carts 
       add constraint UK64t7ox312pqal3p7fg9o503c2 unique (user_id)
2026-07-19 21:09:46 DEBUG org.hibernate.SQL - 
    alter table cart_items 
       add constraint FKpcttvuq4mxppo8sxggjtn5i2c 
       foreign key (cart_id) 
       references carts (id)
2026-07-19 21:09:47 DEBUG org.hibernate.SQL - 
    alter table cart_items 
       add constraint FK1re40cjegsfvw58xrkdp6bac6 
       foreign key (product_id) 
       references products (id)
2026-07-19 21:09:47 DEBUG org.hibernate.SQL - 
    alter table carts 
       add constraint FKb5o626f86h46m4s7ms6ginnop 
       foreign key (user_id) 
       references users (id)
2026-07-19 21:09:47 INFO  o.s.o.j.LocalContainerEntityManagerFactoryBean - Initialized JPA EntityManagerFactory for persistence unit 'default'
2026-07-19 21:09:47 DEBUG c.p.security.JwtAuthenticationFilter - Filter 'jwtAuthenticationFilter' configured for use
2026-07-19 21:09:47 INFO  o.s.s.c.a.a.c.InitializeAuthenticationProviderBeanManagerConfigurer$InitializeAuthenticationProviderManagerConfigurer - Global AuthenticationManager configured with AuthenticationProvider bean with name authenticationProvider
2026-07-19 21:09:47 WARN  o.s.s.c.a.a.c.InitializeUserDetailsBeanManagerConfigurer$InitializeUserDetailsManagerConfigurer - Global AuthenticationManager configured with an AuthenticationProvider bean. UserDetailsService beans will not be used by Spring Security for automatically configuring username/password login. Consider removing the AuthenticationProvider bean. Alternatively, consider using the UserDetailsService in a manually instantiated DaoAuthenticationProvider. If the current configuration is intentional, to turn off this warning, increase the logging level of 'org.springframework.security.config.annotation.authentication.configuration.InitializeUserDetailsBeanManagerConfigurer' to ERROR
2026-07-19 21:09:47 INFO  o.s.b.a.e.web.EndpointLinksResolver - Exposing 3 endpoints beneath base path '/actuator'
2026-07-19 21:09:48 INFO  o.s.b.d.a.OptionalLiveReloadServer - LiveReload server is running on port 35729
2026-07-19 21:09:48 INFO  o.s.b.w.e.tomcat.TomcatWebServer - Tomcat started on port 8080 (http) with context path '/'
2026-07-19 21:09:48 INFO  com.parammart.ParamMartApplication - Started ParamMartApplication in 2.414 seconds (process running for 423.69)
2026-07-19 21:09:48 INFO  o.s.b.d.a.ConditionEvaluationDeltaLoggingListener - Condition evaluation unchanged
2026-07-19 21:10:08 INFO  o.s.b.d.a.LocalDevToolsAutoConfiguration$RestartingClassPathChangeChangedEventListener - Restarting due to 1 class path change (1 addition, 0 deletions, 0 modifications)
2026-07-19 21:10:08 INFO  o.s.b.w.e.tomcat.GracefulShutdown - Commencing graceful shutdown. Waiting for active requests to complete
2026-07-19 21:10:08 INFO  o.s.b.w.e.tomcat.GracefulShutdown - Graceful shutdown complete
2026-07-19 21:10:08 INFO  o.s.o.j.LocalContainerEntityManagerFactoryBean - Closing JPA EntityManagerFactory for persistence unit 'default'
2026-07-19 21:10:08 INFO  com.zaxxer.hikari.HikariDataSource - HikariPool-5 - Shutdown initiated...
2026-07-19 21:10:08 INFO  com.zaxxer.hikari.HikariDataSource - HikariPool-5 - Shutdown completed.
2026-07-19 21:10:08 INFO  com.parammart.ParamMartApplication - Starting ParamMartApplication using Java 21.0.8 with PID 15728 (C:\Users\HP\Music\PramMart\param-mart\target\classes started by HP in C:\Users\HP\Music\PramMart\param-mart)
2026-07-19 21:10:08 DEBUG com.parammart.ParamMartApplication - Running with Spring Boot v3.5.0, Spring v6.2.7
2026-07-19 21:10:08 INFO  com.parammart.ParamMartApplication - No active profile set, falling back to 1 default profile: "default"
2026-07-19 21:10:08 INFO  o.s.d.r.c.RepositoryConfigurationDelegate - Bootstrapping Spring Data JPA repositories in DEFAULT mode.
2026-07-19 21:10:08 INFO  o.s.d.r.c.RepositoryConfigurationDelegate - Finished Spring Data repository scanning in 16 ms. Found 5 JPA repository interfaces.
2026-07-19 21:10:08 INFO  o.s.b.w.e.tomcat.TomcatWebServer - Tomcat initialized with port 8080 (http)
2026-07-19 21:10:08 INFO  o.a.catalina.core.StandardService - Starting service [Tomcat]
2026-07-19 21:10:08 INFO  o.a.catalina.core.StandardEngine - Starting Servlet engine: [Apache Tomcat/10.1.41]
2026-07-19 21:10:08 INFO  o.a.c.c.C.[Tomcat-2].[localhost].[/] - Initializing Spring embedded WebApplicationContext
2026-07-19 21:10:08 INFO  o.s.b.w.s.c.ServletWebServerApplicationContext - Root WebApplicationContext: initialization completed in 396 ms
2026-07-19 21:10:08 INFO  o.h.jpa.internal.util.LogHelper - HHH000204: Processing PersistenceUnitInfo [name: default]
2026-07-19 21:10:08 INFO  o.h.c.i.RegionFactoryInitiator - HHH000026: Second-level cache disabled
2026-07-19 21:10:08 INFO  o.s.o.j.p.SpringPersistenceUnitInfo - No LoadTimeWeaver setup: ignoring JPA class transformer
2026-07-19 21:10:08 INFO  com.zaxxer.hikari.HikariDataSource - HikariPool-6 - Starting...
2026-07-19 21:10:08 INFO  com.zaxxer.hikari.pool.HikariPool - HikariPool-6 - Added connection com.mysql.cj.jdbc.ConnectionImpl@2e71f5b8
2026-07-19 21:10:08 INFO  com.zaxxer.hikari.HikariDataSource - HikariPool-6 - Start completed.
2026-07-19 21:10:08 INFO  o.hibernate.orm.connections.pooling - HHH10001005: Database info:
	Database JDBC URL [Connecting through datasource 'HikariDataSource (HikariPool-6)']
	Database driver: undefined/unknown
	Database version: 8.0.46
	Autocommit mode: undefined/unknown
	Isolation level: undefined/unknown
	Minimum pool size: undefined/unknown
	Maximum pool size: undefined/unknown
2026-07-19 21:10:08 INFO  o.h.e.t.j.p.i.JtaPlatformInitiator - HHH000489: No JTA platform available (set 'hibernate.transaction.jta.platform' to enable JTA platform integration)
2026-07-19 21:10:08 INFO  o.s.o.j.LocalContainerEntityManagerFactoryBean - Initialized JPA EntityManagerFactory for persistence unit 'default'
2026-07-19 21:10:09 DEBUG c.p.security.JwtAuthenticationFilter - Filter 'jwtAuthenticationFilter' configured for use
2026-07-19 21:10:09 INFO  o.s.s.c.a.a.c.InitializeAuthenticationProviderBeanManagerConfigurer$InitializeAuthenticationProviderManagerConfigurer - Global AuthenticationManager configured with AuthenticationProvider bean with name authenticationProvider
2026-07-19 21:10:09 WARN  o.s.s.c.a.a.c.InitializeUserDetailsBeanManagerConfigurer$InitializeUserDetailsManagerConfigurer - Global AuthenticationManager configured with an AuthenticationProvider bean. UserDetailsService beans will not be used by Spring Security for automatically configuring username/password login. Consider removing the AuthenticationProvider bean. Alternatively, consider using the UserDetailsService in a manually instantiated DaoAuthenticationProvider. If the current configuration is intentional, to turn off this warning, increase the logging level of 'org.springframework.security.config.annotation.authentication.configuration.InitializeUserDetailsBeanManagerConfigurer' to ERROR
2026-07-19 21:10:09 INFO  o.s.b.a.e.web.EndpointLinksResolver - Exposing 3 endpoints beneath base path '/actuator'
2026-07-19 21:10:09 INFO  o.s.b.d.a.OptionalLiveReloadServer - LiveReload server is running on port 35729
2026-07-19 21:10:09 INFO  o.s.b.w.e.tomcat.TomcatWebServer - Tomcat started on port 8080 (http) with context path '/'
2026-07-19 21:10:09 INFO  com.parammart.ParamMartApplication - Started ParamMartApplication in 1.248 seconds (process running for 444.981)
2026-07-19 21:10:09 INFO  o.s.b.d.a.ConditionEvaluationDeltaLoggingListener - Condition evaluation unchanged
2026-07-19 21:10:14 INFO  o.s.b.d.a.LocalDevToolsAutoConfiguration$RestartingClassPathChangeChangedEventListener - Restarting due to 5 class path changes (1 addition, 1 deletion, 3 modifications)
2026-07-19 21:10:14 INFO  o.s.b.w.e.tomcat.GracefulShutdown - Commencing graceful shutdown. Waiting for active requests to complete
2026-07-19 21:10:14 INFO  o.s.b.w.e.tomcat.GracefulShutdown - Graceful shutdown complete
2026-07-19 21:10:14 INFO  o.s.o.j.LocalContainerEntityManagerFactoryBean - Closing JPA EntityManagerFactory for persistence unit 'default'
2026-07-19 21:10:14 INFO  com.zaxxer.hikari.HikariDataSource - HikariPool-6 - Shutdown initiated...
2026-07-19 21:10:14 INFO  com.zaxxer.hikari.HikariDataSource - HikariPool-6 - Shutdown completed.
2026-07-19 21:10:14 INFO  com.parammart.ParamMartApplication - Starting ParamMartApplication using Java 21.0.8 with PID 15728 (C:\Users\HP\Music\PramMart\param-mart\target\classes started by HP in C:\Users\HP\Music\PramMart\param-mart)
2026-07-19 21:10:14 DEBUG com.parammart.ParamMartApplication - Running with Spring Boot v3.5.0, Spring v6.2.7
2026-07-19 21:10:14 INFO  com.parammart.ParamMartApplication - No active profile set, falling back to 1 default profile: "default"
2026-07-19 21:10:14 INFO  o.s.d.r.c.RepositoryConfigurationDelegate - Bootstrapping Spring Data JPA repositories in DEFAULT mode.
2026-07-19 21:10:14 INFO  o.s.d.r.c.RepositoryConfigurationDelegate - Finished Spring Data repository scanning in 20 ms. Found 6 JPA repository interfaces.
2026-07-19 21:10:14 INFO  o.s.b.w.e.tomcat.TomcatWebServer - Tomcat initialized with port 8080 (http)
2026-07-19 21:10:14 INFO  o.a.catalina.core.StandardService - Starting service [Tomcat]
2026-07-19 21:10:14 INFO  o.a.catalina.core.StandardEngine - Starting Servlet engine: [Apache Tomcat/10.1.41]
2026-07-19 21:10:14 INFO  o.a.c.c.C.[Tomcat-2].[localhost].[/] - Initializing Spring embedded WebApplicationContext
2026-07-19 21:10:14 INFO  o.s.b.w.s.c.ServletWebServerApplicationContext - Root WebApplicationContext: initialization completed in 466 ms
2026-07-19 21:10:14 INFO  o.h.jpa.internal.util.LogHelper - HHH000204: Processing PersistenceUnitInfo [name: default]
2026-07-19 21:10:14 INFO  o.h.c.i.RegionFactoryInitiator - HHH000026: Second-level cache disabled
2026-07-19 21:10:14 INFO  o.s.o.j.p.SpringPersistenceUnitInfo - No LoadTimeWeaver setup: ignoring JPA class transformer
2026-07-19 21:10:14 INFO  com.zaxxer.hikari.HikariDataSource - HikariPool-7 - Starting...
2026-07-19 21:10:14 INFO  com.zaxxer.hikari.pool.HikariPool - HikariPool-7 - Added connection com.mysql.cj.jdbc.ConnectionImpl@4c55f754
2026-07-19 21:10:14 INFO  com.zaxxer.hikari.HikariDataSource - HikariPool-7 - Start completed.
2026-07-19 21:10:14 INFO  o.hibernate.orm.connections.pooling - HHH10001005: Database info:
	Database JDBC URL [Connecting through datasource 'HikariDataSource (HikariPool-7)']
	Database driver: undefined/unknown
	Database version: 8.0.46
	Autocommit mode: undefined/unknown
	Isolation level: undefined/unknown
	Minimum pool size: undefined/unknown
	Maximum pool size: undefined/unknown
2026-07-19 21:10:14 INFO  o.h.e.t.j.p.i.JtaPlatformInitiator - HHH000489: No JTA platform available (set 'hibernate.transaction.jta.platform' to enable JTA platform integration)
2026-07-19 21:10:14 INFO  o.s.o.j.LocalContainerEntityManagerFactoryBean - Initialized JPA EntityManagerFactory for persistence unit 'default'
2026-07-19 21:10:14 DEBUG c.p.security.JwtAuthenticationFilter - Filter 'jwtAuthenticationFilter' configured for use
2026-07-19 21:10:14 INFO  o.s.s.c.a.a.c.InitializeAuthenticationProviderBeanManagerConfigurer$InitializeAuthenticationProviderManagerConfigurer - Global AuthenticationManager configured with AuthenticationProvider bean with name authenticationProvider
2026-07-19 21:10:14 WARN  o.s.s.c.a.a.c.InitializeUserDetailsBeanManagerConfigurer$InitializeUserDetailsManagerConfigurer - Global AuthenticationManager configured with an AuthenticationProvider bean. UserDetailsService beans will not be used by Spring Security for automatically configuring username/password login. Consider removing the AuthenticationProvider bean. Alternatively, consider using the UserDetailsService in a manually instantiated DaoAuthenticationProvider. If the current configuration is intentional, to turn off this warning, increase the logging level of 'org.springframework.security.config.annotation.authentication.configuration.InitializeUserDetailsBeanManagerConfigurer' to ERROR
2026-07-19 21:10:15 INFO  o.s.b.a.e.web.EndpointLinksResolver - Exposing 3 endpoints beneath base path '/actuator'
2026-07-19 21:10:15 INFO  o.s.b.d.a.OptionalLiveReloadServer - LiveReload server is running on port 35729
2026-07-19 21:10:15 INFO  o.s.b.w.e.tomcat.TomcatWebServer - Tomcat started on port 8080 (http) with context path '/'
2026-07-19 21:10:15 INFO  com.parammart.ParamMartApplication - Started ParamMartApplication in 1.54 seconds (process running for 451.11)
2026-07-19 21:10:15 INFO  o.s.b.d.a.ConditionEvaluationDeltaLoggingListener - Condition evaluation unchanged
2026-07-19 21:10:41 INFO  o.s.b.d.a.LocalDevToolsAutoConfiguration$RestartingClassPathChangeChangedEventListener - Restarting due to 1 class path change (1 addition, 0 deletions, 0 modifications)
2026-07-19 21:10:41 INFO  o.s.b.w.e.tomcat.GracefulShutdown - Commencing graceful shutdown. Waiting for active requests to complete
2026-07-19 21:10:41 INFO  o.s.b.w.e.tomcat.GracefulShutdown - Graceful shutdown complete
2026-07-19 21:10:41 INFO  o.s.o.j.LocalContainerEntityManagerFactoryBean - Closing JPA EntityManagerFactory for persistence unit 'default'
2026-07-19 21:10:41 INFO  com.zaxxer.hikari.HikariDataSource - HikariPool-7 - Shutdown initiated...
2026-07-19 21:10:41 INFO  com.zaxxer.hikari.HikariDataSource - HikariPool-7 - Shutdown completed.
2026-07-19 21:10:42 INFO  com.parammart.ParamMartApplication - Starting ParamMartApplication using Java 21.0.8 with PID 15728 (C:\Users\HP\Music\PramMart\param-mart\target\classes started by HP in C:\Users\HP\Music\PramMart\param-mart)
2026-07-19 21:10:42 DEBUG com.parammart.ParamMartApplication - Running with Spring Boot v3.5.0, Spring v6.2.7
2026-07-19 21:10:42 INFO  com.parammart.ParamMartApplication - No active profile set, falling back to 1 default profile: "default"
2026-07-19 21:10:42 INFO  o.s.d.r.c.RepositoryConfigurationDelegate - Bootstrapping Spring Data JPA repositories in DEFAULT mode.
2026-07-19 21:10:42 INFO  o.s.d.r.c.RepositoryConfigurationDelegate - Finished Spring Data repository scanning in 16 ms. Found 6 JPA repository interfaces.
2026-07-19 21:10:42 INFO  o.s.b.w.e.tomcat.TomcatWebServer - Tomcat initialized with port 8080 (http)
2026-07-19 21:10:42 INFO  o.a.catalina.core.StandardService - Starting service [Tomcat]
2026-07-19 21:10:42 INFO  o.a.catalina.core.StandardEngine - Starting Servlet engine: [Apache Tomcat/10.1.41]
2026-07-19 21:10:42 INFO  o.a.c.c.C.[Tomcat-2].[localhost].[/] - Initializing Spring embedded WebApplicationContext
2026-07-19 21:10:42 INFO  o.s.b.w.s.c.ServletWebServerApplicationContext - Root WebApplicationContext: initialization completed in 398 ms
2026-07-19 21:10:42 INFO  o.h.jpa.internal.util.LogHelper - HHH000204: Processing PersistenceUnitInfo [name: default]
2026-07-19 21:10:42 INFO  o.h.c.i.RegionFactoryInitiator - HHH000026: Second-level cache disabled
2026-07-19 21:10:42 INFO  o.s.o.j.p.SpringPersistenceUnitInfo - No LoadTimeWeaver setup: ignoring JPA class transformer
2026-07-19 21:10:42 INFO  com.zaxxer.hikari.HikariDataSource - HikariPool-8 - Starting...
2026-07-19 21:10:42 INFO  com.zaxxer.hikari.pool.HikariPool - HikariPool-8 - Added connection com.mysql.cj.jdbc.ConnectionImpl@77b786eb
2026-07-19 21:10:42 INFO  com.zaxxer.hikari.HikariDataSource - HikariPool-8 - Start completed.
2026-07-19 21:10:42 INFO  o.hibernate.orm.connections.pooling - HHH10001005: Database info:
	Database JDBC URL [Connecting through datasource 'HikariDataSource (HikariPool-8)']
	Database driver: undefined/unknown
	Database version: 8.0.46
	Autocommit mode: undefined/unknown
	Isolation level: undefined/unknown
	Minimum pool size: undefined/unknown
	Maximum pool size: undefined/unknown
2026-07-19 21:10:42 INFO  o.h.e.t.j.p.i.JtaPlatformInitiator - HHH000489: No JTA platform available (set 'hibernate.transaction.jta.platform' to enable JTA platform integration)
2026-07-19 21:10:42 INFO  o.s.o.j.LocalContainerEntityManagerFactoryBean - Initialized JPA EntityManagerFactory for persistence unit 'default'
2026-07-19 21:10:42 DEBUG c.p.security.JwtAuthenticationFilter - Filter 'jwtAuthenticationFilter' configured for use
2026-07-19 21:10:42 INFO  o.s.s.c.a.a.c.InitializeAuthenticationProviderBeanManagerConfigurer$InitializeAuthenticationProviderManagerConfigurer - Global AuthenticationManager configured with AuthenticationProvider bean with name authenticationProvider
2026-07-19 21:10:42 WARN  o.s.s.c.a.a.c.InitializeUserDetailsBeanManagerConfigurer$InitializeUserDetailsManagerConfigurer - Global AuthenticationManager configured with an AuthenticationProvider bean. UserDetailsService beans will not be used by Spring Security for automatically configuring username/password login. Consider removing the AuthenticationProvider bean. Alternatively, consider using the UserDetailsService in a manually instantiated DaoAuthenticationProvider. If the current configuration is intentional, to turn off this warning, increase the logging level of 'org.springframework.security.config.annotation.authentication.configuration.InitializeUserDetailsBeanManagerConfigurer' to ERROR
2026-07-19 21:10:42 INFO  o.s.b.a.e.web.EndpointLinksResolver - Exposing 3 endpoints beneath base path '/actuator'
2026-07-19 21:10:43 INFO  o.s.b.d.a.OptionalLiveReloadServer - LiveReload server is running on port 35729
2026-07-19 21:10:43 INFO  o.s.b.w.e.tomcat.TomcatWebServer - Tomcat started on port 8080 (http) with context path '/'
2026-07-19 21:10:43 INFO  com.parammart.ParamMartApplication - Started ParamMartApplication in 1.21 seconds (process running for 478.66)
2026-07-19 21:10:43 INFO  o.s.b.d.a.ConditionEvaluationDeltaLoggingListener - Condition evaluation unchanged
2026-07-19 21:10:52 INFO  o.s.b.d.a.LocalDevToolsAutoConfiguration$RestartingClassPathChangeChangedEventListener - Restarting due to 5 class path changes (1 addition, 1 deletion, 3 modifications)
2026-07-19 21:10:52 INFO  o.s.b.w.e.tomcat.GracefulShutdown - Commencing graceful shutdown. Waiting for active requests to complete
2026-07-19 21:10:52 INFO  o.s.b.w.e.tomcat.GracefulShutdown - Graceful shutdown complete
2026-07-19 21:10:52 INFO  o.s.o.j.LocalContainerEntityManagerFactoryBean - Closing JPA EntityManagerFactory for persistence unit 'default'
2026-07-19 21:10:52 INFO  com.zaxxer.hikari.HikariDataSource - HikariPool-8 - Shutdown initiated...
2026-07-19 21:10:52 INFO  com.zaxxer.hikari.HikariDataSource - HikariPool-8 - Shutdown completed.
2026-07-19 21:10:52 INFO  com.parammart.ParamMartApplication - Starting ParamMartApplication using Java 21.0.8 with PID 15728 (C:\Users\HP\Music\PramMart\param-mart\target\classes started by HP in C:\Users\HP\Music\PramMart\param-mart)
2026-07-19 21:10:52 DEBUG com.parammart.ParamMartApplication - Running with Spring Boot v3.5.0, Spring v6.2.7
2026-07-19 21:10:52 INFO  com.parammart.ParamMartApplication - No active profile set, falling back to 1 default profile: "default"
2026-07-19 21:10:52 INFO  o.s.d.r.c.RepositoryConfigurationDelegate - Bootstrapping Spring Data JPA repositories in DEFAULT mode.
2026-07-19 21:10:52 INFO  o.s.d.r.c.RepositoryConfigurationDelegate - Finished Spring Data repository scanning in 25 ms. Found 7 JPA repository interfaces.
2026-07-19 21:10:52 INFO  o.s.b.w.e.tomcat.TomcatWebServer - Tomcat initialized with port 8080 (http)
2026-07-19 21:10:52 INFO  o.a.catalina.core.StandardService - Starting service [Tomcat]
2026-07-19 21:10:52 INFO  o.a.catalina.core.StandardEngine - Starting Servlet engine: [Apache Tomcat/10.1.41]
2026-07-19 21:10:53 INFO  o.a.c.c.C.[Tomcat-2].[localhost].[/] - Initializing Spring embedded WebApplicationContext
2026-07-19 21:10:53 INFO  o.s.b.w.s.c.ServletWebServerApplicationContext - Root WebApplicationContext: initialization completed in 508 ms
2026-07-19 21:10:53 INFO  o.h.jpa.internal.util.LogHelper - HHH000204: Processing PersistenceUnitInfo [name: default]
2026-07-19 21:10:53 INFO  o.h.c.i.RegionFactoryInitiator - HHH000026: Second-level cache disabled
2026-07-19 21:10:53 INFO  o.s.o.j.p.SpringPersistenceUnitInfo - No LoadTimeWeaver setup: ignoring JPA class transformer
2026-07-19 21:10:53 INFO  com.zaxxer.hikari.HikariDataSource - HikariPool-9 - Starting...
2026-07-19 21:10:53 INFO  com.zaxxer.hikari.pool.HikariPool - HikariPool-9 - Added connection com.mysql.cj.jdbc.ConnectionImpl@39318249
2026-07-19 21:10:53 INFO  com.zaxxer.hikari.HikariDataSource - HikariPool-9 - Start completed.
2026-07-19 21:10:53 INFO  o.hibernate.orm.connections.pooling - HHH10001005: Database info:
	Database JDBC URL [Connecting through datasource 'HikariDataSource (HikariPool-9)']
	Database driver: undefined/unknown
	Database version: 8.0.46
	Autocommit mode: undefined/unknown
	Isolation level: undefined/unknown
	Minimum pool size: undefined/unknown
	Maximum pool size: undefined/unknown
2026-07-19 21:10:53 INFO  o.h.e.t.j.p.i.JtaPlatformInitiator - HHH000489: No JTA platform available (set 'hibernate.transaction.jta.platform' to enable JTA platform integration)
2026-07-19 21:10:53 INFO  o.s.o.j.LocalContainerEntityManagerFactoryBean - Initialized JPA EntityManagerFactory for persistence unit 'default'
2026-07-19 21:10:53 DEBUG c.p.security.JwtAuthenticationFilter - Filter 'jwtAuthenticationFilter' configured for use
2026-07-19 21:10:53 INFO  o.s.s.c.a.a.c.InitializeAuthenticationProviderBeanManagerConfigurer$InitializeAuthenticationProviderManagerConfigurer - Global AuthenticationManager configured with AuthenticationProvider bean with name authenticationProvider
2026-07-19 21:10:53 WARN  o.s.s.c.a.a.c.InitializeUserDetailsBeanManagerConfigurer$InitializeUserDetailsManagerConfigurer - Global AuthenticationManager configured with an AuthenticationProvider bean. UserDetailsService beans will not be used by Spring Security for automatically configuring username/password login. Consider removing the AuthenticationProvider bean. Alternatively, consider using the UserDetailsService in a manually instantiated DaoAuthenticationProvider. If the current configuration is intentional, to turn off this warning, increase the logging level of 'org.springframework.security.config.annotation.authentication.configuration.InitializeUserDetailsBeanManagerConfigurer' to ERROR
2026-07-19 21:10:53 INFO  o.s.b.a.e.web.EndpointLinksResolver - Exposing 3 endpoints beneath base path '/actuator'
2026-07-19 21:10:53 INFO  o.s.b.d.a.OptionalLiveReloadServer - LiveReload server is running on port 35729
2026-07-19 21:10:53 INFO  o.s.b.w.e.tomcat.TomcatWebServer - Tomcat started on port 8080 (http) with context path '/'
2026-07-19 21:10:53 INFO  com.parammart.ParamMartApplication - Started ParamMartApplication in 1.406 seconds (process running for 489.36)
2026-07-19 21:10:53 INFO  o.s.b.d.a.ConditionEvaluationDeltaLoggingListener - Condition evaluation unchanged
2026-07-19 21:13:21 INFO  o.s.b.d.a.LocalDevToolsAutoConfiguration$RestartingClassPathChangeChangedEventListener - Restarting due to 1 class path change (1 addition, 0 deletions, 0 modifications)
2026-07-19 21:13:21 INFO  o.s.b.w.e.tomcat.GracefulShutdown - Commencing graceful shutdown. Waiting for active requests to complete
2026-07-19 21:13:21 INFO  o.s.b.w.e.tomcat.GracefulShutdown - Graceful shutdown complete
2026-07-19 21:13:21 INFO  o.s.o.j.LocalContainerEntityManagerFactoryBean - Closing JPA EntityManagerFactory for persistence unit 'default'
2026-07-19 21:13:21 INFO  com.zaxxer.hikari.HikariDataSource - HikariPool-9 - Shutdown initiated...
2026-07-19 21:13:21 INFO  com.zaxxer.hikari.HikariDataSource - HikariPool-9 - Shutdown completed.
2026-07-19 21:13:21 INFO  com.parammart.ParamMartApplication - Starting ParamMartApplication using Java 21.0.8 with PID 15728 (C:\Users\HP\Music\PramMart\param-mart\target\classes started by HP in C:\Users\HP\Music\PramMart\param-mart)
2026-07-19 21:13:21 DEBUG com.parammart.ParamMartApplication - Running with Spring Boot v3.5.0, Spring v6.2.7
2026-07-19 21:13:21 INFO  com.parammart.ParamMartApplication - No active profile set, falling back to 1 default profile: "default"
2026-07-19 21:13:21 INFO  o.s.d.r.c.RepositoryConfigurationDelegate - Bootstrapping Spring Data JPA repositories in DEFAULT mode.
2026-07-19 21:13:21 INFO  o.s.d.r.c.RepositoryConfigurationDelegate - Finished Spring Data repository scanning in 19 ms. Found 7 JPA repository interfaces.
2026-07-19 21:13:21 INFO  o.s.b.w.e.tomcat.TomcatWebServer - Tomcat initialized with port 8080 (http)
2026-07-19 21:13:21 INFO  o.a.catalina.core.StandardService - Starting service [Tomcat]
2026-07-19 21:13:21 INFO  o.a.catalina.core.StandardEngine - Starting Servlet engine: [Apache Tomcat/10.1.41]
2026-07-19 21:13:22 INFO  o.a.c.c.C.[Tomcat-2].[localhost].[/] - Initializing Spring embedded WebApplicationContext
2026-07-19 21:13:22 INFO  o.s.b.w.s.c.ServletWebServerApplicationContext - Root WebApplicationContext: initialization completed in 546 ms
2026-07-19 21:13:22 INFO  o.h.jpa.internal.util.LogHelper - HHH000204: Processing PersistenceUnitInfo [name: default]
2026-07-19 21:13:22 INFO  o.h.c.i.RegionFactoryInitiator - HHH000026: Second-level cache disabled
2026-07-19 21:13:22 INFO  o.s.o.j.p.SpringPersistenceUnitInfo - No LoadTimeWeaver setup: ignoring JPA class transformer
2026-07-19 21:13:22 INFO  com.zaxxer.hikari.HikariDataSource - HikariPool-10 - Starting...
2026-07-19 21:13:22 INFO  com.zaxxer.hikari.pool.HikariPool - HikariPool-10 - Added connection com.mysql.cj.jdbc.ConnectionImpl@3a21bcf6
2026-07-19 21:13:22 INFO  com.zaxxer.hikari.HikariDataSource - HikariPool-10 - Start completed.
2026-07-19 21:13:22 INFO  o.hibernate.orm.connections.pooling - HHH10001005: Database info:
	Database JDBC URL [Connecting through datasource 'HikariDataSource (HikariPool-10)']
	Database driver: undefined/unknown
	Database version: 8.0.46
	Autocommit mode: undefined/unknown
	Isolation level: undefined/unknown
	Minimum pool size: undefined/unknown
	Maximum pool size: undefined/unknown
2026-07-19 21:13:22 INFO  o.h.e.t.j.p.i.JtaPlatformInitiator - HHH000489: No JTA platform available (set 'hibernate.transaction.jta.platform' to enable JTA platform integration)
2026-07-19 21:13:22 INFO  o.s.o.j.LocalContainerEntityManagerFactoryBean - Initialized JPA EntityManagerFactory for persistence unit 'default'
2026-07-19 21:13:22 DEBUG c.p.security.JwtAuthenticationFilter - Filter 'jwtAuthenticationFilter' configured for use
2026-07-19 21:13:22 INFO  o.s.s.c.a.a.c.InitializeAuthenticationProviderBeanManagerConfigurer$InitializeAuthenticationProviderManagerConfigurer - Global AuthenticationManager configured with AuthenticationProvider bean with name authenticationProvider
2026-07-19 21:13:22 WARN  o.s.s.c.a.a.c.InitializeUserDetailsBeanManagerConfigurer$InitializeUserDetailsManagerConfigurer - Global AuthenticationManager configured with an AuthenticationProvider bean. UserDetailsService beans will not be used by Spring Security for automatically configuring username/password login. Consider removing the AuthenticationProvider bean. Alternatively, consider using the UserDetailsService in a manually instantiated DaoAuthenticationProvider. If the current configuration is intentional, to turn off this warning, increase the logging level of 'org.springframework.security.config.annotation.authentication.configuration.InitializeUserDetailsBeanManagerConfigurer' to ERROR
2026-07-19 21:13:22 INFO  o.s.b.a.e.web.EndpointLinksResolver - Exposing 3 endpoints beneath base path '/actuator'
2026-07-19 21:13:22 INFO  o.s.b.d.a.OptionalLiveReloadServer - LiveReload server is running on port 35729
2026-07-19 21:13:22 INFO  o.s.b.w.e.tomcat.TomcatWebServer - Tomcat started on port 8080 (http) with context path '/'
2026-07-19 21:13:22 INFO  com.parammart.ParamMartApplication - Started ParamMartApplication in 1.442 seconds (process running for 638.343)
2026-07-19 21:13:22 INFO  o.s.b.d.a.ConditionEvaluationDeltaLoggingListener - Condition evaluation unchanged
2026-07-19 21:13:32 INFO  o.s.b.d.a.LocalDevToolsAutoConfiguration$RestartingClassPathChangeChangedEventListener - Restarting due to 5 class path changes (1 addition, 1 deletion, 3 modifications)
2026-07-19 21:13:33 INFO  o.s.b.w.e.tomcat.GracefulShutdown - Commencing graceful shutdown. Waiting for active requests to complete
2026-07-19 21:13:33 INFO  o.s.b.w.e.tomcat.GracefulShutdown - Graceful shutdown complete
2026-07-19 21:13:33 INFO  o.s.o.j.LocalContainerEntityManagerFactoryBean - Closing JPA EntityManagerFactory for persistence unit 'default'
2026-07-19 21:13:33 INFO  com.zaxxer.hikari.HikariDataSource - HikariPool-10 - Shutdown initiated...
2026-07-19 21:13:33 INFO  com.zaxxer.hikari.HikariDataSource - HikariPool-10 - Shutdown completed.
2026-07-19 21:13:33 INFO  com.parammart.ParamMartApplication - Starting ParamMartApplication using Java 21.0.8 with PID 15728 (C:\Users\HP\Music\PramMart\param-mart\target\classes started by HP in C:\Users\HP\Music\PramMart\param-mart)
2026-07-19 21:13:33 DEBUG com.parammart.ParamMartApplication - Running with Spring Boot v3.5.0, Spring v6.2.7
2026-07-19 21:13:33 INFO  com.parammart.ParamMartApplication - No active profile set, falling back to 1 default profile: "default"
2026-07-19 21:13:33 INFO  o.s.d.r.c.RepositoryConfigurationDelegate - Bootstrapping Spring Data JPA repositories in DEFAULT mode.
2026-07-19 21:13:33 INFO  o.s.d.r.c.RepositoryConfigurationDelegate - Finished Spring Data repository scanning in 17 ms. Found 7 JPA repository interfaces.
2026-07-19 21:13:33 INFO  o.s.b.w.e.tomcat.TomcatWebServer - Tomcat initialized with port 8080 (http)
2026-07-19 21:13:33 INFO  o.a.catalina.core.StandardService - Starting service [Tomcat]
2026-07-19 21:13:33 INFO  o.a.catalina.core.StandardEngine - Starting Servlet engine: [Apache Tomcat/10.1.41]
2026-07-19 21:13:33 INFO  o.a.c.c.C.[Tomcat-2].[localhost].[/] - Initializing Spring embedded WebApplicationContext
2026-07-19 21:13:33 INFO  o.s.b.w.s.c.ServletWebServerApplicationContext - Root WebApplicationContext: initialization completed in 357 ms
2026-07-19 21:13:33 INFO  o.h.jpa.internal.util.LogHelper - HHH000204: Processing PersistenceUnitInfo [name: default]
2026-07-19 21:13:33 INFO  o.h.c.i.RegionFactoryInitiator - HHH000026: Second-level cache disabled
2026-07-19 21:13:33 INFO  o.s.o.j.p.SpringPersistenceUnitInfo - No LoadTimeWeaver setup: ignoring JPA class transformer
2026-07-19 21:13:33 INFO  com.zaxxer.hikari.HikariDataSource - HikariPool-11 - Starting...
2026-07-19 21:13:33 INFO  com.zaxxer.hikari.pool.HikariPool - HikariPool-11 - Added connection com.mysql.cj.jdbc.ConnectionImpl@b34da46
2026-07-19 21:13:33 INFO  com.zaxxer.hikari.HikariDataSource - HikariPool-11 - Start completed.
2026-07-19 21:13:33 INFO  o.hibernate.orm.connections.pooling - HHH10001005: Database info:
	Database JDBC URL [Connecting through datasource 'HikariDataSource (HikariPool-11)']
	Database driver: undefined/unknown
	Database version: 8.0.46
	Autocommit mode: undefined/unknown
	Isolation level: undefined/unknown
	Minimum pool size: undefined/unknown
	Maximum pool size: undefined/unknown
2026-07-19 21:13:33 INFO  o.h.e.t.j.p.i.JtaPlatformInitiator - HHH000489: No JTA platform available (set 'hibernate.transaction.jta.platform' to enable JTA platform integration)
2026-07-19 21:13:33 INFO  o.s.o.j.LocalContainerEntityManagerFactoryBean - Initialized JPA EntityManagerFactory for persistence unit 'default'
2026-07-19 21:13:33 DEBUG c.p.security.JwtAuthenticationFilter - Filter 'jwtAuthenticationFilter' configured for use
2026-07-19 21:13:33 INFO  o.s.s.c.a.a.c.InitializeAuthenticationProviderBeanManagerConfigurer$InitializeAuthenticationProviderManagerConfigurer - Global AuthenticationManager configured with AuthenticationProvider bean with name authenticationProvider
2026-07-19 21:13:33 WARN  o.s.s.c.a.a.c.InitializeUserDetailsBeanManagerConfigurer$InitializeUserDetailsManagerConfigurer - Global AuthenticationManager configured with an AuthenticationProvider bean. UserDetailsService beans will not be used by Spring Security for automatically configuring username/password login. Consider removing the AuthenticationProvider bean. Alternatively, consider using the UserDetailsService in a manually instantiated DaoAuthenticationProvider. If the current configuration is intentional, to turn off this warning, increase the logging level of 'org.springframework.security.config.annotation.authentication.configuration.InitializeUserDetailsBeanManagerConfigurer' to ERROR
2026-07-19 21:13:33 INFO  o.s.b.a.e.web.EndpointLinksResolver - Exposing 3 endpoints beneath base path '/actuator'
2026-07-19 21:13:34 INFO  o.s.b.d.a.OptionalLiveReloadServer - LiveReload server is running on port 35729
2026-07-19 21:13:34 INFO  o.s.b.w.e.tomcat.TomcatWebServer - Tomcat started on port 8080 (http) with context path '/'
2026-07-19 21:13:34 INFO  com.parammart.ParamMartApplication - Started ParamMartApplication in 1.103 seconds (process running for 649.668)
2026-07-19 21:13:34 INFO  o.s.b.d.a.ConditionEvaluationDeltaLoggingListener - Condition evaluation unchanged
2026-07-19 21:13:41 INFO  o.s.b.d.a.LocalDevToolsAutoConfiguration$RestartingClassPathChangeChangedEventListener - Restarting due to 1 class path change (1 addition, 0 deletions, 0 modifications)
2026-07-19 21:13:41 INFO  o.s.b.w.e.tomcat.GracefulShutdown - Commencing graceful shutdown. Waiting for active requests to complete
2026-07-19 21:13:41 INFO  o.s.b.w.e.tomcat.GracefulShutdown - Graceful shutdown complete
2026-07-19 21:13:41 INFO  o.s.o.j.LocalContainerEntityManagerFactoryBean - Closing JPA EntityManagerFactory for persistence unit 'default'
2026-07-19 21:13:41 INFO  com.zaxxer.hikari.HikariDataSource - HikariPool-11 - Shutdown initiated...
2026-07-19 21:13:41 INFO  com.zaxxer.hikari.HikariDataSource - HikariPool-11 - Shutdown completed.
2026-07-19 21:13:42 INFO  com.parammart.ParamMartApplication - Starting ParamMartApplication using Java 21.0.8 with PID 15728 (C:\Users\HP\Music\PramMart\param-mart\target\classes started by HP in C:\Users\HP\Music\PramMart\param-mart)
2026-07-19 21:13:42 DEBUG com.parammart.ParamMartApplication - Running with Spring Boot v3.5.0, Spring v6.2.7
2026-07-19 21:13:42 INFO  com.parammart.ParamMartApplication - No active profile set, falling back to 1 default profile: "default"
2026-07-19 21:13:42 INFO  o.s.d.r.c.RepositoryConfigurationDelegate - Bootstrapping Spring Data JPA repositories in DEFAULT mode.
2026-07-19 21:13:42 INFO  o.s.d.r.c.RepositoryConfigurationDelegate - Finished Spring Data repository scanning in 35 ms. Found 7 JPA repository interfaces.
2026-07-19 21:13:43 INFO  o.s.b.w.e.tomcat.TomcatWebServer - Tomcat initialized with port 8080 (http)
2026-07-19 21:13:43 INFO  o.a.catalina.core.StandardService - Starting service [Tomcat]
2026-07-19 21:13:43 INFO  o.a.catalina.core.StandardEngine - Starting Servlet engine: [Apache Tomcat/10.1.41]
2026-07-19 21:13:43 INFO  o.a.c.c.C.[Tomcat-2].[localhost].[/] - Initializing Spring embedded WebApplicationContext
2026-07-19 21:13:43 INFO  o.s.b.w.s.c.ServletWebServerApplicationContext - Root WebApplicationContext: initialization completed in 1065 ms
2026-07-19 21:13:43 INFO  o.h.jpa.internal.util.LogHelper - HHH000204: Processing PersistenceUnitInfo [name: default]
2026-07-19 21:13:43 INFO  o.h.c.i.RegionFactoryInitiator - HHH000026: Second-level cache disabled
2026-07-19 21:13:43 INFO  o.s.o.j.p.SpringPersistenceUnitInfo - No LoadTimeWeaver setup: ignoring JPA class transformer
2026-07-19 21:13:43 INFO  com.zaxxer.hikari.HikariDataSource - HikariPool-12 - Starting...
2026-07-19 21:13:43 INFO  com.zaxxer.hikari.pool.HikariPool - HikariPool-12 - Added connection com.mysql.cj.jdbc.ConnectionImpl@21e81295
2026-07-19 21:13:43 INFO  com.zaxxer.hikari.HikariDataSource - HikariPool-12 - Start completed.
2026-07-19 21:13:43 INFO  o.hibernate.orm.connections.pooling - HHH10001005: Database info:
	Database JDBC URL [Connecting through datasource 'HikariDataSource (HikariPool-12)']
	Database driver: undefined/unknown
	Database version: 8.0.46
	Autocommit mode: undefined/unknown
	Isolation level: undefined/unknown
	Minimum pool size: undefined/unknown
	Maximum pool size: undefined/unknown
2026-07-19 21:13:43 INFO  o.h.e.t.j.p.i.JtaPlatformInitiator - HHH000489: No JTA platform available (set 'hibernate.transaction.jta.platform' to enable JTA platform integration)
2026-07-19 21:13:43 INFO  o.s.o.j.LocalContainerEntityManagerFactoryBean - Initialized JPA EntityManagerFactory for persistence unit 'default'
2026-07-19 21:13:43 DEBUG c.p.security.JwtAuthenticationFilter - Filter 'jwtAuthenticationFilter' configured for use
2026-07-19 21:13:43 INFO  o.s.s.c.a.a.c.InitializeAuthenticationProviderBeanManagerConfigurer$InitializeAuthenticationProviderManagerConfigurer - Global AuthenticationManager configured with AuthenticationProvider bean with name authenticationProvider
2026-07-19 21:13:43 WARN  o.s.s.c.a.a.c.InitializeUserDetailsBeanManagerConfigurer$InitializeUserDetailsManagerConfigurer - Global AuthenticationManager configured with an AuthenticationProvider bean. UserDetailsService beans will not be used by Spring Security for automatically configuring username/password login. Consider removing the AuthenticationProvider bean. Alternatively, consider using the UserDetailsService in a manually instantiated DaoAuthenticationProvider. If the current configuration is intentional, to turn off this warning, increase the logging level of 'org.springframework.security.config.annotation.authentication.configuration.InitializeUserDetailsBeanManagerConfigurer' to ERROR
2026-07-19 21:13:44 INFO  o.s.b.a.e.web.EndpointLinksResolver - Exposing 3 endpoints beneath base path '/actuator'
2026-07-19 21:13:44 INFO  o.s.b.d.a.OptionalLiveReloadServer - LiveReload server is running on port 35729
2026-07-19 21:13:45 INFO  o.s.b.w.e.tomcat.TomcatWebServer - Tomcat started on port 8080 (http) with context path '/'
2026-07-19 21:13:45 INFO  com.parammart.ParamMartApplication - Started ParamMartApplication in 3.083 seconds (process running for 660.57)
2026-07-19 21:13:45 INFO  o.s.b.d.a.ConditionEvaluationDeltaLoggingListener - Condition evaluation unchanged
2026-07-19 21:22:54 WARN  com.zaxxer.hikari.pool.HikariPool - HikariPool-12 - Thread starvation or clock leap detected (housekeeper delta=3m41s264ms988µs601ns).
2026-07-19 22:16:52 INFO  o.s.b.d.a.LocalDevToolsAutoConfiguration$RestartingClassPathChangeChangedEventListener - Restarting due to 1 class path change (1 addition, 0 deletions, 0 modifications)
2026-07-19 22:16:52 INFO  o.s.b.w.e.tomcat.GracefulShutdown - Commencing graceful shutdown. Waiting for active requests to complete
2026-07-19 22:16:52 INFO  o.s.b.w.e.tomcat.GracefulShutdown - Graceful shutdown complete
2026-07-19 22:16:52 INFO  o.s.o.j.LocalContainerEntityManagerFactoryBean - Closing JPA EntityManagerFactory for persistence unit 'default'
2026-07-19 22:16:52 INFO  com.zaxxer.hikari.HikariDataSource - HikariPool-12 - Shutdown initiated...
2026-07-19 22:16:52 INFO  com.zaxxer.hikari.HikariDataSource - HikariPool-12 - Shutdown completed.
2026-07-19 22:16:52 INFO  com.parammart.ParamMartApplication - Starting ParamMartApplication using Java 21.0.8 with PID 15728 (C:\Users\HP\Music\PramMart\param-mart\target\classes started by HP in C:\Users\HP\Music\PramMart\param-mart)
2026-07-19 22:16:52 DEBUG com.parammart.ParamMartApplication - Running with Spring Boot v3.5.0, Spring v6.2.7
2026-07-19 22:16:52 INFO  com.parammart.ParamMartApplication - No active profile set, falling back to 1 default profile: "default"
2026-07-19 22:16:53 INFO  o.s.d.r.c.RepositoryConfigurationDelegate - Bootstrapping Spring Data JPA repositories in DEFAULT mode.
2026-07-19 22:16:53 INFO  o.s.d.r.c.RepositoryConfigurationDelegate - Finished Spring Data repository scanning in 46 ms. Found 7 JPA repository interfaces.
2026-07-19 22:16:54 INFO  o.s.b.w.e.tomcat.TomcatWebServer - Tomcat initialized with port 8080 (http)
2026-07-19 22:16:54 INFO  o.a.catalina.core.StandardService - Starting service [Tomcat]
2026-07-19 22:16:54 INFO  o.a.catalina.core.StandardEngine - Starting Servlet engine: [Apache Tomcat/10.1.41]
2026-07-19 22:16:54 INFO  o.a.c.c.C.[Tomcat-2].[localhost].[/] - Initializing Spring embedded WebApplicationContext
2026-07-19 22:16:54 INFO  o.s.b.w.s.c.ServletWebServerApplicationContext - Root WebApplicationContext: initialization completed in 1684 ms
2026-07-19 22:16:54 INFO  o.h.jpa.internal.util.LogHelper - HHH000204: Processing PersistenceUnitInfo [name: default]
2026-07-19 22:16:54 INFO  o.h.c.i.RegionFactoryInitiator - HHH000026: Second-level cache disabled
2026-07-19 22:16:54 INFO  o.s.o.j.p.SpringPersistenceUnitInfo - No LoadTimeWeaver setup: ignoring JPA class transformer
2026-07-19 22:16:54 INFO  com.zaxxer.hikari.HikariDataSource - HikariPool-13 - Starting...
2026-07-19 22:16:54 INFO  com.zaxxer.hikari.pool.HikariPool - HikariPool-13 - Added connection com.mysql.cj.jdbc.ConnectionImpl@7043f811
2026-07-19 22:16:54 INFO  com.zaxxer.hikari.HikariDataSource - HikariPool-13 - Start completed.
2026-07-19 22:16:54 INFO  o.hibernate.orm.connections.pooling - HHH10001005: Database info:
	Database JDBC URL [Connecting through datasource 'HikariDataSource (HikariPool-13)']
	Database driver: undefined/unknown
	Database version: 8.0.46
	Autocommit mode: undefined/unknown
	Isolation level: undefined/unknown
	Minimum pool size: undefined/unknown
	Maximum pool size: undefined/unknown
2026-07-19 22:16:54 INFO  o.h.e.t.j.p.i.JtaPlatformInitiator - HHH000489: No JTA platform available (set 'hibernate.transaction.jta.platform' to enable JTA platform integration)
2026-07-19 22:16:54 INFO  o.s.o.j.LocalContainerEntityManagerFactoryBean - Initialized JPA EntityManagerFactory for persistence unit 'default'
2026-07-19 22:16:55 DEBUG c.p.security.JwtAuthenticationFilter - Filter 'jwtAuthenticationFilter' configured for use
2026-07-19 22:16:55 INFO  o.s.s.c.a.a.c.InitializeAuthenticationProviderBeanManagerConfigurer$InitializeAuthenticationProviderManagerConfigurer - Global AuthenticationManager configured with AuthenticationProvider bean with name authenticationProvider
2026-07-19 22:16:55 WARN  o.s.s.c.a.a.c.InitializeUserDetailsBeanManagerConfigurer$InitializeUserDetailsManagerConfigurer - Global AuthenticationManager configured with an AuthenticationProvider bean. UserDetailsService beans will not be used by Spring Security for automatically configuring username/password login. Consider removing the AuthenticationProvider bean. Alternatively, consider using the UserDetailsService in a manually instantiated DaoAuthenticationProvider. If the current configuration is intentional, to turn off this warning, increase the logging level of 'org.springframework.security.config.annotation.authentication.configuration.InitializeUserDetailsBeanManagerConfigurer' to ERROR
2026-07-19 22:16:55 INFO  o.s.b.a.e.web.EndpointLinksResolver - Exposing 3 endpoints beneath base path '/actuator'
2026-07-19 22:16:55 INFO  o.s.b.d.a.OptionalLiveReloadServer - LiveReload server is running on port 35729
2026-07-19 22:16:55 INFO  o.s.b.w.e.tomcat.TomcatWebServer - Tomcat started on port 8080 (http) with context path '/'
2026-07-19 22:16:55 INFO  com.parammart.ParamMartApplication - Started ParamMartApplication in 3.337 seconds (process running for 4451.659)
2026-07-19 22:16:55 INFO  o.s.b.d.a.ConditionEvaluationDeltaLoggingListener - Condition evaluation unchanged
2026-07-19 22:17:02 INFO  o.s.b.d.a.LocalDevToolsAutoConfiguration$RestartingClassPathChangeChangedEventListener - Restarting due to 5 class path changes (1 addition, 1 deletion, 3 modifications)
2026-07-19 22:17:02 INFO  o.s.b.w.e.tomcat.GracefulShutdown - Commencing graceful shutdown. Waiting for active requests to complete
2026-07-19 22:17:02 INFO  o.s.b.w.e.tomcat.GracefulShutdown - Graceful shutdown complete
2026-07-19 22:17:02 INFO  o.s.o.j.LocalContainerEntityManagerFactoryBean - Closing JPA EntityManagerFactory for persistence unit 'default'
2026-07-19 22:17:02 INFO  com.zaxxer.hikari.HikariDataSource - HikariPool-13 - Shutdown initiated...
2026-07-19 22:17:02 INFO  com.zaxxer.hikari.HikariDataSource - HikariPool-13 - Shutdown completed.
2026-07-19 22:17:02 INFO  com.parammart.ParamMartApplication - Starting ParamMartApplication using Java 21.0.8 with PID 15728 (C:\Users\HP\Music\PramMart\param-mart\target\classes started by HP in C:\Users\HP\Music\PramMart\param-mart)
2026-07-19 22:17:02 DEBUG com.parammart.ParamMartApplication - Running with Spring Boot v3.5.0, Spring v6.2.7
2026-07-19 22:17:02 INFO  com.parammart.ParamMartApplication - No active profile set, falling back to 1 default profile: "default"
2026-07-19 22:17:02 INFO  o.s.d.r.c.RepositoryConfigurationDelegate - Bootstrapping Spring Data JPA repositories in DEFAULT mode.
2026-07-19 22:17:02 INFO  o.s.d.r.c.RepositoryConfigurationDelegate - Finished Spring Data repository scanning in 19 ms. Found 7 JPA repository interfaces.
2026-07-19 22:17:02 INFO  o.s.b.w.e.tomcat.TomcatWebServer - Tomcat initialized with port 8080 (http)
2026-07-19 22:17:02 INFO  o.a.catalina.core.StandardService - Starting service [Tomcat]
2026-07-19 22:17:02 INFO  o.a.catalina.core.StandardEngine - Starting Servlet engine: [Apache Tomcat/10.1.41]
2026-07-19 22:17:02 INFO  o.a.c.c.C.[Tomcat-2].[localhost].[/] - Initializing Spring embedded WebApplicationContext
2026-07-19 22:17:02 INFO  o.s.b.w.s.c.ServletWebServerApplicationContext - Root WebApplicationContext: initialization completed in 379 ms
2026-07-19 22:17:02 INFO  o.h.jpa.internal.util.LogHelper - HHH000204: Processing PersistenceUnitInfo [name: default]
2026-07-19 22:17:02 INFO  o.h.c.i.RegionFactoryInitiator - HHH000026: Second-level cache disabled
2026-07-19 22:17:02 INFO  o.s.o.j.p.SpringPersistenceUnitInfo - No LoadTimeWeaver setup: ignoring JPA class transformer
2026-07-19 22:17:02 INFO  com.zaxxer.hikari.HikariDataSource - HikariPool-14 - Starting...
2026-07-19 22:17:02 INFO  com.zaxxer.hikari.pool.HikariPool - HikariPool-14 - Added connection com.mysql.cj.jdbc.ConnectionImpl@71b9cbc9
2026-07-19 22:17:02 INFO  com.zaxxer.hikari.HikariDataSource - HikariPool-14 - Start completed.
2026-07-19 22:17:02 INFO  o.hibernate.orm.connections.pooling - HHH10001005: Database info:
	Database JDBC URL [Connecting through datasource 'HikariDataSource (HikariPool-14)']
	Database driver: undefined/unknown
	Database version: 8.0.46
	Autocommit mode: undefined/unknown
	Isolation level: undefined/unknown
	Minimum pool size: undefined/unknown
	Maximum pool size: undefined/unknown
2026-07-19 22:17:02 INFO  o.h.e.t.j.p.i.JtaPlatformInitiator - HHH000489: No JTA platform available (set 'hibernate.transaction.jta.platform' to enable JTA platform integration)
2026-07-19 22:17:03 INFO  o.s.o.j.LocalContainerEntityManagerFactoryBean - Initialized JPA EntityManagerFactory for persistence unit 'default'
2026-07-19 22:17:03 DEBUG c.p.security.JwtAuthenticationFilter - Filter 'jwtAuthenticationFilter' configured for use
2026-07-19 22:17:03 INFO  o.s.s.c.a.a.c.InitializeAuthenticationProviderBeanManagerConfigurer$InitializeAuthenticationProviderManagerConfigurer - Global AuthenticationManager configured with AuthenticationProvider bean with name authenticationProvider
2026-07-19 22:17:03 WARN  o.s.s.c.a.a.c.InitializeUserDetailsBeanManagerConfigurer$InitializeUserDetailsManagerConfigurer - Global AuthenticationManager configured with an AuthenticationProvider bean. UserDetailsService beans will not be used by Spring Security for automatically configuring username/password login. Consider removing the AuthenticationProvider bean. Alternatively, consider using the UserDetailsService in a manually instantiated DaoAuthenticationProvider. If the current configuration is intentional, to turn off this warning, increase the logging level of 'org.springframework.security.config.annotation.authentication.configuration.InitializeUserDetailsBeanManagerConfigurer' to ERROR
2026-07-19 22:17:03 INFO  o.s.b.a.e.web.EndpointLinksResolver - Exposing 3 endpoints beneath base path '/actuator'
2026-07-19 22:17:03 INFO  o.s.b.d.a.OptionalLiveReloadServer - LiveReload server is running on port 35729
2026-07-19 22:17:03 INFO  o.s.b.w.e.tomcat.TomcatWebServer - Tomcat started on port 8080 (http) with context path '/'
2026-07-19 22:17:03 INFO  com.parammart.ParamMartApplication - Started ParamMartApplication in 1.193 seconds (process running for 4459.487)
2026-07-19 22:17:03 INFO  o.s.b.d.a.ConditionEvaluationDeltaLoggingListener - Condition evaluation unchanged
2026-07-19 22:17:06 INFO  o.s.b.d.a.LocalDevToolsAutoConfiguration$RestartingClassPathChangeChangedEventListener - Restarting due to 1 class path change (0 additions, 0 deletions, 1 modification)
2026-07-19 22:17:06 INFO  o.s.b.w.e.tomcat.GracefulShutdown - Commencing graceful shutdown. Waiting for active requests to complete
2026-07-19 22:17:06 INFO  o.s.b.w.e.tomcat.GracefulShutdown - Graceful shutdown complete
2026-07-19 22:17:06 INFO  o.s.o.j.LocalContainerEntityManagerFactoryBean - Closing JPA EntityManagerFactory for persistence unit 'default'
2026-07-19 22:17:06 INFO  com.zaxxer.hikari.HikariDataSource - HikariPool-14 - Shutdown initiated...
2026-07-19 22:17:06 INFO  com.zaxxer.hikari.HikariDataSource - HikariPool-14 - Shutdown completed.
2026-07-19 22:17:06 INFO  com.parammart.ParamMartApplication - Starting ParamMartApplication using Java 21.0.8 with PID 15728 (C:\Users\HP\Music\PramMart\param-mart\target\classes started by HP in C:\Users\HP\Music\PramMart\param-mart)
2026-07-19 22:17:06 DEBUG com.parammart.ParamMartApplication - Running with Spring Boot v3.5.0, Spring v6.2.7
2026-07-19 22:17:06 INFO  com.parammart.ParamMartApplication - No active profile set, falling back to 1 default profile: "default"
2026-07-19 22:17:06 INFO  o.s.d.r.c.RepositoryConfigurationDelegate - Bootstrapping Spring Data JPA repositories in DEFAULT mode.
2026-07-19 22:17:06 INFO  o.s.d.r.c.RepositoryConfigurationDelegate - Finished Spring Data repository scanning in 46 ms. Found 7 JPA repository interfaces.
2026-07-19 22:17:07 INFO  o.s.b.w.e.tomcat.TomcatWebServer - Tomcat initialized with port 8080 (http)
2026-07-19 22:17:07 INFO  o.a.catalina.core.StandardService - Starting service [Tomcat]
2026-07-19 22:17:07 INFO  o.a.catalina.core.StandardEngine - Starting Servlet engine: [Apache Tomcat/10.1.41]
2026-07-19 22:17:07 INFO  o.a.c.c.C.[Tomcat-2].[localhost].[/] - Initializing Spring embedded WebApplicationContext
2026-07-19 22:17:07 INFO  o.s.b.w.s.c.ServletWebServerApplicationContext - Root WebApplicationContext: initialization completed in 959 ms
2026-07-19 22:17:07 INFO  o.h.jpa.internal.util.LogHelper - HHH000204: Processing PersistenceUnitInfo [name: default]
2026-07-19 22:17:07 INFO  o.h.c.i.RegionFactoryInitiator - HHH000026: Second-level cache disabled
2026-07-19 22:17:07 INFO  o.s.o.j.p.SpringPersistenceUnitInfo - No LoadTimeWeaver setup: ignoring JPA class transformer
2026-07-19 22:17:07 INFO  com.zaxxer.hikari.HikariDataSource - HikariPool-15 - Starting...
2026-07-19 22:17:07 INFO  com.zaxxer.hikari.pool.HikariPool - HikariPool-15 - Added connection com.mysql.cj.jdbc.ConnectionImpl@348f513b
2026-07-19 22:17:07 INFO  com.zaxxer.hikari.HikariDataSource - HikariPool-15 - Start completed.
2026-07-19 22:17:07 INFO  o.hibernate.orm.connections.pooling - HHH10001005: Database info:
	Database JDBC URL [Connecting through datasource 'HikariDataSource (HikariPool-15)']
	Database driver: undefined/unknown
	Database version: 8.0.46
	Autocommit mode: undefined/unknown
	Isolation level: undefined/unknown
	Minimum pool size: undefined/unknown
	Maximum pool size: undefined/unknown
2026-07-19 22:17:07 INFO  o.h.e.t.j.p.i.JtaPlatformInitiator - HHH000489: No JTA platform available (set 'hibernate.transaction.jta.platform' to enable JTA platform integration)
2026-07-19 22:17:07 INFO  o.s.o.j.LocalContainerEntityManagerFactoryBean - Initialized JPA EntityManagerFactory for persistence unit 'default'
2026-07-19 22:17:07 DEBUG c.p.security.JwtAuthenticationFilter - Filter 'jwtAuthenticationFilter' configured for use
2026-07-19 22:17:07 INFO  o.s.s.c.a.a.c.InitializeAuthenticationProviderBeanManagerConfigurer$InitializeAuthenticationProviderManagerConfigurer - Global AuthenticationManager configured with AuthenticationProvider bean with name authenticationProvider
2026-07-19 22:17:07 WARN  o.s.s.c.a.a.c.InitializeUserDetailsBeanManagerConfigurer$InitializeUserDetailsManagerConfigurer - Global AuthenticationManager configured with an AuthenticationProvider bean. UserDetailsService beans will not be used by Spring Security for automatically configuring username/password login. Consider removing the AuthenticationProvider bean. Alternatively, consider using the UserDetailsService in a manually instantiated DaoAuthenticationProvider. If the current configuration is intentional, to turn off this warning, increase the logging level of 'org.springframework.security.config.annotation.authentication.configuration.InitializeUserDetailsBeanManagerConfigurer' to ERROR
2026-07-19 22:17:07 INFO  o.s.b.a.e.web.EndpointLinksResolver - Exposing 3 endpoints beneath base path '/actuator'
2026-07-19 22:17:08 INFO  o.s.b.d.a.OptionalLiveReloadServer - LiveReload server is running on port 35729
2026-07-19 22:17:08 INFO  o.s.b.w.e.tomcat.TomcatWebServer - Tomcat started on port 8080 (http) with context path '/'
2026-07-19 22:17:08 INFO  com.parammart.ParamMartApplication - Started ParamMartApplication in 2.251 seconds (process running for 4464.282)
2026-07-19 22:17:08 INFO  o.s.b.d.a.ConditionEvaluationDeltaLoggingListener - Condition evaluation unchanged
2026-07-19 22:18:11 INFO  o.s.b.d.a.LocalDevToolsAutoConfiguration$RestartingClassPathChangeChangedEventListener - Restarting due to 1 class path change (1 addition, 0 deletions, 0 modifications)
2026-07-19 22:18:11 INFO  o.s.b.w.e.tomcat.GracefulShutdown - Commencing graceful shutdown. Waiting for active requests to complete
2026-07-19 22:18:11 INFO  o.s.b.w.e.tomcat.GracefulShutdown - Graceful shutdown complete
2026-07-19 22:18:11 INFO  o.s.o.j.LocalContainerEntityManagerFactoryBean - Closing JPA EntityManagerFactory for persistence unit 'default'
2026-07-19 22:18:11 INFO  com.zaxxer.hikari.HikariDataSource - HikariPool-15 - Shutdown initiated...
2026-07-19 22:18:11 INFO  com.zaxxer.hikari.HikariDataSource - HikariPool-15 - Shutdown completed.
2026-07-19 22:18:11 INFO  com.parammart.ParamMartApplication - Starting ParamMartApplication using Java 21.0.8 with PID 15728 (C:\Users\HP\Music\PramMart\param-mart\target\classes started by HP in C:\Users\HP\Music\PramMart\param-mart)
2026-07-19 22:18:11 DEBUG com.parammart.ParamMartApplication - Running with Spring Boot v3.5.0, Spring v6.2.7
2026-07-19 22:18:11 INFO  com.parammart.ParamMartApplication - No active profile set, falling back to 1 default profile: "default"
2026-07-19 22:18:11 INFO  o.s.d.r.c.RepositoryConfigurationDelegate - Bootstrapping Spring Data JPA repositories in DEFAULT mode.
2026-07-19 22:18:11 INFO  o.s.d.r.c.RepositoryConfigurationDelegate - Finished Spring Data repository scanning in 31 ms. Found 7 JPA repository interfaces.
2026-07-19 22:18:11 INFO  o.s.b.w.e.tomcat.TomcatWebServer - Tomcat initialized with port 8080 (http)
2026-07-19 22:18:11 INFO  o.a.catalina.core.StandardService - Starting service [Tomcat]
2026-07-19 22:18:11 INFO  o.a.catalina.core.StandardEngine - Starting Servlet engine: [Apache Tomcat/10.1.41]
2026-07-19 22:18:11 INFO  o.a.c.c.C.[Tomcat-2].[localhost].[/] - Initializing Spring embedded WebApplicationContext
2026-07-19 22:18:11 INFO  o.s.b.w.s.c.ServletWebServerApplicationContext - Root WebApplicationContext: initialization completed in 417 ms
2026-07-19 22:18:11 INFO  o.h.jpa.internal.util.LogHelper - HHH000204: Processing PersistenceUnitInfo [name: default]
2026-07-19 22:18:11 INFO  o.h.c.i.RegionFactoryInitiator - HHH000026: Second-level cache disabled
2026-07-19 22:18:11 INFO  o.s.o.j.p.SpringPersistenceUnitInfo - No LoadTimeWeaver setup: ignoring JPA class transformer
2026-07-19 22:18:11 INFO  com.zaxxer.hikari.HikariDataSource - HikariPool-16 - Starting...
2026-07-19 22:18:11 INFO  com.zaxxer.hikari.pool.HikariPool - HikariPool-16 - Added connection com.mysql.cj.jdbc.ConnectionImpl@1fd05fc7
2026-07-19 22:18:11 INFO  com.zaxxer.hikari.HikariDataSource - HikariPool-16 - Start completed.
2026-07-19 22:18:11 INFO  o.hibernate.orm.connections.pooling - HHH10001005: Database info:
	Database JDBC URL [Connecting through datasource 'HikariDataSource (HikariPool-16)']
	Database driver: undefined/unknown
	Database version: 8.0.46
	Autocommit mode: undefined/unknown
	Isolation level: undefined/unknown
	Minimum pool size: undefined/unknown
	Maximum pool size: undefined/unknown
2026-07-19 22:18:11 INFO  o.h.e.t.j.p.i.JtaPlatformInitiator - HHH000489: No JTA platform available (set 'hibernate.transaction.jta.platform' to enable JTA platform integration)
2026-07-19 22:18:11 INFO  o.s.o.j.LocalContainerEntityManagerFactoryBean - Initialized JPA EntityManagerFactory for persistence unit 'default'
2026-07-19 22:18:12 DEBUG c.p.security.JwtAuthenticationFilter - Filter 'jwtAuthenticationFilter' configured for use
2026-07-19 22:18:12 INFO  o.s.s.c.a.a.c.InitializeAuthenticationProviderBeanManagerConfigurer$InitializeAuthenticationProviderManagerConfigurer - Global AuthenticationManager configured with AuthenticationProvider bean with name authenticationProvider
2026-07-19 22:18:12 WARN  o.s.s.c.a.a.c.InitializeUserDetailsBeanManagerConfigurer$InitializeUserDetailsManagerConfigurer - Global AuthenticationManager configured with an AuthenticationProvider bean. UserDetailsService beans will not be used by Spring Security for automatically configuring username/password login. Consider removing the AuthenticationProvider bean. Alternatively, consider using the UserDetailsService in a manually instantiated DaoAuthenticationProvider. If the current configuration is intentional, to turn off this warning, increase the logging level of 'org.springframework.security.config.annotation.authentication.configuration.InitializeUserDetailsBeanManagerConfigurer' to ERROR
2026-07-19 22:18:12 INFO  o.s.b.a.e.web.EndpointLinksResolver - Exposing 3 endpoints beneath base path '/actuator'
2026-07-19 22:18:12 INFO  o.s.b.d.a.OptionalLiveReloadServer - LiveReload server is running on port 35729
2026-07-19 22:18:12 INFO  o.s.b.w.e.tomcat.TomcatWebServer - Tomcat started on port 8080 (http) with context path '/'
2026-07-19 22:18:12 INFO  com.parammart.ParamMartApplication - Started ParamMartApplication in 1.199 seconds (process running for 4528.439)
2026-07-19 22:18:12 INFO  o.s.b.d.a.ConditionEvaluationDeltaLoggingListener - Condition evaluation unchanged
2026-07-19 22:18:31 INFO  o.s.b.d.a.LocalDevToolsAutoConfiguration$RestartingClassPathChangeChangedEventListener - Restarting due to 5 class path changes (1 addition, 1 deletion, 3 modifications)
2026-07-19 22:18:31 INFO  o.s.b.w.e.tomcat.GracefulShutdown - Commencing graceful shutdown. Waiting for active requests to complete
2026-07-19 22:18:31 INFO  o.s.b.w.e.tomcat.GracefulShutdown - Graceful shutdown complete
2026-07-19 22:18:31 INFO  o.s.o.j.LocalContainerEntityManagerFactoryBean - Closing JPA EntityManagerFactory for persistence unit 'default'
2026-07-19 22:18:31 INFO  com.zaxxer.hikari.HikariDataSource - HikariPool-16 - Shutdown initiated...
2026-07-19 22:18:31 INFO  com.zaxxer.hikari.HikariDataSource - HikariPool-16 - Shutdown completed.
2026-07-19 22:18:31 INFO  com.parammart.ParamMartApplication - Starting ParamMartApplication using Java 21.0.8 with PID 15728 (C:\Users\HP\Music\PramMart\param-mart\target\classes started by HP in C:\Users\HP\Music\PramMart\param-mart)
2026-07-19 22:18:31 DEBUG com.parammart.ParamMartApplication - Running with Spring Boot v3.5.0, Spring v6.2.7
2026-07-19 22:18:31 INFO  com.parammart.ParamMartApplication - No active profile set, falling back to 1 default profile: "default"
2026-07-19 22:18:31 INFO  o.s.d.r.c.RepositoryConfigurationDelegate - Bootstrapping Spring Data JPA repositories in DEFAULT mode.
2026-07-19 22:18:31 INFO  o.s.d.r.c.RepositoryConfigurationDelegate - Finished Spring Data repository scanning in 17 ms. Found 7 JPA repository interfaces.
2026-07-19 22:18:32 INFO  o.s.b.w.e.tomcat.TomcatWebServer - Tomcat initialized with port 8080 (http)
2026-07-19 22:18:32 INFO  o.a.catalina.core.StandardService - Starting service [Tomcat]
2026-07-19 22:18:32 INFO  o.a.catalina.core.StandardEngine - Starting Servlet engine: [Apache Tomcat/10.1.41]
2026-07-19 22:18:32 INFO  o.a.c.c.C.[Tomcat-2].[localhost].[/] - Initializing Spring embedded WebApplicationContext
2026-07-19 22:18:32 INFO  o.s.b.w.s.c.ServletWebServerApplicationContext - Root WebApplicationContext: initialization completed in 404 ms
2026-07-19 22:18:32 INFO  o.h.jpa.internal.util.LogHelper - HHH000204: Processing PersistenceUnitInfo [name: default]
2026-07-19 22:18:32 INFO  o.h.c.i.RegionFactoryInitiator - HHH000026: Second-level cache disabled
2026-07-19 22:18:32 INFO  o.s.o.j.p.SpringPersistenceUnitInfo - No LoadTimeWeaver setup: ignoring JPA class transformer
2026-07-19 22:18:32 INFO  com.zaxxer.hikari.HikariDataSource - HikariPool-17 - Starting...
2026-07-19 22:18:32 INFO  com.zaxxer.hikari.pool.HikariPool - HikariPool-17 - Added connection com.mysql.cj.jdbc.ConnectionImpl@4df30409
2026-07-19 22:18:32 INFO  com.zaxxer.hikari.HikariDataSource - HikariPool-17 - Start completed.
2026-07-19 22:18:32 INFO  o.hibernate.orm.connections.pooling - HHH10001005: Database info:
	Database JDBC URL [Connecting through datasource 'HikariDataSource (HikariPool-17)']
	Database driver: undefined/unknown
	Database version: 8.0.46
	Autocommit mode: undefined/unknown
	Isolation level: undefined/unknown
	Minimum pool size: undefined/unknown
	Maximum pool size: undefined/unknown
2026-07-19 22:18:32 INFO  o.h.e.t.j.p.i.JtaPlatformInitiator - HHH000489: No JTA platform available (set 'hibernate.transaction.jta.platform' to enable JTA platform integration)
2026-07-19 22:18:32 INFO  o.s.o.j.LocalContainerEntityManagerFactoryBean - Initialized JPA EntityManagerFactory for persistence unit 'default'
2026-07-19 22:18:32 DEBUG c.p.security.JwtAuthenticationFilter - Filter 'jwtAuthenticationFilter' configured for use
2026-07-19 22:18:32 INFO  o.s.s.c.a.a.c.InitializeAuthenticationProviderBeanManagerConfigurer$InitializeAuthenticationProviderManagerConfigurer - Global AuthenticationManager configured with AuthenticationProvider bean with name authenticationProvider
2026-07-19 22:18:32 WARN  o.s.s.c.a.a.c.InitializeUserDetailsBeanManagerConfigurer$InitializeUserDetailsManagerConfigurer - Global AuthenticationManager configured with an AuthenticationProvider bean. UserDetailsService beans will not be used by Spring Security for automatically configuring username/password login. Consider removing the AuthenticationProvider bean. Alternatively, consider using the UserDetailsService in a manually instantiated DaoAuthenticationProvider. If the current configuration is intentional, to turn off this warning, increase the logging level of 'org.springframework.security.config.annotation.authentication.configuration.InitializeUserDetailsBeanManagerConfigurer' to ERROR
2026-07-19 22:18:32 WARN  o.s.b.w.s.c.AnnotationConfigServletWebServerApplicationContext - Exception encountered during context initialization - cancelling refresh attempt: org.springframework.beans.factory.BeanCreationException: Error creating bean with name 'cartServiceImpl' defined in file [C:\Users\HP\Music\PramMart\param-mart\target\classes\com\parammart\service\impl\CartServiceImpl.class]: Failed to instantiate [com.parammart.service.impl.CartServiceImpl]: Constructor threw exception
2026-07-19 22:18:32 INFO  o.s.o.j.LocalContainerEntityManagerFactoryBean - Closing JPA EntityManagerFactory for persistence unit 'default'
2026-07-19 22:18:32 INFO  com.zaxxer.hikari.HikariDataSource - HikariPool-17 - Shutdown initiated...
2026-07-19 22:18:32 INFO  com.zaxxer.hikari.HikariDataSource - HikariPool-17 - Shutdown completed.
2026-07-19 22:18:32 INFO  o.a.catalina.core.StandardService - Stopping service [Tomcat]
2026-07-19 22:18:32 INFO  o.s.b.a.l.ConditionEvaluationReportLogger - 

Error starting ApplicationContext. To display the condition evaluation report re-run your application with 'debug' enabled.
2026-07-19 22:18:32 ERROR o.s.boot.SpringApplication - Application run failed
org.springframework.beans.factory.BeanCreationException: Error creating bean with name 'cartServiceImpl' defined in file [C:\Users\HP\Music\PramMart\param-mart\target\classes\com\parammart\service\impl\CartServiceImpl.class]: Failed to instantiate [com.parammart.service.impl.CartServiceImpl]: Constructor threw exception
	at org.springframework.beans.factory.support.ConstructorResolver.instantiate(ConstructorResolver.java:321) ~[spring-beans-6.2.7.jar:6.2.7]
	at org.springframework.beans.factory.support.ConstructorResolver.autowireConstructor(ConstructorResolver.java:309) ~[spring-beans-6.2.7.jar:6.2.7]
	at org.springframework.beans.factory.support.AbstractAutowireCapableBeanFactory.autowireConstructor(AbstractAutowireCapableBeanFactory.java:1395) ~[spring-beans-6.2.7.jar:6.2.7]
	at org.springframework.beans.factory.support.AbstractAutowireCapableBeanFactory.createBeanInstance(AbstractAutowireCapableBeanFactory.java:1232) ~[spring-beans-6.2.7.jar:6.2.7]
	at org.springframework.beans.factory.support.AbstractAutowireCapableBeanFactory.doCreateBean(AbstractAutowireCapableBeanFactory.java:569) ~[spring-beans-6.2.7.jar:6.2.7]
	at org.springframework.beans.factory.support.AbstractAutowireCapableBeanFactory.createBean(AbstractAutowireCapableBeanFactory.java:529) ~[spring-beans-6.2.7.jar:6.2.7]
	at org.springframework.beans.factory.support.AbstractBeanFactory.lambda$doGetBean$0(AbstractBeanFactory.java:339) ~[spring-beans-6.2.7.jar:6.2.7]
	at org.springframework.beans.factory.support.DefaultSingletonBeanRegistry.getSingleton(DefaultSingletonBeanRegistry.java:373) ~[spring-beans-6.2.7.jar:6.2.7]
	at org.springframework.beans.factory.support.AbstractBeanFactory.doGetBean(AbstractBeanFactory.java:337) ~[spring-beans-6.2.7.jar:6.2.7]
	at org.springframework.beans.factory.support.AbstractBeanFactory.getBean(AbstractBeanFactory.java:202) ~[spring-beans-6.2.7.jar:6.2.7]
	at org.springframework.beans.factory.support.DefaultListableBeanFactory.instantiateSingleton(DefaultListableBeanFactory.java:1222) ~[spring-beans-6.2.7.jar:6.2.7]
	at org.springframework.beans.factory.support.DefaultListableBeanFactory.preInstantiateSingleton(DefaultListableBeanFactory.java:1188) ~[spring-beans-6.2.7.jar:6.2.7]
	at org.springframework.beans.factory.support.DefaultListableBeanFactory.preInstantiateSingletons(DefaultListableBeanFactory.java:1123) ~[spring-beans-6.2.7.jar:6.2.7]
	at org.springframework.context.support.AbstractApplicationContext.finishBeanFactoryInitialization(AbstractApplicationContext.java:987) ~[spring-context-6.2.7.jar:6.2.7]
	at org.springframework.context.support.AbstractApplicationContext.refresh(AbstractApplicationContext.java:627) ~[spring-context-6.2.7.jar:6.2.7]
	at org.springframework.boot.web.servlet.context.ServletWebServerApplicationContext.refresh(ServletWebServerApplicationContext.java:146) ~[spring-boot-3.5.0.jar:3.5.0]
	at org.springframework.boot.SpringApplication.refresh(SpringApplication.java:753) ~[spring-boot-3.5.0.jar:3.5.0]
	at org.springframework.boot.SpringApplication.refreshContext(SpringApplication.java:439) ~[spring-boot-3.5.0.jar:3.5.0]
	at org.springframework.boot.SpringApplication.run(SpringApplication.java:318) ~[spring-boot-3.5.0.jar:3.5.0]
	at org.springframework.boot.SpringApplication.run(SpringApplication.java:1362) ~[spring-boot-3.5.0.jar:3.5.0]
	at org.springframework.boot.SpringApplication.run(SpringApplication.java:1351) ~[spring-boot-3.5.0.jar:3.5.0]
	at com.parammart.ParamMartApplication.main(ParamMartApplication.java:10) ~[classes/:na]
	at java.base/jdk.internal.reflect.DirectMethodHandleAccessor.invoke(DirectMethodHandleAccessor.java:103) ~[na:na]
	at java.base/java.lang.reflect.Method.invoke(Method.java:580) ~[na:na]
	at org.springframework.boot.devtools.restart.RestartLauncher.run(RestartLauncher.java:50) ~[spring-boot-devtools-3.5.0.jar:3.5.0]
Caused by: org.springframework.beans.BeanInstantiationException: Failed to instantiate [com.parammart.service.impl.CartServiceImpl]: Constructor threw exception
	at org.springframework.beans.BeanUtils.instantiateClass(BeanUtils.java:222) ~[spring-beans-6.2.7.jar:6.2.7]
	at org.springframework.beans.factory.support.SimpleInstantiationStrategy.instantiate(SimpleInstantiationStrategy.java:145) ~[spring-beans-6.2.7.jar:6.2.7]
	at org.springframework.beans.factory.support.ConstructorResolver.instantiate(ConstructorResolver.java:318) ~[spring-beans-6.2.7.jar:6.2.7]
	... 24 common frames omitted
Caused by: java.lang.Error: Unresolved compilation problem: 
	The public type CartServiceImpl must be defined in its own file

	at com.parammart.service.impl.CartServiceImpl.<init>(nbbb.java:24) ~[classes/:na]
	at java.base/jdk.internal.reflect.DirectConstructorHandleAccessor.newInstance(DirectConstructorHandleAccessor.java:62) ~[na:na]
	at java.base/java.lang.reflect.Constructor.newInstanceWithCaller(Constructor.java:502) ~[na:na]
	at java.base/java.lang.reflect.Constructor.newInstance(Constructor.java:486) ~[na:na]
	at org.springframework.beans.BeanUtils.instantiateClass(BeanUtils.java:209) ~[spring-beans-6.2.7.jar:6.2.7]
	... 26 common frames omitted
2026-07-19 22:18:38 INFO  com.parammart.ParamMartApplication - Starting ParamMartApplication using Java 21.0.8 with PID 15728 (C:\Users\HP\Music\PramMart\param-mart\target\classes started by HP in C:\Users\HP\Music\PramMart\param-mart)
2026-07-19 22:18:38 DEBUG com.parammart.ParamMartApplication - Running with Spring Boot v3.5.0, Spring v6.2.7
2026-07-19 22:18:38 INFO  com.parammart.ParamMartApplication - No active profile set, falling back to 1 default profile: "default"
2026-07-19 22:18:38 INFO  o.s.d.r.c.RepositoryConfigurationDelegate - Bootstrapping Spring Data JPA repositories in DEFAULT mode.
2026-07-19 22:18:38 INFO  o.s.d.r.c.RepositoryConfigurationDelegate - Finished Spring Data repository scanning in 20 ms. Found 7 JPA repository interfaces.
2026-07-19 22:18:38 INFO  o.s.b.w.e.tomcat.TomcatWebServer - Tomcat initialized with port 8080 (http)
2026-07-19 22:18:38 INFO  o.a.catalina.core.StandardService - Starting service [Tomcat]
2026-07-19 22:18:38 INFO  o.a.catalina.core.StandardEngine - Starting Servlet engine: [Apache Tomcat/10.1.41]
2026-07-19 22:18:38 INFO  o.a.c.c.C.[Tomcat-3].[localhost].[/] - Initializing Spring embedded WebApplicationContext
2026-07-19 22:18:38 INFO  o.s.b.w.s.c.ServletWebServerApplicationContext - Root WebApplicationContext: initialization completed in 480 ms
2026-07-19 22:18:39 INFO  o.h.jpa.internal.util.LogHelper - HHH000204: Processing PersistenceUnitInfo [name: default]
2026-07-19 22:18:39 INFO  o.h.c.i.RegionFactoryInitiator - HHH000026: Second-level cache disabled
2026-07-19 22:18:39 INFO  o.s.o.j.p.SpringPersistenceUnitInfo - No LoadTimeWeaver setup: ignoring JPA class transformer
2026-07-19 22:18:39 INFO  com.zaxxer.hikari.HikariDataSource - HikariPool-18 - Starting...
2026-07-19 22:18:39 INFO  com.zaxxer.hikari.pool.HikariPool - HikariPool-18 - Added connection com.mysql.cj.jdbc.ConnectionImpl@3929e1f8
2026-07-19 22:18:39 INFO  com.zaxxer.hikari.HikariDataSource - HikariPool-18 - Start completed.
2026-07-19 22:18:39 INFO  o.hibernate.orm.connections.pooling - HHH10001005: Database info:
	Database JDBC URL [Connecting through datasource 'HikariDataSource (HikariPool-18)']
	Database driver: undefined/unknown
	Database version: 8.0.46
	Autocommit mode: undefined/unknown
	Isolation level: undefined/unknown
	Minimum pool size: undefined/unknown
	Maximum pool size: undefined/unknown
2026-07-19 22:18:39 INFO  o.h.e.t.j.p.i.JtaPlatformInitiator - HHH000489: No JTA platform available (set 'hibernate.transaction.jta.platform' to enable JTA platform integration)
2026-07-19 22:18:39 INFO  o.s.o.j.LocalContainerEntityManagerFactoryBean - Initialized JPA EntityManagerFactory for persistence unit 'default'
2026-07-19 22:18:39 DEBUG c.p.security.JwtAuthenticationFilter - Filter 'jwtAuthenticationFilter' configured for use
2026-07-19 22:18:39 INFO  o.s.s.c.a.a.c.InitializeAuthenticationProviderBeanManagerConfigurer$InitializeAuthenticationProviderManagerConfigurer - Global AuthenticationManager configured with AuthenticationProvider bean with name authenticationProvider
2026-07-19 22:18:39 WARN  o.s.s.c.a.a.c.InitializeUserDetailsBeanManagerConfigurer$InitializeUserDetailsManagerConfigurer - Global AuthenticationManager configured with an AuthenticationProvider bean. UserDetailsService beans will not be used by Spring Security for automatically configuring username/password login. Consider removing the AuthenticationProvider bean. Alternatively, consider using the UserDetailsService in a manually instantiated DaoAuthenticationProvider. If the current configuration is intentional, to turn off this warning, increase the logging level of 'org.springframework.security.config.annotation.authentication.configuration.InitializeUserDetailsBeanManagerConfigurer' to ERROR
2026-07-19 22:18:39 INFO  o.s.b.a.e.web.EndpointLinksResolver - Exposing 3 endpoints beneath base path '/actuator'
2026-07-19 22:18:39 INFO  o.s.b.d.a.OptionalLiveReloadServer - LiveReload server is running on port 35729
2026-07-19 22:18:39 INFO  o.s.b.w.e.tomcat.TomcatWebServer - Tomcat started on port 8080 (http) with context path '/'
2026-07-19 22:18:39 INFO  com.parammart.ParamMartApplication - Started ParamMartApplication in 1.433 seconds (process running for 4555.787)
2026-07-19 22:18:39 INFO  o.s.b.d.a.ConditionEvaluationDeltaLoggingListener - Condition evaluation unchanged
2026-07-19 22:28:48 INFO  o.s.b.d.a.LocalDevToolsAutoConfiguration$RestartingClassPathChangeChangedEventListener - Restarting due to 1 class path change (1 addition, 0 deletions, 0 modifications)
2026-07-19 22:28:48 INFO  o.s.b.w.e.tomcat.GracefulShutdown - Commencing graceful shutdown. Waiting for active requests to complete
2026-07-19 22:28:48 INFO  o.s.b.w.e.tomcat.GracefulShutdown - Graceful shutdown complete
2026-07-19 22:28:49 INFO  o.s.o.j.LocalContainerEntityManagerFactoryBean - Closing JPA EntityManagerFactory for persistence unit 'default'
2026-07-19 22:28:49 INFO  com.zaxxer.hikari.HikariDataSource - HikariPool-18 - Shutdown initiated...
2026-07-19 22:28:49 INFO  com.zaxxer.hikari.HikariDataSource - HikariPool-18 - Shutdown completed.
2026-07-19 22:28:49 INFO  com.parammart.ParamMartApplication - Starting ParamMartApplication using Java 21.0.8 with PID 15728 (C:\Users\HP\Music\PramMart\param-mart\target\classes started by HP in C:\Users\HP\Music\PramMart\param-mart)
2026-07-19 22:28:49 DEBUG com.parammart.ParamMartApplication - Running with Spring Boot v3.5.0, Spring v6.2.7
2026-07-19 22:28:49 INFO  com.parammart.ParamMartApplication - No active profile set, falling back to 1 default profile: "default"
2026-07-19 22:28:49 INFO  o.s.d.r.c.RepositoryConfigurationDelegate - Bootstrapping Spring Data JPA repositories in DEFAULT mode.
2026-07-19 22:28:49 INFO  o.s.d.r.c.RepositoryConfigurationDelegate - Finished Spring Data repository scanning in 21 ms. Found 7 JPA repository interfaces.
2026-07-19 22:28:49 INFO  o.s.b.w.e.tomcat.TomcatWebServer - Tomcat initialized with port 8080 (http)
2026-07-19 22:28:49 INFO  o.a.catalina.core.StandardService - Starting service [Tomcat]
2026-07-19 22:28:49 INFO  o.a.catalina.core.StandardEngine - Starting Servlet engine: [Apache Tomcat/10.1.41]
2026-07-19 22:28:49 INFO  o.a.c.c.C.[Tomcat-3].[localhost].[/] - Initializing Spring embedded WebApplicationContext
2026-07-19 22:28:49 INFO  o.s.b.w.s.c.ServletWebServerApplicationContext - Root WebApplicationContext: initialization completed in 678 ms
2026-07-19 22:28:49 INFO  o.h.jpa.internal.util.LogHelper - HHH000204: Processing PersistenceUnitInfo [name: default]
2026-07-19 22:28:49 INFO  o.h.c.i.RegionFactoryInitiator - HHH000026: Second-level cache disabled
2026-07-19 22:28:49 INFO  o.s.o.j.p.SpringPersistenceUnitInfo - No LoadTimeWeaver setup: ignoring JPA class transformer
2026-07-19 22:28:49 INFO  com.zaxxer.hikari.HikariDataSource - HikariPool-19 - Starting...
2026-07-19 22:28:49 INFO  com.zaxxer.hikari.pool.HikariPool - HikariPool-19 - Added connection com.mysql.cj.jdbc.ConnectionImpl@6cd04f04
2026-07-19 22:28:49 INFO  com.zaxxer.hikari.HikariDataSource - HikariPool-19 - Start completed.
2026-07-19 22:28:49 INFO  o.hibernate.orm.connections.pooling - HHH10001005: Database info:
	Database JDBC URL [Connecting through datasource 'HikariDataSource (HikariPool-19)']
	Database driver: undefined/unknown
	Database version: 8.0.46
	Autocommit mode: undefined/unknown
	Isolation level: undefined/unknown
	Minimum pool size: undefined/unknown
	Maximum pool size: undefined/unknown
2026-07-19 22:28:50 INFO  o.h.e.t.j.p.i.JtaPlatformInitiator - HHH000489: No JTA platform available (set 'hibernate.transaction.jta.platform' to enable JTA platform integration)
2026-07-19 22:28:50 INFO  o.s.o.j.LocalContainerEntityManagerFactoryBean - Initialized JPA EntityManagerFactory for persistence unit 'default'
2026-07-19 22:28:50 DEBUG c.p.security.JwtAuthenticationFilter - Filter 'jwtAuthenticationFilter' configured for use
2026-07-19 22:28:50 INFO  o.s.s.c.a.a.c.InitializeAuthenticationProviderBeanManagerConfigurer$InitializeAuthenticationProviderManagerConfigurer - Global AuthenticationManager configured with AuthenticationProvider bean with name authenticationProvider
2026-07-19 22:28:50 WARN  o.s.s.c.a.a.c.InitializeUserDetailsBeanManagerConfigurer$InitializeUserDetailsManagerConfigurer - Global AuthenticationManager configured with an AuthenticationProvider bean. UserDetailsService beans will not be used by Spring Security for automatically configuring username/password login. Consider removing the AuthenticationProvider bean. Alternatively, consider using the UserDetailsService in a manually instantiated DaoAuthenticationProvider. If the current configuration is intentional, to turn off this warning, increase the logging level of 'org.springframework.security.config.annotation.authentication.configuration.InitializeUserDetailsBeanManagerConfigurer' to ERROR
2026-07-19 22:28:51 INFO  o.s.b.a.e.web.EndpointLinksResolver - Exposing 3 endpoints beneath base path '/actuator'
2026-07-19 22:28:51 INFO  o.s.b.d.a.OptionalLiveReloadServer - LiveReload server is running on port 35729
2026-07-19 22:28:51 INFO  o.s.b.w.e.tomcat.TomcatWebServer - Tomcat started on port 8080 (http) with context path '/'
2026-07-19 22:28:51 INFO  com.parammart.ParamMartApplication - Started ParamMartApplication in 2.86 seconds (process running for 5167.944)
2026-07-19 22:28:51 INFO  o.s.b.d.a.ConditionEvaluationDeltaLoggingListener - Condition evaluation unchanged
2026-07-19 22:29:02 INFO  o.s.b.d.a.LocalDevToolsAutoConfiguration$RestartingClassPathChangeChangedEventListener - Restarting due to 5 class path changes (1 addition, 1 deletion, 3 modifications)
2026-07-19 22:29:02 INFO  o.s.b.w.e.tomcat.GracefulShutdown - Commencing graceful shutdown. Waiting for active requests to complete
2026-07-19 22:29:02 INFO  o.s.b.w.e.tomcat.GracefulShutdown - Graceful shutdown complete
2026-07-19 22:29:02 INFO  o.s.o.j.LocalContainerEntityManagerFactoryBean - Closing JPA EntityManagerFactory for persistence unit 'default'
2026-07-19 22:29:02 INFO  com.zaxxer.hikari.HikariDataSource - HikariPool-19 - Shutdown initiated...
2026-07-19 22:29:02 INFO  com.zaxxer.hikari.HikariDataSource - HikariPool-19 - Shutdown completed.
2026-07-19 22:29:02 INFO  com.parammart.ParamMartApplication - Starting ParamMartApplication using Java 21.0.8 with PID 15728 (C:\Users\HP\Music\PramMart\param-mart\target\classes started by HP in C:\Users\HP\Music\PramMart\param-mart)
2026-07-19 22:29:02 DEBUG com.parammart.ParamMartApplication - Running with Spring Boot v3.5.0, Spring v6.2.7
2026-07-19 22:29:02 INFO  com.parammart.ParamMartApplication - No active profile set, falling back to 1 default profile: "default"
2026-07-19 22:29:03 INFO  o.s.d.r.c.RepositoryConfigurationDelegate - Bootstrapping Spring Data JPA repositories in DEFAULT mode.
2026-07-19 22:29:03 INFO  o.s.d.r.c.RepositoryConfigurationDelegate - Finished Spring Data repository scanning in 17 ms. Found 7 JPA repository interfaces.
2026-07-19 22:29:03 INFO  o.s.b.w.e.tomcat.TomcatWebServer - Tomcat initialized with port 8080 (http)
2026-07-19 22:29:03 INFO  o.a.catalina.core.StandardService - Starting service [Tomcat]
2026-07-19 22:29:03 INFO  o.a.catalina.core.StandardEngine - Starting Servlet engine: [Apache Tomcat/10.1.41]
2026-07-19 22:29:03 INFO  o.a.c.c.C.[Tomcat-3].[localhost].[/] - Initializing Spring embedded WebApplicationContext
2026-07-19 22:29:03 INFO  o.s.b.w.s.c.ServletWebServerApplicationContext - Root WebApplicationContext: initialization completed in 526 ms
2026-07-19 22:29:03 INFO  o.h.jpa.internal.util.LogHelper - HHH000204: Processing PersistenceUnitInfo [name: default]
2026-07-19 22:29:03 INFO  o.h.c.i.RegionFactoryInitiator - HHH000026: Second-level cache disabled
2026-07-19 22:29:03 INFO  o.s.o.j.p.SpringPersistenceUnitInfo - No LoadTimeWeaver setup: ignoring JPA class transformer
2026-07-19 22:29:03 INFO  com.zaxxer.hikari.HikariDataSource - HikariPool-20 - Starting...
2026-07-19 22:29:03 INFO  com.zaxxer.hikari.pool.HikariPool - HikariPool-20 - Added connection com.mysql.cj.jdbc.ConnectionImpl@3ee17f82
2026-07-19 22:29:03 INFO  com.zaxxer.hikari.HikariDataSource - HikariPool-20 - Start completed.
2026-07-19 22:29:03 INFO  o.hibernate.orm.connections.pooling - HHH10001005: Database info:
	Database JDBC URL [Connecting through datasource 'HikariDataSource (HikariPool-20)']
	Database driver: undefined/unknown
	Database version: 8.0.46
	Autocommit mode: undefined/unknown
	Isolation level: undefined/unknown
	Minimum pool size: undefined/unknown
	Maximum pool size: undefined/unknown
2026-07-19 22:29:03 INFO  o.h.e.t.j.p.i.JtaPlatformInitiator - HHH000489: No JTA platform available (set 'hibernate.transaction.jta.platform' to enable JTA platform integration)
2026-07-19 22:29:03 INFO  o.s.o.j.LocalContainerEntityManagerFactoryBean - Initialized JPA EntityManagerFactory for persistence unit 'default'
2026-07-19 22:29:03 DEBUG c.p.security.JwtAuthenticationFilter - Filter 'jwtAuthenticationFilter' configured for use
2026-07-19 22:29:03 INFO  o.s.s.c.a.a.c.InitializeAuthenticationProviderBeanManagerConfigurer$InitializeAuthenticationProviderManagerConfigurer - Global AuthenticationManager configured with AuthenticationProvider bean with name authenticationProvider
2026-07-19 22:29:03 WARN  o.s.s.c.a.a.c.InitializeUserDetailsBeanManagerConfigurer$InitializeUserDetailsManagerConfigurer - Global AuthenticationManager configured with an AuthenticationProvider bean. UserDetailsService beans will not be used by Spring Security for automatically configuring username/password login. Consider removing the AuthenticationProvider bean. Alternatively, consider using the UserDetailsService in a manually instantiated DaoAuthenticationProvider. If the current configuration is intentional, to turn off this warning, increase the logging level of 'org.springframework.security.config.annotation.authentication.configuration.InitializeUserDetailsBeanManagerConfigurer' to ERROR
2026-07-19 22:29:04 INFO  o.s.b.a.e.web.EndpointLinksResolver - Exposing 3 endpoints beneath base path '/actuator'
2026-07-19 22:29:04 INFO  o.s.b.d.a.OptionalLiveReloadServer - LiveReload server is running on port 35729
2026-07-19 22:29:04 INFO  o.s.b.w.e.tomcat.TomcatWebServer - Tomcat started on port 8080 (http) with context path '/'
2026-07-19 22:29:04 INFO  com.parammart.ParamMartApplication - Started ParamMartApplication in 1.816 seconds (process running for 5180.512)
2026-07-19 22:29:04 INFO  o.s.b.d.a.ConditionEvaluationDeltaLoggingListener - Condition evaluation unchanged
2026-07-19 22:30:41 INFO  o.s.b.d.a.LocalDevToolsAutoConfiguration$RestartingClassPathChangeChangedEventListener - Restarting due to 1 class path change (1 addition, 0 deletions, 0 modifications)
2026-07-19 22:30:41 INFO  o.s.b.w.e.tomcat.GracefulShutdown - Commencing graceful shutdown. Waiting for active requests to complete
2026-07-19 22:30:41 INFO  o.s.b.w.e.tomcat.GracefulShutdown - Graceful shutdown complete
2026-07-19 22:30:41 INFO  o.s.o.j.LocalContainerEntityManagerFactoryBean - Closing JPA EntityManagerFactory for persistence unit 'default'
2026-07-19 22:30:41 INFO  com.zaxxer.hikari.HikariDataSource - HikariPool-20 - Shutdown initiated...
2026-07-19 22:30:41 INFO  com.zaxxer.hikari.HikariDataSource - HikariPool-20 - Shutdown completed.
2026-07-19 22:30:41 INFO  com.parammart.ParamMartApplication - Starting ParamMartApplication using Java 21.0.8 with PID 15728 (C:\Users\HP\Music\PramMart\param-mart\target\classes started by HP in C:\Users\HP\Music\PramMart\param-mart)
2026-07-19 22:30:41 DEBUG com.parammart.ParamMartApplication - Running with Spring Boot v3.5.0, Spring v6.2.7
2026-07-19 22:30:41 INFO  com.parammart.ParamMartApplication - No active profile set, falling back to 1 default profile: "default"
2026-07-19 22:30:42 INFO  o.s.d.r.c.RepositoryConfigurationDelegate - Bootstrapping Spring Data JPA repositories in DEFAULT mode.
2026-07-19 22:30:42 INFO  o.s.d.r.c.RepositoryConfigurationDelegate - Finished Spring Data repository scanning in 19 ms. Found 7 JPA repository interfaces.
2026-07-19 22:30:42 INFO  o.s.b.w.e.tomcat.TomcatWebServer - Tomcat initialized with port 8080 (http)
2026-07-19 22:30:42 INFO  o.a.catalina.core.StandardService - Starting service [Tomcat]
2026-07-19 22:30:42 INFO  o.a.catalina.core.StandardEngine - Starting Servlet engine: [Apache Tomcat/10.1.41]
2026-07-19 22:30:42 INFO  o.a.c.c.C.[Tomcat-3].[localhost].[/] - Initializing Spring embedded WebApplicationContext
2026-07-19 22:30:42 INFO  o.s.b.w.s.c.ServletWebServerApplicationContext - Root WebApplicationContext: initialization completed in 472 ms
2026-07-19 22:30:42 INFO  o.h.jpa.internal.util.LogHelper - HHH000204: Processing PersistenceUnitInfo [name: default]
2026-07-19 22:30:42 INFO  o.h.c.i.RegionFactoryInitiator - HHH000026: Second-level cache disabled
2026-07-19 22:30:42 INFO  o.s.o.j.p.SpringPersistenceUnitInfo - No LoadTimeWeaver setup: ignoring JPA class transformer
2026-07-19 22:30:42 INFO  com.zaxxer.hikari.HikariDataSource - HikariPool-21 - Starting...
2026-07-19 22:30:42 INFO  com.zaxxer.hikari.pool.HikariPool - HikariPool-21 - Added connection com.mysql.cj.jdbc.ConnectionImpl@433876b6
2026-07-19 22:30:42 INFO  com.zaxxer.hikari.HikariDataSource - HikariPool-21 - Start completed.
2026-07-19 22:30:42 INFO  o.hibernate.orm.connections.pooling - HHH10001005: Database info:
	Database JDBC URL [Connecting through datasource 'HikariDataSource (HikariPool-21)']
	Database driver: undefined/unknown
	Database version: 8.0.46
	Autocommit mode: undefined/unknown
	Isolation level: undefined/unknown
	Minimum pool size: undefined/unknown
	Maximum pool size: undefined/unknown
2026-07-19 22:30:42 INFO  o.h.e.t.j.p.i.JtaPlatformInitiator - HHH000489: No JTA platform available (set 'hibernate.transaction.jta.platform' to enable JTA platform integration)
2026-07-19 22:30:42 INFO  o.s.o.j.LocalContainerEntityManagerFactoryBean - Initialized JPA EntityManagerFactory for persistence unit 'default'
2026-07-19 22:30:42 DEBUG c.p.security.JwtAuthenticationFilter - Filter 'jwtAuthenticationFilter' configured for use
2026-07-19 22:30:42 INFO  o.s.s.c.a.a.c.InitializeAuthenticationProviderBeanManagerConfigurer$InitializeAuthenticationProviderManagerConfigurer - Global AuthenticationManager configured with AuthenticationProvider bean with name authenticationProvider
2026-07-19 22:30:42 WARN  o.s.s.c.a.a.c.InitializeUserDetailsBeanManagerConfigurer$InitializeUserDetailsManagerConfigurer - Global AuthenticationManager configured with an AuthenticationProvider bean. UserDetailsService beans will not be used by Spring Security for automatically configuring username/password login. Consider removing the AuthenticationProvider bean. Alternatively, consider using the UserDetailsService in a manually instantiated DaoAuthenticationProvider. If the current configuration is intentional, to turn off this warning, increase the logging level of 'org.springframework.security.config.annotation.authentication.configuration.InitializeUserDetailsBeanManagerConfigurer' to ERROR
2026-07-19 22:30:42 INFO  o.s.b.a.e.web.EndpointLinksResolver - Exposing 3 endpoints beneath base path '/actuator'
2026-07-19 22:30:42 INFO  o.s.b.d.a.OptionalLiveReloadServer - LiveReload server is running on port 35729
2026-07-19 22:30:42 INFO  o.s.b.w.e.tomcat.TomcatWebServer - Tomcat started on port 8080 (http) with context path '/'
2026-07-19 22:30:43 INFO  com.parammart.ParamMartApplication - Started ParamMartApplication in 1.344 seconds (process running for 5279.01)
2026-07-19 22:30:43 INFO  o.s.b.d.a.ConditionEvaluationDeltaLoggingListener - Condition evaluation unchanged
2026-07-19 22:30:48 INFO  o.s.b.d.a.LocalDevToolsAutoConfiguration$RestartingClassPathChangeChangedEventListener - Restarting due to 5 class path changes (1 addition, 1 deletion, 3 modifications)
2026-07-19 22:30:48 INFO  o.s.b.w.e.tomcat.GracefulShutdown - Commencing graceful shutdown. Waiting for active requests to complete
2026-07-19 22:30:48 INFO  o.s.b.w.e.tomcat.GracefulShutdown - Graceful shutdown complete
2026-07-19 22:30:48 INFO  o.s.o.j.LocalContainerEntityManagerFactoryBean - Closing JPA EntityManagerFactory for persistence unit 'default'
2026-07-19 22:30:48 INFO  com.zaxxer.hikari.HikariDataSource - HikariPool-21 - Shutdown initiated...
2026-07-19 22:30:48 INFO  com.zaxxer.hikari.HikariDataSource - HikariPool-21 - Shutdown completed.
2026-07-19 22:30:48 INFO  com.parammart.ParamMartApplication - Starting ParamMartApplication using Java 21.0.8 with PID 15728 (C:\Users\HP\Music\PramMart\param-mart\target\classes started by HP in C:\Users\HP\Music\PramMart\param-mart)
2026-07-19 22:30:48 DEBUG com.parammart.ParamMartApplication - Running with Spring Boot v3.5.0, Spring v6.2.7
2026-07-19 22:30:48 INFO  com.parammart.ParamMartApplication - No active profile set, falling back to 1 default profile: "default"
2026-07-19 22:30:49 INFO  o.s.d.r.c.RepositoryConfigurationDelegate - Bootstrapping Spring Data JPA repositories in DEFAULT mode.
2026-07-19 22:30:49 INFO  o.s.d.r.c.RepositoryConfigurationDelegate - Finished Spring Data repository scanning in 63 ms. Found 7 JPA repository interfaces.
2026-07-19 22:30:49 INFO  o.s.b.w.e.tomcat.TomcatWebServer - Tomcat initialized with port 8080 (http)
2026-07-19 22:30:49 INFO  o.a.catalina.core.StandardService - Starting service [Tomcat]
2026-07-19 22:30:49 INFO  o.a.catalina.core.StandardEngine - Starting Servlet engine: [Apache Tomcat/10.1.41]
2026-07-19 22:30:49 INFO  o.a.c.c.C.[Tomcat-3].[localhost].[/] - Initializing Spring embedded WebApplicationContext
2026-07-19 22:30:49 INFO  o.s.b.w.s.c.ServletWebServerApplicationContext - Root WebApplicationContext: initialization completed in 1020 ms
2026-07-19 22:30:49 INFO  o.h.jpa.internal.util.LogHelper - HHH000204: Processing PersistenceUnitInfo [name: default]
2026-07-19 22:30:49 INFO  o.h.c.i.RegionFactoryInitiator - HHH000026: Second-level cache disabled
2026-07-19 22:30:49 INFO  o.s.o.j.p.SpringPersistenceUnitInfo - No LoadTimeWeaver setup: ignoring JPA class transformer
2026-07-19 22:30:49 INFO  com.zaxxer.hikari.HikariDataSource - HikariPool-22 - Starting...
2026-07-19 22:30:50 INFO  com.zaxxer.hikari.pool.HikariPool - HikariPool-22 - Added connection com.mysql.cj.jdbc.ConnectionImpl@b497c35
2026-07-19 22:30:50 INFO  com.zaxxer.hikari.HikariDataSource - HikariPool-22 - Start completed.
2026-07-19 22:30:50 INFO  o.hibernate.orm.connections.pooling - HHH10001005: Database info:
	Database JDBC URL [Connecting through datasource 'HikariDataSource (HikariPool-22)']
	Database driver: undefined/unknown
	Database version: 8.0.46
	Autocommit mode: undefined/unknown
	Isolation level: undefined/unknown
	Minimum pool size: undefined/unknown
	Maximum pool size: undefined/unknown
2026-07-19 22:30:50 INFO  o.h.e.t.j.p.i.JtaPlatformInitiator - HHH000489: No JTA platform available (set 'hibernate.transaction.jta.platform' to enable JTA platform integration)
2026-07-19 22:30:50 INFO  o.s.o.j.LocalContainerEntityManagerFactoryBean - Initialized JPA EntityManagerFactory for persistence unit 'default'
2026-07-19 22:30:50 DEBUG c.p.security.JwtAuthenticationFilter - Filter 'jwtAuthenticationFilter' configured for use
2026-07-19 22:30:50 INFO  o.s.s.c.a.a.c.InitializeAuthenticationProviderBeanManagerConfigurer$InitializeAuthenticationProviderManagerConfigurer - Global AuthenticationManager configured with AuthenticationProvider bean with name authenticationProvider
2026-07-19 22:30:50 WARN  o.s.s.c.a.a.c.InitializeUserDetailsBeanManagerConfigurer$InitializeUserDetailsManagerConfigurer - Global AuthenticationManager configured with an AuthenticationProvider bean. UserDetailsService beans will not be used by Spring Security for automatically configuring username/password login. Consider removing the AuthenticationProvider bean. Alternatively, consider using the UserDetailsService in a manually instantiated DaoAuthenticationProvider. If the current configuration is intentional, to turn off this warning, increase the logging level of 'org.springframework.security.config.annotation.authentication.configuration.InitializeUserDetailsBeanManagerConfigurer' to ERROR
2026-07-19 22:30:51 INFO  o.s.b.a.e.web.EndpointLinksResolver - Exposing 3 endpoints beneath base path '/actuator'
2026-07-19 22:30:52 INFO  o.s.b.d.a.OptionalLiveReloadServer - LiveReload server is running on port 35729
2026-07-19 22:30:52 INFO  o.s.b.w.e.tomcat.TomcatWebServer - Tomcat started on port 8080 (http) with context path '/'
2026-07-19 22:30:52 INFO  com.parammart.ParamMartApplication - Started ParamMartApplication in 3.4 seconds (process running for 5288.106)
2026-07-19 22:30:52 INFO  o.s.b.d.a.ConditionEvaluationDeltaLoggingListener - Condition evaluation unchanged
2026-07-19 22:31:00 INFO  o.s.b.d.a.LocalDevToolsAutoConfiguration$RestartingClassPathChangeChangedEventListener - Restarting due to 1 class path change (1 addition, 0 deletions, 0 modifications)
2026-07-19 22:31:00 INFO  o.s.b.w.e.tomcat.GracefulShutdown - Commencing graceful shutdown. Waiting for active requests to complete
2026-07-19 22:31:00 INFO  o.s.b.w.e.tomcat.GracefulShutdown - Graceful shutdown complete
2026-07-19 22:31:00 INFO  o.s.o.j.LocalContainerEntityManagerFactoryBean - Closing JPA EntityManagerFactory for persistence unit 'default'
2026-07-19 22:31:00 INFO  com.zaxxer.hikari.HikariDataSource - HikariPool-22 - Shutdown initiated...
2026-07-19 22:31:00 INFO  com.zaxxer.hikari.HikariDataSource - HikariPool-22 - Shutdown completed.
2026-07-19 22:31:00 INFO  com.parammart.ParamMartApplication - Starting ParamMartApplication using Java 21.0.8 with PID 15728 (C:\Users\HP\Music\PramMart\param-mart\target\classes started by HP in C:\Users\HP\Music\PramMart\param-mart)
2026-07-19 22:31:00 DEBUG com.parammart.ParamMartApplication - Running with Spring Boot v3.5.0, Spring v6.2.7
2026-07-19 22:31:00 INFO  com.parammart.ParamMartApplication - No active profile set, falling back to 1 default profile: "default"
2026-07-19 22:31:01 INFO  o.s.d.r.c.RepositoryConfigurationDelegate - Bootstrapping Spring Data JPA repositories in DEFAULT mode.
2026-07-19 22:31:01 INFO  o.s.d.r.c.RepositoryConfigurationDelegate - Finished Spring Data repository scanning in 29 ms. Found 7 JPA repository interfaces.
2026-07-19 22:31:01 INFO  o.s.b.w.e.tomcat.TomcatWebServer - Tomcat initialized with port 8080 (http)
2026-07-19 22:31:01 INFO  o.a.catalina.core.StandardService - Starting service [Tomcat]
2026-07-19 22:31:01 INFO  o.a.catalina.core.StandardEngine - Starting Servlet engine: [Apache Tomcat/10.1.41]
2026-07-19 22:31:01 INFO  o.a.c.c.C.[Tomcat-3].[localhost].[/] - Initializing Spring embedded WebApplicationContext
2026-07-19 22:31:01 INFO  o.s.b.w.s.c.ServletWebServerApplicationContext - Root WebApplicationContext: initialization completed in 690 ms
2026-07-19 22:31:01 INFO  o.h.jpa.internal.util.LogHelper - HHH000204: Processing PersistenceUnitInfo [name: default]
2026-07-19 22:31:01 INFO  o.h.c.i.RegionFactoryInitiator - HHH000026: Second-level cache disabled
2026-07-19 22:31:01 INFO  o.s.o.j.p.SpringPersistenceUnitInfo - No LoadTimeWeaver setup: ignoring JPA class transformer
2026-07-19 22:31:01 INFO  com.zaxxer.hikari.HikariDataSource - HikariPool-23 - Starting...
2026-07-19 22:31:01 INFO  com.zaxxer.hikari.pool.HikariPool - HikariPool-23 - Added connection com.mysql.cj.jdbc.ConnectionImpl@52f742ea
2026-07-19 22:31:01 INFO  com.zaxxer.hikari.HikariDataSource - HikariPool-23 - Start completed.
2026-07-19 22:31:01 INFO  o.hibernate.orm.connections.pooling - HHH10001005: Database info:
	Database JDBC URL [Connecting through datasource 'HikariDataSource (HikariPool-23)']
	Database driver: undefined/unknown
	Database version: 8.0.46
	Autocommit mode: undefined/unknown
	Isolation level: undefined/unknown
	Minimum pool size: undefined/unknown
	Maximum pool size: undefined/unknown
2026-07-19 22:31:02 INFO  o.h.e.t.j.p.i.JtaPlatformInitiator - HHH000489: No JTA platform available (set 'hibernate.transaction.jta.platform' to enable JTA platform integration)
2026-07-19 22:31:02 INFO  o.s.o.j.LocalContainerEntityManagerFactoryBean - Initialized JPA EntityManagerFactory for persistence unit 'default'
2026-07-19 22:31:02 DEBUG c.p.security.JwtAuthenticationFilter - Filter 'jwtAuthenticationFilter' configured for use
2026-07-19 22:31:02 INFO  o.s.s.c.a.a.c.InitializeAuthenticationProviderBeanManagerConfigurer$InitializeAuthenticationProviderManagerConfigurer - Global AuthenticationManager configured with AuthenticationProvider bean with name authenticationProvider
2026-07-19 22:31:02 WARN  o.s.s.c.a.a.c.InitializeUserDetailsBeanManagerConfigurer$InitializeUserDetailsManagerConfigurer - Global AuthenticationManager configured with an AuthenticationProvider bean. UserDetailsService beans will not be used by Spring Security for automatically configuring username/password login. Consider removing the AuthenticationProvider bean. Alternatively, consider using the UserDetailsService in a manually instantiated DaoAuthenticationProvider. If the current configuration is intentional, to turn off this warning, increase the logging level of 'org.springframework.security.config.annotation.authentication.configuration.InitializeUserDetailsBeanManagerConfigurer' to ERROR
2026-07-19 22:31:02 INFO  o.s.b.a.e.web.EndpointLinksResolver - Exposing 3 endpoints beneath base path '/actuator'
2026-07-19 22:31:02 INFO  o.s.b.d.a.OptionalLiveReloadServer - LiveReload server is running on port 35729
2026-07-19 22:31:02 INFO  o.s.b.w.e.tomcat.TomcatWebServer - Tomcat started on port 8080 (http) with context path '/'
2026-07-19 22:31:02 INFO  com.parammart.ParamMartApplication - Started ParamMartApplication in 2.104 seconds (process running for 5298.981)
2026-07-19 22:31:02 INFO  o.s.b.d.a.ConditionEvaluationDeltaLoggingListener - Condition evaluation unchanged
2026-07-19 22:31:15 INFO  o.s.b.d.a.LocalDevToolsAutoConfiguration$RestartingClassPathChangeChangedEventListener - Restarting due to 5 class path changes (1 addition, 1 deletion, 3 modifications)
2026-07-19 22:31:15 INFO  o.s.b.w.e.tomcat.GracefulShutdown - Commencing graceful shutdown. Waiting for active requests to complete
2026-07-19 22:31:15 INFO  o.s.b.w.e.tomcat.GracefulShutdown - Graceful shutdown complete
2026-07-19 22:31:15 INFO  o.s.o.j.LocalContainerEntityManagerFactoryBean - Closing JPA EntityManagerFactory for persistence unit 'default'
2026-07-19 22:31:15 INFO  com.zaxxer.hikari.HikariDataSource - HikariPool-23 - Shutdown initiated...
2026-07-19 22:31:15 INFO  com.zaxxer.hikari.HikariDataSource - HikariPool-23 - Shutdown completed.
2026-07-19 22:31:15 INFO  com.parammart.ParamMartApplication - Starting ParamMartApplication using Java 21.0.8 with PID 15728 (C:\Users\HP\Music\PramMart\param-mart\target\classes started by HP in C:\Users\HP\Music\PramMart\param-mart)
2026-07-19 22:31:15 DEBUG com.parammart.ParamMartApplication - Running with Spring Boot v3.5.0, Spring v6.2.7
2026-07-19 22:31:15 INFO  com.parammart.ParamMartApplication - No active profile set, falling back to 1 default profile: "default"
2026-07-19 22:31:16 INFO  o.s.d.r.c.RepositoryConfigurationDelegate - Bootstrapping Spring Data JPA repositories in DEFAULT mode.
2026-07-19 22:31:16 INFO  o.s.d.r.c.RepositoryConfigurationDelegate - Finished Spring Data repository scanning in 15 ms. Found 7 JPA repository interfaces.
2026-07-19 22:31:16 INFO  o.s.b.w.e.tomcat.TomcatWebServer - Tomcat initialized with port 8080 (http)
2026-07-19 22:31:16 INFO  o.a.catalina.core.StandardService - Starting service [Tomcat]
2026-07-19 22:31:16 INFO  o.a.catalina.core.StandardEngine - Starting Servlet engine: [Apache Tomcat/10.1.41]
2026-07-19 22:31:16 INFO  o.a.c.c.C.[Tomcat-3].[localhost].[/] - Initializing Spring embedded WebApplicationContext
2026-07-19 22:31:16 INFO  o.s.b.w.s.c.ServletWebServerApplicationContext - Root WebApplicationContext: initialization completed in 407 ms
2026-07-19 22:31:16 INFO  o.h.jpa.internal.util.LogHelper - HHH000204: Processing PersistenceUnitInfo [name: default]
2026-07-19 22:31:16 INFO  o.h.c.i.RegionFactoryInitiator - HHH000026: Second-level cache disabled
2026-07-19 22:31:16 INFO  o.s.o.j.p.SpringPersistenceUnitInfo - No LoadTimeWeaver setup: ignoring JPA class transformer
2026-07-19 22:31:16 INFO  com.zaxxer.hikari.HikariDataSource - HikariPool-24 - Starting...
2026-07-19 22:31:16 INFO  com.zaxxer.hikari.pool.HikariPool - HikariPool-24 - Added connection com.mysql.cj.jdbc.ConnectionImpl@1478eeaa
2026-07-19 22:31:16 INFO  com.zaxxer.hikari.HikariDataSource - HikariPool-24 - Start completed.
2026-07-19 22:31:16 INFO  o.hibernate.orm.connections.pooling - HHH10001005: Database info:
	Database JDBC URL [Connecting through datasource 'HikariDataSource (HikariPool-24)']
	Database driver: undefined/unknown
	Database version: 8.0.46
	Autocommit mode: undefined/unknown
	Isolation level: undefined/unknown
	Minimum pool size: undefined/unknown
	Maximum pool size: undefined/unknown
2026-07-19 22:31:16 ERROR o.s.b.w.e.tomcat.TomcatStarter - Error starting Tomcat context. Exception: org.springframework.beans.factory.UnsatisfiedDependencyException. Message: Error creating bean with name 'jwtAuthenticationFilter' defined in file [C:\Users\HP\Music\PramMart\param-mart\target\classes\com\parammart\security\JwtAuthenticationFilter.class]: Unsatisfied dependency expressed through constructor parameter 1: Error creating bean with name 'customUserDetailsService' defined in file [C:\Users\HP\Music\PramMart\param-mart\target\classes\com\parammart\security\CustomUserDetailsService.class]: Unsatisfied dependency expressed through constructor parameter 0: Error creating bean with name 'userRepository' defined in com.parammart.repository.UserRepository defined in @EnableJpaRepositories declared on JpaRepositoriesRegistrar.EnableJpaRepositoriesConfiguration: Cannot resolve reference to bean 'jpaSharedEM_entityManagerFactory' while setting bean property 'entityManager'
2026-07-19 22:31:16 INFO  o.a.catalina.core.StandardService - Stopping service [Tomcat]
2026-07-19 22:31:16 WARN  o.a.c.loader.WebappClassLoaderBase - The web application [ROOT] appears to have started a thread named [HikariPool-24:housekeeper] but has failed to stop it. This is very likely to create a memory leak. Stack trace of thread:
 java.base/jdk.internal.misc.Unsafe.park(Native Method)
 java.base/java.util.concurrent.locks.LockSupport.parkNanos(LockSupport.java:269)
 java.base/java.util.concurrent.locks.AbstractQueuedSynchronizer$ConditionObject.awaitNanos(AbstractQueuedSynchronizer.java:1763)
 java.base/java.util.concurrent.ScheduledThreadPoolExecutor$DelayedWorkQueue.take(ScheduledThreadPoolExecutor.java:1182)
 java.base/java.util.concurrent.ScheduledThreadPoolExecutor$DelayedWorkQueue.take(ScheduledThreadPoolExecutor.java:899)
 java.base/java.util.concurrent.ThreadPoolExecutor.getTask(ThreadPoolExecutor.java:1070)
 java.base/java.util.concurrent.ThreadPoolExecutor.runWorker(ThreadPoolExecutor.java:1130)
 java.base/java.util.concurrent.ThreadPoolExecutor$Worker.run(ThreadPoolExecutor.java:642)
 java.base/java.lang.Thread.run(Thread.java:1583)
2026-07-19 22:31:16 WARN  o.s.b.w.s.c.AnnotationConfigServletWebServerApplicationContext - Exception encountered during context initialization - cancelling refresh attempt: org.springframework.context.ApplicationContextException: Unable to start web server
2026-07-19 22:31:16 INFO  com.zaxxer.hikari.HikariDataSource - HikariPool-24 - Shutdown initiated...
2026-07-19 22:31:16 INFO  com.zaxxer.hikari.HikariDataSource - HikariPool-24 - Shutdown completed.
2026-07-19 22:31:16 INFO  o.s.b.a.l.ConditionEvaluationReportLogger - 

Error starting ApplicationContext. To display the condition evaluation report re-run your application with 'debug' enabled.
2026-07-19 22:31:16 ERROR o.s.boot.SpringApplication - Application run failed
org.springframework.context.ApplicationContextException: Unable to start web server
	at org.springframework.boot.web.servlet.context.ServletWebServerApplicationContext.onRefresh(ServletWebServerApplicationContext.java:170) ~[spring-boot-3.5.0.jar:3.5.0]
	at org.springframework.context.support.AbstractApplicationContext.refresh(AbstractApplicationContext.java:621) ~[spring-context-6.2.7.jar:6.2.7]
	at org.springframework.boot.web.servlet.context.ServletWebServerApplicationContext.refresh(ServletWebServerApplicationContext.java:146) ~[spring-boot-3.5.0.jar:3.5.0]
	at org.springframework.boot.SpringApplication.refresh(SpringApplication.java:753) ~[spring-boot-3.5.0.jar:3.5.0]
	at org.springframework.boot.SpringApplication.refreshContext(SpringApplication.java:439) ~[spring-boot-3.5.0.jar:3.5.0]
	at org.springframework.boot.SpringApplication.run(SpringApplication.java:318) ~[spring-boot-3.5.0.jar:3.5.0]
	at org.springframework.boot.SpringApplication.run(SpringApplication.java:1362) ~[spring-boot-3.5.0.jar:3.5.0]
	at org.springframework.boot.SpringApplication.run(SpringApplication.java:1351) ~[spring-boot-3.5.0.jar:3.5.0]
	at com.parammart.ParamMartApplication.main(ParamMartApplication.java:10) ~[classes/:na]
	at java.base/jdk.internal.reflect.DirectMethodHandleAccessor.invoke(DirectMethodHandleAccessor.java:103) ~[na:na]
	at java.base/java.lang.reflect.Method.invoke(Method.java:580) ~[na:na]
	at org.springframework.boot.devtools.restart.RestartLauncher.run(RestartLauncher.java:50) ~[spring-boot-devtools-3.5.0.jar:3.5.0]
Caused by: org.springframework.boot.web.server.WebServerException: Unable to start embedded Tomcat
	at org.springframework.boot.web.embedded.tomcat.TomcatWebServer.initialize(TomcatWebServer.java:147) ~[spring-boot-3.5.0.jar:3.5.0]
	at org.springframework.boot.web.embedded.tomcat.TomcatWebServer.<init>(TomcatWebServer.java:107) ~[spring-boot-3.5.0.jar:3.5.0]
	at org.springframework.boot.web.embedded.tomcat.TomcatServletWebServerFactory.getTomcatWebServer(TomcatServletWebServerFactory.java:517) ~[spring-boot-3.5.0.jar:3.5.0]
	at org.springframework.boot.web.embedded.tomcat.TomcatServletWebServerFactory.getWebServer(TomcatServletWebServerFactory.java:219) ~[spring-boot-3.5.0.jar:3.5.0]
	at org.springframework.boot.web.servlet.context.ServletWebServerApplicationContext.createWebServer(ServletWebServerApplicationContext.java:193) ~[spring-boot-3.5.0.jar:3.5.0]
	at org.springframework.boot.web.servlet.context.ServletWebServerApplicationContext.onRefresh(ServletWebServerApplicationContext.java:167) ~[spring-boot-3.5.0.jar:3.5.0]
	... 11 common frames omitted
Caused by: org.springframework.beans.factory.UnsatisfiedDependencyException: Error creating bean with name 'jwtAuthenticationFilter' defined in file [C:\Users\HP\Music\PramMart\param-mart\target\classes\com\parammart\security\JwtAuthenticationFilter.class]: Unsatisfied dependency expressed through constructor parameter 1: Error creating bean with name 'customUserDetailsService' defined in file [C:\Users\HP\Music\PramMart\param-mart\target\classes\com\parammart\security\CustomUserDetailsService.class]: Unsatisfied dependency expressed through constructor parameter 0: Error creating bean with name 'userRepository' defined in com.parammart.repository.UserRepository defined in @EnableJpaRepositories declared on JpaRepositoriesRegistrar.EnableJpaRepositoriesConfiguration: Cannot resolve reference to bean 'jpaSharedEM_entityManagerFactory' while setting bean property 'entityManager'
	at org.springframework.beans.factory.support.ConstructorResolver.createArgumentArray(ConstructorResolver.java:804) ~[spring-beans-6.2.7.jar:6.2.7]
	at org.springframework.beans.factory.support.ConstructorResolver.autowireConstructor(ConstructorResolver.java:240) ~[spring-beans-6.2.7.jar:6.2.7]
	at org.springframework.beans.factory.support.AbstractAutowireCapableBeanFactory.autowireConstructor(AbstractAutowireCapableBeanFactory.java:1395) ~[spring-beans-6.2.7.jar:6.2.7]
	at org.springframework.beans.factory.support.AbstractAutowireCapableBeanFactory.createBeanInstance(AbstractAutowireCapableBeanFactory.java:1232) ~[spring-beans-6.2.7.jar:6.2.7]
	at org.springframework.beans.factory.support.AbstractAutowireCapableBeanFactory.doCreateBean(AbstractAutowireCapableBeanFactory.java:569) ~[spring-beans-6.2.7.jar:6.2.7]
	at org.springframework.beans.factory.support.AbstractAutowireCapableBeanFactory.createBean(AbstractAutowireCapableBeanFactory.java:529) ~[spring-beans-6.2.7.jar:6.2.7]
	at org.springframework.beans.factory.support.AbstractBeanFactory.lambda$doGetBean$0(AbstractBeanFactory.java:339) ~[spring-beans-6.2.7.jar:6.2.7]
	at org.springframework.beans.factory.support.DefaultSingletonBeanRegistry.getSingleton(DefaultSingletonBeanRegistry.java:373) ~[spring-beans-6.2.7.jar:6.2.7]
	at org.springframework.beans.factory.support.AbstractBeanFactory.doGetBean(AbstractBeanFactory.java:337) ~[spring-beans-6.2.7.jar:6.2.7]
	at org.springframework.beans.factory.support.AbstractBeanFactory.getBean(AbstractBeanFactory.java:207) ~[spring-beans-6.2.7.jar:6.2.7]
	at org.springframework.boot.web.servlet.ServletContextInitializerBeans.getOrderedBeansOfType(ServletContextInitializerBeans.java:230) ~[spring-boot-3.5.0.jar:3.5.0]
	at org.springframework.boot.web.servlet.ServletContextInitializerBeans.addAsRegistrationBean(ServletContextInitializerBeans.java:184) ~[spring-boot-3.5.0.jar:3.5.0]
	at org.springframework.boot.web.servlet.ServletContextInitializerBeans.addAsRegistrationBean(ServletContextInitializerBeans.java:179) ~[spring-boot-3.5.0.jar:3.5.0]
	at org.springframework.boot.web.servlet.ServletContextInitializerBeans.addAdaptableBeans(ServletContextInitializerBeans.java:164) ~[spring-boot-3.5.0.jar:3.5.0]
	at org.springframework.boot.web.servlet.ServletContextInitializerBeans.<init>(ServletContextInitializerBeans.java:96) ~[spring-boot-3.5.0.jar:3.5.0]
	at org.springframework.boot.web.servlet.context.ServletWebServerApplicationContext.getServletContextInitializerBeans(ServletWebServerApplicationContext.java:271) ~[spring-boot-3.5.0.jar:3.5.0]
	at org.springframework.boot.web.servlet.context.ServletWebServerApplicationContext.selfInitialize(ServletWebServerApplicationContext.java:245) ~[spring-boot-3.5.0.jar:3.5.0]
	at org.springframework.boot.web.embedded.tomcat.TomcatStarter.onStartup(TomcatStarter.java:52) ~[spring-boot-3.5.0.jar:3.5.0]
	at org.apache.catalina.core.StandardContext.startInternal(StandardContext.java:4464) ~[tomcat-embed-core-10.1.41.jar:10.1.41]
	at org.apache.catalina.util.LifecycleBase.start(LifecycleBase.java:164) ~[tomcat-embed-core-10.1.41.jar:10.1.41]
	at org.apache.catalina.core.ContainerBase$StartChild.call(ContainerBase.java:1203) ~[tomcat-embed-core-10.1.41.jar:10.1.41]
	at org.apache.catalina.core.ContainerBase$StartChild.call(ContainerBase.java:1193) ~[tomcat-embed-core-10.1.41.jar:10.1.41]
	at java.base/java.util.concurrent.FutureTask.run(FutureTask.java:317) ~[na:na]
	at org.apache.tomcat.util.threads.InlineExecutorService.execute(InlineExecutorService.java:75) ~[tomcat-embed-core-10.1.41.jar:10.1.41]
	at java.base/java.util.concurrent.AbstractExecutorService.submit(AbstractExecutorService.java:145) ~[na:na]
	at org.apache.catalina.core.ContainerBase.startInternal(ContainerBase.java:749) ~[tomcat-embed-core-10.1.41.jar:10.1.41]
	at org.apache.catalina.core.StandardHost.startInternal(StandardHost.java:772) ~[tomcat-embed-core-10.1.41.jar:10.1.41]
	at org.apache.catalina.util.LifecycleBase.start(LifecycleBase.java:164) ~[tomcat-embed-core-10.1.41.jar:10.1.41]
	at org.apache.catalina.core.ContainerBase$StartChild.call(ContainerBase.java:1203) ~[tomcat-embed-core-10.1.41.jar:10.1.41]
	at org.apache.catalina.core.ContainerBase$StartChild.call(ContainerBase.java:1193) ~[tomcat-embed-core-10.1.41.jar:10.1.41]
	at java.base/java.util.concurrent.FutureTask.run(FutureTask.java:317) ~[na:na]
	at org.apache.tomcat.util.threads.InlineExecutorService.execute(InlineExecutorService.java:75) ~[tomcat-embed-core-10.1.41.jar:10.1.41]
	at java.base/java.util.concurrent.AbstractExecutorService.submit(AbstractExecutorService.java:145) ~[na:na]
	at org.apache.catalina.core.ContainerBase.startInternal(ContainerBase.java:749) ~[tomcat-embed-core-10.1.41.jar:10.1.41]
	at org.apache.catalina.core.StandardEngine.startInternal(StandardEngine.java:203) ~[tomcat-embed-core-10.1.41.jar:10.1.41]
	at org.apache.catalina.util.LifecycleBase.start(LifecycleBase.java:164) ~[tomcat-embed-core-10.1.41.jar:10.1.41]
	at org.apache.catalina.core.StandardService.startInternal(StandardService.java:412) ~[tomcat-embed-core-10.1.41.jar:10.1.41]
	at org.apache.catalina.util.LifecycleBase.start(LifecycleBase.java:164) ~[tomcat-embed-core-10.1.41.jar:10.1.41]
	at org.apache.catalina.core.StandardServer.startInternal(StandardServer.java:870) ~[tomcat-embed-core-10.1.41.jar:10.1.41]
	at org.apache.catalina.util.LifecycleBase.start(LifecycleBase.java:164) ~[tomcat-embed-core-10.1.41.jar:10.1.41]
	at org.apache.catalina.startup.Tomcat.start(Tomcat.java:438) ~[tomcat-embed-core-10.1.41.jar:10.1.41]
	at org.springframework.boot.web.embedded.tomcat.TomcatWebServer.initialize(TomcatWebServer.java:128) ~[spring-boot-3.5.0.jar:3.5.0]
	... 16 common frames omitted
Caused by: org.springframework.beans.factory.UnsatisfiedDependencyException: Error creating bean with name 'customUserDetailsService' defined in file [C:\Users\HP\Music\PramMart\param-mart\target\classes\com\parammart\security\CustomUserDetailsService.class]: Unsatisfied dependency expressed through constructor parameter 0: Error creating bean with name 'userRepository' defined in com.parammart.repository.UserRepository defined in @EnableJpaRepositories declared on JpaRepositoriesRegistrar.EnableJpaRepositoriesConfiguration: Cannot resolve reference to bean 'jpaSharedEM_entityManagerFactory' while setting bean property 'entityManager'
	at org.springframework.beans.factory.support.ConstructorResolver.createArgumentArray(ConstructorResolver.java:804) ~[spring-beans-6.2.7.jar:6.2.7]
	at org.springframework.beans.factory.support.ConstructorResolver.autowireConstructor(ConstructorResolver.java:240) ~[spring-beans-6.2.7.jar:6.2.7]
	at org.springframework.beans.factory.support.AbstractAutowireCapableBeanFactory.autowireConstructor(AbstractAutowireCapableBeanFactory.java:1395) ~[spring-beans-6.2.7.jar:6.2.7]
	at org.springframework.beans.factory.support.AbstractAutowireCapableBeanFactory.createBeanInstance(AbstractAutowireCapableBeanFactory.java:1232) ~[spring-beans-6.2.7.jar:6.2.7]
	at org.springframework.beans.factory.support.AbstractAutowireCapableBeanFactory.doCreateBean(AbstractAutowireCapableBeanFactory.java:569) ~[spring-beans-6.2.7.jar:6.2.7]
	at org.springframework.beans.factory.support.AbstractAutowireCapableBeanFactory.createBean(AbstractAutowireCapableBeanFactory.java:529) ~[spring-beans-6.2.7.jar:6.2.7]
	at org.springframework.beans.factory.support.AbstractBeanFactory.lambda$doGetBean$0(AbstractBeanFactory.java:339) ~[spring-beans-6.2.7.jar:6.2.7]
	at org.springframework.beans.factory.support.DefaultSingletonBeanRegistry.getSingleton(DefaultSingletonBeanRegistry.java:373) ~[spring-beans-6.2.7.jar:6.2.7]
	at org.springframework.beans.factory.support.AbstractBeanFactory.doGetBean(AbstractBeanFactory.java:337) ~[spring-beans-6.2.7.jar:6.2.7]
	at org.springframework.beans.factory.support.AbstractBeanFactory.getBean(AbstractBeanFactory.java:202) ~[spring-beans-6.2.7.jar:6.2.7]
	at org.springframework.beans.factory.config.DependencyDescriptor.resolveCandidate(DependencyDescriptor.java:254) ~[spring-beans-6.2.7.jar:6.2.7]
	at org.springframework.beans.factory.support.DefaultListableBeanFactory.doResolveDependency(DefaultListableBeanFactory.java:1740) ~[spring-beans-6.2.7.jar:6.2.7]
	at org.springframework.beans.factory.support.DefaultListableBeanFactory.resolveDependency(DefaultListableBeanFactory.java:1628) ~[spring-beans-6.2.7.jar:6.2.7]
	at org.springframework.beans.factory.support.ConstructorResolver.resolveAutowiredArgument(ConstructorResolver.java:913) ~[spring-beans-6.2.7.jar:6.2.7]
	at org.springframework.beans.factory.support.ConstructorResolver.createArgumentArray(ConstructorResolver.java:791) ~[spring-beans-6.2.7.jar:6.2.7]
	... 57 common frames omitted
Caused by: org.springframework.beans.factory.BeanCreationException: Error creating bean with name 'userRepository' defined in com.parammart.repository.UserRepository defined in @EnableJpaRepositories declared on JpaRepositoriesRegistrar.EnableJpaRepositoriesConfiguration: Cannot resolve reference to bean 'jpaSharedEM_entityManagerFactory' while setting bean property 'entityManager'
	at org.springframework.beans.factory.support.BeanDefinitionValueResolver.resolveReference(BeanDefinitionValueResolver.java:377) ~[spring-beans-6.2.7.jar:6.2.7]
	at org.springframework.beans.factory.support.BeanDefinitionValueResolver.resolveValueIfNecessary(BeanDefinitionValueResolver.java:135) ~[spring-beans-6.2.7.jar:6.2.7]
	at org.springframework.beans.factory.support.AbstractAutowireCapableBeanFactory.applyPropertyValues(AbstractAutowireCapableBeanFactory.java:1725) ~[spring-beans-6.2.7.jar:6.2.7]
	at org.springframework.beans.factory.support.AbstractAutowireCapableBeanFactory.populateBean(AbstractAutowireCapableBeanFactory.java:1474) ~[spring-beans-6.2.7.jar:6.2.7]
	at org.springframework.beans.factory.support.AbstractAutowireCapableBeanFactory.doCreateBean(AbstractAutowireCapableBeanFactory.java:606) ~[spring-beans-6.2.7.jar:6.2.7]
	at org.springframework.beans.factory.support.AbstractAutowireCapableBeanFactory.createBean(AbstractAutowireCapableBeanFactory.java:529) ~[spring-beans-6.2.7.jar:6.2.7]
	at org.springframework.beans.factory.support.AbstractBeanFactory.lambda$doGetBean$0(AbstractBeanFactory.java:339) ~[spring-beans-6.2.7.jar:6.2.7]
	at org.springframework.beans.factory.support.DefaultSingletonBeanRegistry.getSingleton(DefaultSingletonBeanRegistry.java:373) ~[spring-beans-6.2.7.jar:6.2.7]
	at org.springframework.beans.factory.support.AbstractBeanFactory.doGetBean(AbstractBeanFactory.java:337) ~[spring-beans-6.2.7.jar:6.2.7]
	at org.springframework.beans.factory.support.AbstractBeanFactory.getBean(AbstractBeanFactory.java:202) ~[spring-beans-6.2.7.jar:6.2.7]
	at org.springframework.beans.factory.config.DependencyDescriptor.resolveCandidate(DependencyDescriptor.java:254) ~[spring-beans-6.2.7.jar:6.2.7]
	at org.springframework.beans.factory.support.DefaultListableBeanFactory.doResolveDependency(DefaultListableBeanFactory.java:1740) ~[spring-beans-6.2.7.jar:6.2.7]
	at org.springframework.beans.factory.support.DefaultListableBeanFactory.resolveDependency(DefaultListableBeanFactory.java:1628) ~[spring-beans-6.2.7.jar:6.2.7]
	at org.springframework.beans.factory.support.ConstructorResolver.resolveAutowiredArgument(ConstructorResolver.java:913) ~[spring-beans-6.2.7.jar:6.2.7]
	at org.springframework.beans.factory.support.ConstructorResolver.createArgumentArray(ConstructorResolver.java:791) ~[spring-beans-6.2.7.jar:6.2.7]
	... 71 common frames omitted
Caused by: org.springframework.beans.factory.BeanCreationException: Error creating bean with name 'jpaSharedEM_entityManagerFactory': Cannot resolve reference to bean 'entityManagerFactory' while setting constructor argument
	at org.springframework.beans.factory.support.BeanDefinitionValueResolver.resolveReference(BeanDefinitionValueResolver.java:377) ~[spring-beans-6.2.7.jar:6.2.7]
	at org.springframework.beans.factory.support.BeanDefinitionValueResolver.resolveValueIfNecessary(BeanDefinitionValueResolver.java:135) ~[spring-beans-6.2.7.jar:6.2.7]
	at org.springframework.beans.factory.support.ConstructorResolver.resolveConstructorArguments(ConstructorResolver.java:691) ~[spring-beans-6.2.7.jar:6.2.7]
	at org.springframework.beans.factory.support.ConstructorResolver.instantiateUsingFactoryMethod(ConstructorResolver.java:513) ~[spring-beans-6.2.7.jar:6.2.7]
	at org.springframework.beans.factory.support.AbstractAutowireCapableBeanFactory.instantiateUsingFactoryMethod(AbstractAutowireCapableBeanFactory.java:1375) ~[spring-beans-6.2.7.jar:6.2.7]
	at org.springframework.beans.factory.support.AbstractAutowireCapableBeanFactory.createBeanInstance(AbstractAutowireCapableBeanFactory.java:1205) ~[spring-beans-6.2.7.jar:6.2.7]
	at org.springframework.beans.factory.support.AbstractAutowireCapableBeanFactory.doCreateBean(AbstractAutowireCapableBeanFactory.java:569) ~[spring-beans-6.2.7.jar:6.2.7]
	at org.springframework.beans.factory.support.AbstractAutowireCapableBeanFactory.createBean(AbstractAutowireCapableBeanFactory.java:529) ~[spring-beans-6.2.7.jar:6.2.7]
	at org.springframework.beans.factory.support.AbstractBeanFactory.lambda$doGetBean$0(AbstractBeanFactory.java:339) ~[spring-beans-6.2.7.jar:6.2.7]
	at org.springframework.beans.factory.support.DefaultSingletonBeanRegistry.getSingleton(DefaultSingletonBeanRegistry.java:373) ~[spring-beans-6.2.7.jar:6.2.7]
	at org.springframework.beans.factory.support.AbstractBeanFactory.doGetBean(AbstractBeanFactory.java:337) ~[spring-beans-6.2.7.jar:6.2.7]
	at org.springframework.beans.factory.support.AbstractBeanFactory.getBean(AbstractBeanFactory.java:202) ~[spring-beans-6.2.7.jar:6.2.7]
	at org.springframework.beans.factory.support.BeanDefinitionValueResolver.resolveReference(BeanDefinitionValueResolver.java:365) ~[spring-beans-6.2.7.jar:6.2.7]
	... 85 common frames omitted
Caused by: org.springframework.beans.factory.BeanCreationException: Error creating bean with name 'entityManagerFactory' defined in class path resource [org/springframework/boot/autoconfigure/orm/jpa/HibernateJpaConfiguration.class]: Type OrderItem not present
	at org.springframework.beans.factory.support.AbstractAutowireCapableBeanFactory.initializeBean(AbstractAutowireCapableBeanFactory.java:1826) ~[spring-beans-6.2.7.jar:6.2.7]
	at org.springframework.beans.factory.support.AbstractAutowireCapableBeanFactory.doCreateBean(AbstractAutowireCapableBeanFactory.java:607) ~[spring-beans-6.2.7.jar:6.2.7]
	at org.springframework.beans.factory.support.AbstractAutowireCapableBeanFactory.createBean(AbstractAutowireCapableBeanFactory.java:529) ~[spring-beans-6.2.7.jar:6.2.7]
	at org.springframework.beans.factory.support.AbstractBeanFactory.lambda$doGetBean$0(AbstractBeanFactory.java:339) ~[spring-beans-6.2.7.jar:6.2.7]
	at org.springframework.beans.factory.support.DefaultSingletonBeanRegistry.getSingleton(DefaultSingletonBeanRegistry.java:373) ~[spring-beans-6.2.7.jar:6.2.7]
	at org.springframework.beans.factory.support.AbstractBeanFactory.doGetBean(AbstractBeanFactory.java:337) ~[spring-beans-6.2.7.jar:6.2.7]
	at org.springframework.beans.factory.support.AbstractBeanFactory.getBean(AbstractBeanFactory.java:202) ~[spring-beans-6.2.7.jar:6.2.7]
	at org.springframework.beans.factory.support.BeanDefinitionValueResolver.resolveReference(BeanDefinitionValueResolver.java:365) ~[spring-beans-6.2.7.jar:6.2.7]
	... 97 common frames omitted
Caused by: java.lang.TypeNotPresentException: Type OrderItem not present
	at java.base/sun.reflect.generics.factory.CoreReflectionFactory.makeNamedType(CoreReflectionFactory.java:117) ~[na:na]
	at java.base/sun.reflect.generics.visitor.Reifier.visitClassTypeSignature(Reifier.java:125) ~[na:na]
	at java.base/sun.reflect.generics.tree.ClassTypeSignature.accept(ClassTypeSignature.java:49) ~[na:na]
	at java.base/sun.reflect.generics.visitor.Reifier.reifyTypeArguments(Reifier.java:68) ~[na:na]
	at java.base/sun.reflect.generics.visitor.Reifier.visitClassTypeSignature(Reifier.java:138) ~[na:na]
	at java.base/sun.reflect.generics.tree.ClassTypeSignature.accept(ClassTypeSignature.java:49) ~[na:na]
	at java.base/sun.reflect.generics.repository.MethodRepository.computeReturnType(MethodRepository.java:75) ~[na:na]
	at java.base/sun.reflect.generics.repository.MethodRepository.getReturnType(MethodRepository.java:66) ~[na:na]
	at java.base/java.lang.reflect.Method.getGenericReturnType(Method.java:299) ~[na:na]
	at org.hibernate.annotations.common.reflection.java.JavaXClass.getDeclaredMethodProperties(JavaXClass.java:136) ~[hibernate-commons-annotations-7.0.3.Final.jar:7.0.3.Final]
	at org.hibernate.annotations.common.reflection.java.JavaXClass.getDeclaredProperties(JavaXClass.java:172) ~[hibernate-commons-annotations-7.0.3.Final.jar:7.0.3.Final]
	at org.hibernate.annotations.common.reflection.java.JavaXClass.getDeclaredProperties(JavaXClass.java:164) ~[hibernate-commons-annotations-7.0.3.Final.jar:7.0.3.Final]
	at org.hibernate.boot.model.internal.InheritanceState.determineDefaultAccessType(InheritanceState.java:269) ~[hibernate-core-6.6.15.Final.jar:6.6.15.Final]
	at org.hibernate.boot.model.internal.InheritanceState.getElementsToProcess(InheritanceState.java:226) ~[hibernate-core-6.6.15.Final.jar:6.6.15.Final]
	at org.hibernate.boot.model.internal.InheritanceState.postProcess(InheritanceState.java:162) ~[hibernate-core-6.6.15.Final.jar:6.6.15.Final]
	at org.hibernate.boot.model.internal.EntityBinder.handleIdentifier(EntityBinder.java:410) ~[hibernate-core-6.6.15.Final.jar:6.6.15.Final]
	at org.hibernate.boot.model.internal.EntityBinder.bindEntityClass(EntityBinder.java:251) ~[hibernate-core-6.6.15.Final.jar:6.6.15.Final]
	at org.hibernate.boot.model.internal.AnnotationBinder.bindClass(AnnotationBinder.java:404) ~[hibernate-core-6.6.15.Final.jar:6.6.15.Final]
	at org.hibernate.boot.model.source.internal.annotations.AnnotationMetadataSourceProcessorImpl.processEntityHierarchies(AnnotationMetadataSourceProcessorImpl.java:266) ~[hibernate-core-6.6.15.Final.jar:6.6.15.Final]
	at org.hibernate.boot.model.process.spi.MetadataBuildingProcess$1.processEntityHierarchies(MetadataBuildingProcess.java:281) ~[hibernate-core-6.6.15.Final.jar:6.6.15.Final]
	at org.hibernate.boot.model.process.spi.MetadataBuildingProcess.complete(MetadataBuildingProcess.java:324) ~[hibernate-core-6.6.15.Final.jar:6.6.15.Final]
	at org.hibernate.jpa.boot.internal.EntityManagerFactoryBuilderImpl.metadata(EntityManagerFactoryBuilderImpl.java:1442) ~[hibernate-core-6.6.15.Final.jar:6.6.15.Final]
	at org.hibernate.jpa.boot.internal.EntityManagerFactoryBuilderImpl.build(EntityManagerFactoryBuilderImpl.java:1513) ~[hibernate-core-6.6.15.Final.jar:6.6.15.Final]
	at org.springframework.orm.jpa.vendor.SpringHibernateJpaPersistenceProvider.createContainerEntityManagerFactory(SpringHibernateJpaPersistenceProvider.java:66) ~[spring-orm-6.2.7.jar:6.2.7]
	at org.springframework.orm.jpa.LocalContainerEntityManagerFactoryBean.createNativeEntityManagerFactory(LocalContainerEntityManagerFactoryBean.java:390) ~[spring-orm-6.2.7.jar:6.2.7]
	at org.springframework.orm.jpa.AbstractEntityManagerFactoryBean.buildNativeEntityManagerFactory(AbstractEntityManagerFactoryBean.java:419) ~[spring-orm-6.2.7.jar:6.2.7]
	at org.springframework.orm.jpa.AbstractEntityManagerFactoryBean.afterPropertiesSet(AbstractEntityManagerFactoryBean.java:400) ~[spring-orm-6.2.7.jar:6.2.7]
	at org.springframework.orm.jpa.LocalContainerEntityManagerFactoryBean.afterPropertiesSet(LocalContainerEntityManagerFactoryBean.java:366) ~[spring-orm-6.2.7.jar:6.2.7]
	at org.springframework.beans.factory.support.AbstractAutowireCapableBeanFactory.invokeInitMethods(AbstractAutowireCapableBeanFactory.java:1873) ~[spring-beans-6.2.7.jar:6.2.7]
	at org.springframework.beans.factory.support.AbstractAutowireCapableBeanFactory.initializeBean(AbstractAutowireCapableBeanFactory.java:1822) ~[spring-beans-6.2.7.jar:6.2.7]
	... 104 common frames omitted
Caused by: java.lang.ClassNotFoundException: OrderItem
	at java.base/jdk.internal.loader.BuiltinClassLoader.loadClass(BuiltinClassLoader.java:641) ~[na:na]
	at java.base/jdk.internal.loader.ClassLoaders$AppClassLoader.loadClass(ClassLoaders.java:188) ~[na:na]
	at java.base/java.lang.ClassLoader.loadClass(ClassLoader.java:526) ~[na:na]
	at java.base/java.lang.Class.forName0(Native Method) ~[na:na]
	at java.base/java.lang.Class.forName(Class.java:534) ~[na:na]
	at java.base/java.lang.Class.forName(Class.java:513) ~[na:na]
	at org.springframework.boot.devtools.restart.classloader.RestartClassLoader.loadClass(RestartClassLoader.java:121) ~[spring-boot-devtools-3.5.0.jar:3.5.0]
	at java.base/java.lang.ClassLoader.loadClass(ClassLoader.java:526) ~[na:na]
	at java.base/java.lang.Class.forName0(Native Method) ~[na:na]
	at java.base/java.lang.Class.forName(Class.java:534) ~[na:na]
	at java.base/java.lang.Class.forName(Class.java:513) ~[na:na]
	at java.base/sun.reflect.generics.factory.CoreReflectionFactory.makeNamedType(CoreReflectionFactory.java:114) ~[na:na]
	... 133 common frames omitted
2026-07-19 22:31:39 INFO  com.parammart.ParamMartApplication - Starting ParamMartApplication using Java 21.0.8 with PID 15728 (C:\Users\HP\Music\PramMart\param-mart\target\classes started by HP in C:\Users\HP\Music\PramMart\param-mart)
2026-07-19 22:31:39 DEBUG com.parammart.ParamMartApplication - Running with Spring Boot v3.5.0, Spring v6.2.7
2026-07-19 22:31:39 INFO  com.parammart.ParamMartApplication - No active profile set, falling back to 1 default profile: "default"
2026-07-19 22:31:39 INFO  o.s.d.r.c.RepositoryConfigurationDelegate - Bootstrapping Spring Data JPA repositories in DEFAULT mode.
2026-07-19 22:31:39 INFO  o.s.d.r.c.RepositoryConfigurationDelegate - Finished Spring Data repository scanning in 16 ms. Found 7 JPA repository interfaces.
2026-07-19 22:31:40 INFO  o.s.b.w.e.tomcat.TomcatWebServer - Tomcat initialized with port 8080 (http)
2026-07-19 22:31:40 INFO  o.a.catalina.core.StandardService - Starting service [Tomcat]
2026-07-19 22:31:40 INFO  o.a.catalina.core.StandardEngine - Starting Servlet engine: [Apache Tomcat/10.1.41]
2026-07-19 22:31:40 INFO  o.a.c.c.C.[Tomcat-4].[localhost].[/] - Initializing Spring embedded WebApplicationContext
2026-07-19 22:31:40 INFO  o.s.b.w.s.c.ServletWebServerApplicationContext - Root WebApplicationContext: initialization completed in 367 ms
2026-07-19 22:31:40 INFO  o.h.jpa.internal.util.LogHelper - HHH000204: Processing PersistenceUnitInfo [name: default]
2026-07-19 22:31:40 INFO  o.h.c.i.RegionFactoryInitiator - HHH000026: Second-level cache disabled
2026-07-19 22:31:40 INFO  o.s.o.j.p.SpringPersistenceUnitInfo - No LoadTimeWeaver setup: ignoring JPA class transformer
2026-07-19 22:31:40 INFO  com.zaxxer.hikari.HikariDataSource - HikariPool-25 - Starting...
2026-07-19 22:31:40 INFO  com.zaxxer.hikari.pool.HikariPool - HikariPool-25 - Added connection com.mysql.cj.jdbc.ConnectionImpl@7c0777e6
2026-07-19 22:31:40 INFO  com.zaxxer.hikari.HikariDataSource - HikariPool-25 - Start completed.
2026-07-19 22:31:40 INFO  o.hibernate.orm.connections.pooling - HHH10001005: Database info:
	Database JDBC URL [Connecting through datasource 'HikariDataSource (HikariPool-25)']
	Database driver: undefined/unknown
	Database version: 8.0.46
	Autocommit mode: undefined/unknown
	Isolation level: undefined/unknown
	Minimum pool size: undefined/unknown
	Maximum pool size: undefined/unknown
2026-07-19 22:31:40 ERROR o.s.b.w.e.tomcat.TomcatStarter - Error starting Tomcat context. Exception: org.springframework.beans.factory.UnsatisfiedDependencyException. Message: Error creating bean with name 'jwtAuthenticationFilter' defined in file [C:\Users\HP\Music\PramMart\param-mart\target\classes\com\parammart\security\JwtAuthenticationFilter.class]: Unsatisfied dependency expressed through constructor parameter 1: Error creating bean with name 'customUserDetailsService' defined in file [C:\Users\HP\Music\PramMart\param-mart\target\classes\com\parammart\security\CustomUserDetailsService.class]: Unsatisfied dependency expressed through constructor parameter 0: Error creating bean with name 'userRepository' defined in com.parammart.repository.UserRepository defined in @EnableJpaRepositories declared on JpaRepositoriesRegistrar.EnableJpaRepositoriesConfiguration: Cannot resolve reference to bean 'jpaSharedEM_entityManagerFactory' while setting bean property 'entityManager'
2026-07-19 22:31:40 INFO  o.a.catalina.core.StandardService - Stopping service [Tomcat]
2026-07-19 22:31:40 WARN  o.a.c.loader.WebappClassLoaderBase - The web application [ROOT] appears to have started a thread named [HikariPool-25:housekeeper] but has failed to stop it. This is very likely to create a memory leak. Stack trace of thread:
 java.base/jdk.internal.misc.Unsafe.park(Native Method)
 java.base/java.util.concurrent.locks.LockSupport.parkNanos(LockSupport.java:269)
 java.base/java.util.concurrent.locks.AbstractQueuedSynchronizer$ConditionObject.awaitNanos(AbstractQueuedSynchronizer.java:1763)
 java.base/java.util.concurrent.ScheduledThreadPoolExecutor$DelayedWorkQueue.take(ScheduledThreadPoolExecutor.java:1182)
 java.base/java.util.concurrent.ScheduledThreadPoolExecutor$DelayedWorkQueue.take(ScheduledThreadPoolExecutor.java:899)
 java.base/java.util.concurrent.ThreadPoolExecutor.getTask(ThreadPoolExecutor.java:1070)
 java.base/java.util.concurrent.ThreadPoolExecutor.runWorker(ThreadPoolExecutor.java:1130)
 java.base/java.util.concurrent.ThreadPoolExecutor$Worker.run(ThreadPoolExecutor.java:642)
 java.base/java.lang.Thread.run(Thread.java:1583)
2026-07-19 22:31:40 WARN  o.s.b.w.s.c.AnnotationConfigServletWebServerApplicationContext - Exception encountered during context initialization - cancelling refresh attempt: org.springframework.context.ApplicationContextException: Unable to start web server
2026-07-19 22:31:40 INFO  com.zaxxer.hikari.HikariDataSource - HikariPool-25 - Shutdown initiated...
2026-07-19 22:31:40 INFO  com.zaxxer.hikari.HikariDataSource - HikariPool-25 - Shutdown completed.
2026-07-19 22:31:40 INFO  o.s.b.a.l.ConditionEvaluationReportLogger - 

Error starting ApplicationContext. To display the condition evaluation report re-run your application with 'debug' enabled.
2026-07-19 22:31:40 ERROR o.s.boot.SpringApplication - Application run failed
org.springframework.context.ApplicationContextException: Unable to start web server
	at org.springframework.boot.web.servlet.context.ServletWebServerApplicationContext.onRefresh(ServletWebServerApplicationContext.java:170) ~[spring-boot-3.5.0.jar:3.5.0]
	at org.springframework.context.support.AbstractApplicationContext.refresh(AbstractApplicationContext.java:621) ~[spring-context-6.2.7.jar:6.2.7]
	at org.springframework.boot.web.servlet.context.ServletWebServerApplicationContext.refresh(ServletWebServerApplicationContext.java:146) ~[spring-boot-3.5.0.jar:3.5.0]
	at org.springframework.boot.SpringApplication.refresh(SpringApplication.java:753) ~[spring-boot-3.5.0.jar:3.5.0]
	at org.springframework.boot.SpringApplication.refreshContext(SpringApplication.java:439) ~[spring-boot-3.5.0.jar:3.5.0]
	at org.springframework.boot.SpringApplication.run(SpringApplication.java:318) ~[spring-boot-3.5.0.jar:3.5.0]
	at org.springframework.boot.SpringApplication.run(SpringApplication.java:1362) ~[spring-boot-3.5.0.jar:3.5.0]
	at org.springframework.boot.SpringApplication.run(SpringApplication.java:1351) ~[spring-boot-3.5.0.jar:3.5.0]
	at com.parammart.ParamMartApplication.main(ParamMartApplication.java:10) ~[classes/:na]
	at java.base/jdk.internal.reflect.DirectMethodHandleAccessor.invoke(DirectMethodHandleAccessor.java:103) ~[na:na]
	at java.base/java.lang.reflect.Method.invoke(Method.java:580) ~[na:na]
	at org.springframework.boot.devtools.restart.RestartLauncher.run(RestartLauncher.java:50) ~[spring-boot-devtools-3.5.0.jar:3.5.0]
Caused by: org.springframework.boot.web.server.WebServerException: Unable to start embedded Tomcat
	at org.springframework.boot.web.embedded.tomcat.TomcatWebServer.initialize(TomcatWebServer.java:147) ~[spring-boot-3.5.0.jar:3.5.0]
	at org.springframework.boot.web.embedded.tomcat.TomcatWebServer.<init>(TomcatWebServer.java:107) ~[spring-boot-3.5.0.jar:3.5.0]
	at org.springframework.boot.web.embedded.tomcat.TomcatServletWebServerFactory.getTomcatWebServer(TomcatServletWebServerFactory.java:517) ~[spring-boot-3.5.0.jar:3.5.0]
	at org.springframework.boot.web.embedded.tomcat.TomcatServletWebServerFactory.getWebServer(TomcatServletWebServerFactory.java:219) ~[spring-boot-3.5.0.jar:3.5.0]
	at org.springframework.boot.web.servlet.context.ServletWebServerApplicationContext.createWebServer(ServletWebServerApplicationContext.java:193) ~[spring-boot-3.5.0.jar:3.5.0]
	at org.springframework.boot.web.servlet.context.ServletWebServerApplicationContext.onRefresh(ServletWebServerApplicationContext.java:167) ~[spring-boot-3.5.0.jar:3.5.0]
	... 11 common frames omitted
Caused by: org.springframework.beans.factory.UnsatisfiedDependencyException: Error creating bean with name 'jwtAuthenticationFilter' defined in file [C:\Users\HP\Music\PramMart\param-mart\target\classes\com\parammart\security\JwtAuthenticationFilter.class]: Unsatisfied dependency expressed through constructor parameter 1: Error creating bean with name 'customUserDetailsService' defined in file [C:\Users\HP\Music\PramMart\param-mart\target\classes\com\parammart\security\CustomUserDetailsService.class]: Unsatisfied dependency expressed through constructor parameter 0: Error creating bean with name 'userRepository' defined in com.parammart.repository.UserRepository defined in @EnableJpaRepositories declared on JpaRepositoriesRegistrar.EnableJpaRepositoriesConfiguration: Cannot resolve reference to bean 'jpaSharedEM_entityManagerFactory' while setting bean property 'entityManager'
	at org.springframework.beans.factory.support.ConstructorResolver.createArgumentArray(ConstructorResolver.java:804) ~[spring-beans-6.2.7.jar:6.2.7]
	at org.springframework.beans.factory.support.ConstructorResolver.autowireConstructor(ConstructorResolver.java:240) ~[spring-beans-6.2.7.jar:6.2.7]
	at org.springframework.beans.factory.support.AbstractAutowireCapableBeanFactory.autowireConstructor(AbstractAutowireCapableBeanFactory.java:1395) ~[spring-beans-6.2.7.jar:6.2.7]
	at org.springframework.beans.factory.support.AbstractAutowireCapableBeanFactory.createBeanInstance(AbstractAutowireCapableBeanFactory.java:1232) ~[spring-beans-6.2.7.jar:6.2.7]
	at org.springframework.beans.factory.support.AbstractAutowireCapableBeanFactory.doCreateBean(AbstractAutowireCapableBeanFactory.java:569) ~[spring-beans-6.2.7.jar:6.2.7]
	at org.springframework.beans.factory.support.AbstractAutowireCapableBeanFactory.createBean(AbstractAutowireCapableBeanFactory.java:529) ~[spring-beans-6.2.7.jar:6.2.7]
	at org.springframework.beans.factory.support.AbstractBeanFactory.lambda$doGetBean$0(AbstractBeanFactory.java:339) ~[spring-beans-6.2.7.jar:6.2.7]
	at org.springframework.beans.factory.support.DefaultSingletonBeanRegistry.getSingleton(DefaultSingletonBeanRegistry.java:373) ~[spring-beans-6.2.7.jar:6.2.7]
	at org.springframework.beans.factory.support.AbstractBeanFactory.doGetBean(AbstractBeanFactory.java:337) ~[spring-beans-6.2.7.jar:6.2.7]
	at org.springframework.beans.factory.support.AbstractBeanFactory.getBean(AbstractBeanFactory.java:207) ~[spring-beans-6.2.7.jar:6.2.7]
	at org.springframework.boot.web.servlet.ServletContextInitializerBeans.getOrderedBeansOfType(ServletContextInitializerBeans.java:230) ~[spring-boot-3.5.0.jar:3.5.0]
	at org.springframework.boot.web.servlet.ServletContextInitializerBeans.addAsRegistrationBean(ServletContextInitializerBeans.java:184) ~[spring-boot-3.5.0.jar:3.5.0]
	at org.springframework.boot.web.servlet.ServletContextInitializerBeans.addAsRegistrationBean(ServletContextInitializerBeans.java:179) ~[spring-boot-3.5.0.jar:3.5.0]
	at org.springframework.boot.web.servlet.ServletContextInitializerBeans.addAdaptableBeans(ServletContextInitializerBeans.java:164) ~[spring-boot-3.5.0.jar:3.5.0]
	at org.springframework.boot.web.servlet.ServletContextInitializerBeans.<init>(ServletContextInitializerBeans.java:96) ~[spring-boot-3.5.0.jar:3.5.0]
	at org.springframework.boot.web.servlet.context.ServletWebServerApplicationContext.getServletContextInitializerBeans(ServletWebServerApplicationContext.java:271) ~[spring-boot-3.5.0.jar:3.5.0]
	at org.springframework.boot.web.servlet.context.ServletWebServerApplicationContext.selfInitialize(ServletWebServerApplicationContext.java:245) ~[spring-boot-3.5.0.jar:3.5.0]
	at org.springframework.boot.web.embedded.tomcat.TomcatStarter.onStartup(TomcatStarter.java:52) ~[spring-boot-3.5.0.jar:3.5.0]
	at org.apache.catalina.core.StandardContext.startInternal(StandardContext.java:4464) ~[tomcat-embed-core-10.1.41.jar:10.1.41]
	at org.apache.catalina.util.LifecycleBase.start(LifecycleBase.java:164) ~[tomcat-embed-core-10.1.41.jar:10.1.41]
	at org.apache.catalina.core.ContainerBase$StartChild.call(ContainerBase.java:1203) ~[tomcat-embed-core-10.1.41.jar:10.1.41]
	at org.apache.catalina.core.ContainerBase$StartChild.call(ContainerBase.java:1193) ~[tomcat-embed-core-10.1.41.jar:10.1.41]
	at java.base/java.util.concurrent.FutureTask.run(FutureTask.java:317) ~[na:na]
	at org.apache.tomcat.util.threads.InlineExecutorService.execute(InlineExecutorService.java:75) ~[tomcat-embed-core-10.1.41.jar:10.1.41]
	at java.base/java.util.concurrent.AbstractExecutorService.submit(AbstractExecutorService.java:145) ~[na:na]
	at org.apache.catalina.core.ContainerBase.startInternal(ContainerBase.java:749) ~[tomcat-embed-core-10.1.41.jar:10.1.41]
	at org.apache.catalina.core.StandardHost.startInternal(StandardHost.java:772) ~[tomcat-embed-core-10.1.41.jar:10.1.41]
	at org.apache.catalina.util.LifecycleBase.start(LifecycleBase.java:164) ~[tomcat-embed-core-10.1.41.jar:10.1.41]
	at org.apache.catalina.core.ContainerBase$StartChild.call(ContainerBase.java:1203) ~[tomcat-embed-core-10.1.41.jar:10.1.41]
	at org.apache.catalina.core.ContainerBase$StartChild.call(ContainerBase.java:1193) ~[tomcat-embed-core-10.1.41.jar:10.1.41]
	at java.base/java.util.concurrent.FutureTask.run(FutureTask.java:317) ~[na:na]
	at org.apache.tomcat.util.threads.InlineExecutorService.execute(InlineExecutorService.java:75) ~[tomcat-embed-core-10.1.41.jar:10.1.41]
	at java.base/java.util.concurrent.AbstractExecutorService.submit(AbstractExecutorService.java:145) ~[na:na]
	at org.apache.catalina.core.ContainerBase.startInternal(ContainerBase.java:749) ~[tomcat-embed-core-10.1.41.jar:10.1.41]
	at org.apache.catalina.core.StandardEngine.startInternal(StandardEngine.java:203) ~[tomcat-embed-core-10.1.41.jar:10.1.41]
	at org.apache.catalina.util.LifecycleBase.start(LifecycleBase.java:164) ~[tomcat-embed-core-10.1.41.jar:10.1.41]
	at org.apache.catalina.core.StandardService.startInternal(StandardService.java:412) ~[tomcat-embed-core-10.1.41.jar:10.1.41]
	at org.apache.catalina.util.LifecycleBase.start(LifecycleBase.java:164) ~[tomcat-embed-core-10.1.41.jar:10.1.41]
	at org.apache.catalina.core.StandardServer.startInternal(StandardServer.java:870) ~[tomcat-embed-core-10.1.41.jar:10.1.41]
	at org.apache.catalina.util.LifecycleBase.start(LifecycleBase.java:164) ~[tomcat-embed-core-10.1.41.jar:10.1.41]
	at org.apache.catalina.startup.Tomcat.start(Tomcat.java:438) ~[tomcat-embed-core-10.1.41.jar:10.1.41]
	at org.springframework.boot.web.embedded.tomcat.TomcatWebServer.initialize(TomcatWebServer.java:128) ~[spring-boot-3.5.0.jar:3.5.0]
	... 16 common frames omitted
Caused by: org.springframework.beans.factory.UnsatisfiedDependencyException: Error creating bean with name 'customUserDetailsService' defined in file [C:\Users\HP\Music\PramMart\param-mart\target\classes\com\parammart\security\CustomUserDetailsService.class]: Unsatisfied dependency expressed through constructor parameter 0: Error creating bean with name 'userRepository' defined in com.parammart.repository.UserRepository defined in @EnableJpaRepositories declared on JpaRepositoriesRegistrar.EnableJpaRepositoriesConfiguration: Cannot resolve reference to bean 'jpaSharedEM_entityManagerFactory' while setting bean property 'entityManager'
	at org.springframework.beans.factory.support.ConstructorResolver.createArgumentArray(ConstructorResolver.java:804) ~[spring-beans-6.2.7.jar:6.2.7]
	at org.springframework.beans.factory.support.ConstructorResolver.autowireConstructor(ConstructorResolver.java:240) ~[spring-beans-6.2.7.jar:6.2.7]
	at org.springframework.beans.factory.support.AbstractAutowireCapableBeanFactory.autowireConstructor(AbstractAutowireCapableBeanFactory.java:1395) ~[spring-beans-6.2.7.jar:6.2.7]
	at org.springframework.beans.factory.support.AbstractAutowireCapableBeanFactory.createBeanInstance(AbstractAutowireCapableBeanFactory.java:1232) ~[spring-beans-6.2.7.jar:6.2.7]
	at org.springframework.beans.factory.support.AbstractAutowireCapableBeanFactory.doCreateBean(AbstractAutowireCapableBeanFactory.java:569) ~[spring-beans-6.2.7.jar:6.2.7]
	at org.springframework.beans.factory.support.AbstractAutowireCapableBeanFactory.createBean(AbstractAutowireCapableBeanFactory.java:529) ~[spring-beans-6.2.7.jar:6.2.7]
	at org.springframework.beans.factory.support.AbstractBeanFactory.lambda$doGetBean$0(AbstractBeanFactory.java:339) ~[spring-beans-6.2.7.jar:6.2.7]
	at org.springframework.beans.factory.support.DefaultSingletonBeanRegistry.getSingleton(DefaultSingletonBeanRegistry.java:373) ~[spring-beans-6.2.7.jar:6.2.7]
	at org.springframework.beans.factory.support.AbstractBeanFactory.doGetBean(AbstractBeanFactory.java:337) ~[spring-beans-6.2.7.jar:6.2.7]
	at org.springframework.beans.factory.support.AbstractBeanFactory.getBean(AbstractBeanFactory.java:202) ~[spring-beans-6.2.7.jar:6.2.7]
	at org.springframework.beans.factory.config.DependencyDescriptor.resolveCandidate(DependencyDescriptor.java:254) ~[spring-beans-6.2.7.jar:6.2.7]
	at org.springframework.beans.factory.support.DefaultListableBeanFactory.doResolveDependency(DefaultListableBeanFactory.java:1740) ~[spring-beans-6.2.7.jar:6.2.7]
	at org.springframework.beans.factory.support.DefaultListableBeanFactory.resolveDependency(DefaultListableBeanFactory.java:1628) ~[spring-beans-6.2.7.jar:6.2.7]
	at org.springframework.beans.factory.support.ConstructorResolver.resolveAutowiredArgument(ConstructorResolver.java:913) ~[spring-beans-6.2.7.jar:6.2.7]
	at org.springframework.beans.factory.support.ConstructorResolver.createArgumentArray(ConstructorResolver.java:791) ~[spring-beans-6.2.7.jar:6.2.7]
	... 57 common frames omitted
Caused by: org.springframework.beans.factory.BeanCreationException: Error creating bean with name 'userRepository' defined in com.parammart.repository.UserRepository defined in @EnableJpaRepositories declared on JpaRepositoriesRegistrar.EnableJpaRepositoriesConfiguration: Cannot resolve reference to bean 'jpaSharedEM_entityManagerFactory' while setting bean property 'entityManager'
	at org.springframework.beans.factory.support.BeanDefinitionValueResolver.resolveReference(BeanDefinitionValueResolver.java:377) ~[spring-beans-6.2.7.jar:6.2.7]
	at org.springframework.beans.factory.support.BeanDefinitionValueResolver.resolveValueIfNecessary(BeanDefinitionValueResolver.java:135) ~[spring-beans-6.2.7.jar:6.2.7]
	at org.springframework.beans.factory.support.AbstractAutowireCapableBeanFactory.applyPropertyValues(AbstractAutowireCapableBeanFactory.java:1725) ~[spring-beans-6.2.7.jar:6.2.7]
	at org.springframework.beans.factory.support.AbstractAutowireCapableBeanFactory.populateBean(AbstractAutowireCapableBeanFactory.java:1474) ~[spring-beans-6.2.7.jar:6.2.7]
	at org.springframework.beans.factory.support.AbstractAutowireCapableBeanFactory.doCreateBean(AbstractAutowireCapableBeanFactory.java:606) ~[spring-beans-6.2.7.jar:6.2.7]
	at org.springframework.beans.factory.support.AbstractAutowireCapableBeanFactory.createBean(AbstractAutowireCapableBeanFactory.java:529) ~[spring-beans-6.2.7.jar:6.2.7]
	at org.springframework.beans.factory.support.AbstractBeanFactory.lambda$doGetBean$0(AbstractBeanFactory.java:339) ~[spring-beans-6.2.7.jar:6.2.7]
	at org.springframework.beans.factory.support.DefaultSingletonBeanRegistry.getSingleton(DefaultSingletonBeanRegistry.java:373) ~[spring-beans-6.2.7.jar:6.2.7]
	at org.springframework.beans.factory.support.AbstractBeanFactory.doGetBean(AbstractBeanFactory.java:337) ~[spring-beans-6.2.7.jar:6.2.7]
	at org.springframework.beans.factory.support.AbstractBeanFactory.getBean(AbstractBeanFactory.java:202) ~[spring-beans-6.2.7.jar:6.2.7]
	at org.springframework.beans.factory.config.DependencyDescriptor.resolveCandidate(DependencyDescriptor.java:254) ~[spring-beans-6.2.7.jar:6.2.7]
	at org.springframework.beans.factory.support.DefaultListableBeanFactory.doResolveDependency(DefaultListableBeanFactory.java:1740) ~[spring-beans-6.2.7.jar:6.2.7]
	at org.springframework.beans.factory.support.DefaultListableBeanFactory.resolveDependency(DefaultListableBeanFactory.java:1628) ~[spring-beans-6.2.7.jar:6.2.7]
	at org.springframework.beans.factory.support.ConstructorResolver.resolveAutowiredArgument(ConstructorResolver.java:913) ~[spring-beans-6.2.7.jar:6.2.7]
	at org.springframework.beans.factory.support.ConstructorResolver.createArgumentArray(ConstructorResolver.java:791) ~[spring-beans-6.2.7.jar:6.2.7]
	... 71 common frames omitted
Caused by: org.springframework.beans.factory.BeanCreationException: Error creating bean with name 'jpaSharedEM_entityManagerFactory': Cannot resolve reference to bean 'entityManagerFactory' while setting constructor argument
	at org.springframework.beans.factory.support.BeanDefinitionValueResolver.resolveReference(BeanDefinitionValueResolver.java:377) ~[spring-beans-6.2.7.jar:6.2.7]
	at org.springframework.beans.factory.support.BeanDefinitionValueResolver.resolveValueIfNecessary(BeanDefinitionValueResolver.java:135) ~[spring-beans-6.2.7.jar:6.2.7]
	at org.springframework.beans.factory.support.ConstructorResolver.resolveConstructorArguments(ConstructorResolver.java:691) ~[spring-beans-6.2.7.jar:6.2.7]
	at org.springframework.beans.factory.support.ConstructorResolver.instantiateUsingFactoryMethod(ConstructorResolver.java:513) ~[spring-beans-6.2.7.jar:6.2.7]
	at org.springframework.beans.factory.support.AbstractAutowireCapableBeanFactory.instantiateUsingFactoryMethod(AbstractAutowireCapableBeanFactory.java:1375) ~[spring-beans-6.2.7.jar:6.2.7]
	at org.springframework.beans.factory.support.AbstractAutowireCapableBeanFactory.createBeanInstance(AbstractAutowireCapableBeanFactory.java:1205) ~[spring-beans-6.2.7.jar:6.2.7]
	at org.springframework.beans.factory.support.AbstractAutowireCapableBeanFactory.doCreateBean(AbstractAutowireCapableBeanFactory.java:569) ~[spring-beans-6.2.7.jar:6.2.7]
	at org.springframework.beans.factory.support.AbstractAutowireCapableBeanFactory.createBean(AbstractAutowireCapableBeanFactory.java:529) ~[spring-beans-6.2.7.jar:6.2.7]
	at org.springframework.beans.factory.support.AbstractBeanFactory.lambda$doGetBean$0(AbstractBeanFactory.java:339) ~[spring-beans-6.2.7.jar:6.2.7]
	at org.springframework.beans.factory.support.DefaultSingletonBeanRegistry.getSingleton(DefaultSingletonBeanRegistry.java:373) ~[spring-beans-6.2.7.jar:6.2.7]
	at org.springframework.beans.factory.support.AbstractBeanFactory.doGetBean(AbstractBeanFactory.java:337) ~[spring-beans-6.2.7.jar:6.2.7]
	at org.springframework.beans.factory.support.AbstractBeanFactory.getBean(AbstractBeanFactory.java:202) ~[spring-beans-6.2.7.jar:6.2.7]
	at org.springframework.beans.factory.support.BeanDefinitionValueResolver.resolveReference(BeanDefinitionValueResolver.java:365) ~[spring-beans-6.2.7.jar:6.2.7]
	... 85 common frames omitted
Caused by: org.springframework.beans.factory.BeanCreationException: Error creating bean with name 'entityManagerFactory' defined in class path resource [org/springframework/boot/autoconfigure/orm/jpa/HibernateJpaConfiguration.class]: Type OrderItem not present
	at org.springframework.beans.factory.support.AbstractAutowireCapableBeanFactory.initializeBean(AbstractAutowireCapableBeanFactory.java:1826) ~[spring-beans-6.2.7.jar:6.2.7]
	at org.springframework.beans.factory.support.AbstractAutowireCapableBeanFactory.doCreateBean(AbstractAutowireCapableBeanFactory.java:607) ~[spring-beans-6.2.7.jar:6.2.7]
	at org.springframework.beans.factory.support.AbstractAutowireCapableBeanFactory.createBean(AbstractAutowireCapableBeanFactory.java:529) ~[spring-beans-6.2.7.jar:6.2.7]
	at org.springframework.beans.factory.support.AbstractBeanFactory.lambda$doGetBean$0(AbstractBeanFactory.java:339) ~[spring-beans-6.2.7.jar:6.2.7]
	at org.springframework.beans.factory.support.DefaultSingletonBeanRegistry.getSingleton(DefaultSingletonBeanRegistry.java:373) ~[spring-beans-6.2.7.jar:6.2.7]
	at org.springframework.beans.factory.support.AbstractBeanFactory.doGetBean(AbstractBeanFactory.java:337) ~[spring-beans-6.2.7.jar:6.2.7]
	at org.springframework.beans.factory.support.AbstractBeanFactory.getBean(AbstractBeanFactory.java:202) ~[spring-beans-6.2.7.jar:6.2.7]
	at org.springframework.beans.factory.support.BeanDefinitionValueResolver.resolveReference(BeanDefinitionValueResolver.java:365) ~[spring-beans-6.2.7.jar:6.2.7]
	... 97 common frames omitted
Caused by: java.lang.TypeNotPresentException: Type OrderItem not present
	at java.base/sun.reflect.generics.factory.CoreReflectionFactory.makeNamedType(CoreReflectionFactory.java:117) ~[na:na]
	at java.base/sun.reflect.generics.visitor.Reifier.visitClassTypeSignature(Reifier.java:125) ~[na:na]
	at java.base/sun.reflect.generics.tree.ClassTypeSignature.accept(ClassTypeSignature.java:49) ~[na:na]
	at java.base/sun.reflect.generics.visitor.Reifier.reifyTypeArguments(Reifier.java:68) ~[na:na]
	at java.base/sun.reflect.generics.visitor.Reifier.visitClassTypeSignature(Reifier.java:138) ~[na:na]
	at java.base/sun.reflect.generics.tree.ClassTypeSignature.accept(ClassTypeSignature.java:49) ~[na:na]
	at java.base/sun.reflect.generics.repository.MethodRepository.computeReturnType(MethodRepository.java:75) ~[na:na]
	at java.base/sun.reflect.generics.repository.MethodRepository.getReturnType(MethodRepository.java:66) ~[na:na]
	at java.base/java.lang.reflect.Method.getGenericReturnType(Method.java:299) ~[na:na]
	at org.hibernate.annotations.common.reflection.java.JavaXClass.getDeclaredMethodProperties(JavaXClass.java:136) ~[hibernate-commons-annotations-7.0.3.Final.jar:7.0.3.Final]
	at org.hibernate.annotations.common.reflection.java.JavaXClass.getDeclaredProperties(JavaXClass.java:172) ~[hibernate-commons-annotations-7.0.3.Final.jar:7.0.3.Final]
	at org.hibernate.annotations.common.reflection.java.JavaXClass.getDeclaredProperties(JavaXClass.java:164) ~[hibernate-commons-annotations-7.0.3.Final.jar:7.0.3.Final]
	at org.hibernate.boot.model.internal.InheritanceState.determineDefaultAccessType(InheritanceState.java:269) ~[hibernate-core-6.6.15.Final.jar:6.6.15.Final]
	at org.hibernate.boot.model.internal.InheritanceState.getElementsToProcess(InheritanceState.java:226) ~[hibernate-core-6.6.15.Final.jar:6.6.15.Final]
	at org.hibernate.boot.model.internal.InheritanceState.postProcess(InheritanceState.java:162) ~[hibernate-core-6.6.15.Final.jar:6.6.15.Final]
	at org.hibernate.boot.model.internal.EntityBinder.handleIdentifier(EntityBinder.java:410) ~[hibernate-core-6.6.15.Final.jar:6.6.15.Final]
	at org.hibernate.boot.model.internal.EntityBinder.bindEntityClass(EntityBinder.java:251) ~[hibernate-core-6.6.15.Final.jar:6.6.15.Final]
	at org.hibernate.boot.model.internal.AnnotationBinder.bindClass(AnnotationBinder.java:404) ~[hibernate-core-6.6.15.Final.jar:6.6.15.Final]
	at org.hibernate.boot.model.source.internal.annotations.AnnotationMetadataSourceProcessorImpl.processEntityHierarchies(AnnotationMetadataSourceProcessorImpl.java:266) ~[hibernate-core-6.6.15.Final.jar:6.6.15.Final]
	at org.hibernate.boot.model.process.spi.MetadataBuildingProcess$1.processEntityHierarchies(MetadataBuildingProcess.java:281) ~[hibernate-core-6.6.15.Final.jar:6.6.15.Final]
	at org.hibernate.boot.model.process.spi.MetadataBuildingProcess.complete(MetadataBuildingProcess.java:324) ~[hibernate-core-6.6.15.Final.jar:6.6.15.Final]
	at org.hibernate.jpa.boot.internal.EntityManagerFactoryBuilderImpl.metadata(EntityManagerFactoryBuilderImpl.java:1442) ~[hibernate-core-6.6.15.Final.jar:6.6.15.Final]
	at org.hibernate.jpa.boot.internal.EntityManagerFactoryBuilderImpl.build(EntityManagerFactoryBuilderImpl.java:1513) ~[hibernate-core-6.6.15.Final.jar:6.6.15.Final]
	at org.springframework.orm.jpa.vendor.SpringHibernateJpaPersistenceProvider.createContainerEntityManagerFactory(SpringHibernateJpaPersistenceProvider.java:66) ~[spring-orm-6.2.7.jar:6.2.7]
	at org.springframework.orm.jpa.LocalContainerEntityManagerFactoryBean.createNativeEntityManagerFactory(LocalContainerEntityManagerFactoryBean.java:390) ~[spring-orm-6.2.7.jar:6.2.7]
	at org.springframework.orm.jpa.AbstractEntityManagerFactoryBean.buildNativeEntityManagerFactory(AbstractEntityManagerFactoryBean.java:419) ~[spring-orm-6.2.7.jar:6.2.7]
	at org.springframework.orm.jpa.AbstractEntityManagerFactoryBean.afterPropertiesSet(AbstractEntityManagerFactoryBean.java:400) ~[spring-orm-6.2.7.jar:6.2.7]
	at org.springframework.orm.jpa.LocalContainerEntityManagerFactoryBean.afterPropertiesSet(LocalContainerEntityManagerFactoryBean.java:366) ~[spring-orm-6.2.7.jar:6.2.7]
	at org.springframework.beans.factory.support.AbstractAutowireCapableBeanFactory.invokeInitMethods(AbstractAutowireCapableBeanFactory.java:1873) ~[spring-beans-6.2.7.jar:6.2.7]
	at org.springframework.beans.factory.support.AbstractAutowireCapableBeanFactory.initializeBean(AbstractAutowireCapableBeanFactory.java:1822) ~[spring-beans-6.2.7.jar:6.2.7]
	... 104 common frames omitted
Caused by: java.lang.ClassNotFoundException: OrderItem
	at java.base/jdk.internal.loader.BuiltinClassLoader.loadClass(BuiltinClassLoader.java:641) ~[na:na]
	at java.base/jdk.internal.loader.ClassLoaders$AppClassLoader.loadClass(ClassLoaders.java:188) ~[na:na]
	at java.base/java.lang.ClassLoader.loadClass(ClassLoader.java:526) ~[na:na]
	at java.base/java.lang.Class.forName0(Native Method) ~[na:na]
	at java.base/java.lang.Class.forName(Class.java:534) ~[na:na]
	at java.base/java.lang.Class.forName(Class.java:513) ~[na:na]
	at org.springframework.boot.devtools.restart.classloader.RestartClassLoader.loadClass(RestartClassLoader.java:121) ~[spring-boot-devtools-3.5.0.jar:3.5.0]
	at java.base/java.lang.ClassLoader.loadClass(ClassLoader.java:526) ~[na:na]
	at java.base/java.lang.Class.forName0(Native Method) ~[na:na]
	at java.base/java.lang.Class.forName(Class.java:534) ~[na:na]
	at java.base/java.lang.Class.forName(Class.java:513) ~[na:na]
	at java.base/sun.reflect.generics.factory.CoreReflectionFactory.makeNamedType(CoreReflectionFactory.java:114) ~[na:na]
	... 133 common frames omitted
2026-07-19 22:31:45 INFO  com.parammart.ParamMartApplication - Starting ParamMartApplication using Java 21.0.8 with PID 15728 (C:\Users\HP\Music\PramMart\param-mart\target\classes started by HP in C:\Users\HP\Music\PramMart\param-mart)
2026-07-19 22:31:45 DEBUG com.parammart.ParamMartApplication - Running with Spring Boot v3.5.0, Spring v6.2.7
2026-07-19 22:31:45 INFO  com.parammart.ParamMartApplication - No active profile set, falling back to 1 default profile: "default"
2026-07-19 22:31:45 INFO  o.s.d.r.c.RepositoryConfigurationDelegate - Bootstrapping Spring Data JPA repositories in DEFAULT mode.
2026-07-19 22:31:45 INFO  o.s.d.r.c.RepositoryConfigurationDelegate - Finished Spring Data repository scanning in 18 ms. Found 7 JPA repository interfaces.
2026-07-19 22:31:45 INFO  o.s.b.w.e.tomcat.TomcatWebServer - Tomcat initialized with port 8080 (http)
2026-07-19 22:31:45 INFO  o.a.catalina.core.StandardService - Starting service [Tomcat]
2026-07-19 22:31:45 INFO  o.a.catalina.core.StandardEngine - Starting Servlet engine: [Apache Tomcat/10.1.41]
2026-07-19 22:31:45 INFO  o.a.c.c.C.[Tomcat-5].[localhost].[/] - Initializing Spring embedded WebApplicationContext
2026-07-19 22:31:45 INFO  o.s.b.w.s.c.ServletWebServerApplicationContext - Root WebApplicationContext: initialization completed in 344 ms
2026-07-19 22:31:45 INFO  o.h.jpa.internal.util.LogHelper - HHH000204: Processing PersistenceUnitInfo [name: default]
2026-07-19 22:31:45 INFO  o.h.c.i.RegionFactoryInitiator - HHH000026: Second-level cache disabled
2026-07-19 22:31:45 INFO  o.s.o.j.p.SpringPersistenceUnitInfo - No LoadTimeWeaver setup: ignoring JPA class transformer
2026-07-19 22:31:45 INFO  com.zaxxer.hikari.HikariDataSource - HikariPool-26 - Starting...
2026-07-19 22:31:45 INFO  com.zaxxer.hikari.pool.HikariPool - HikariPool-26 - Added connection com.mysql.cj.jdbc.ConnectionImpl@1f5ef3b1
2026-07-19 22:31:45 INFO  com.zaxxer.hikari.HikariDataSource - HikariPool-26 - Start completed.
2026-07-19 22:31:45 INFO  o.hibernate.orm.connections.pooling - HHH10001005: Database info:
	Database JDBC URL [Connecting through datasource 'HikariDataSource (HikariPool-26)']
	Database driver: undefined/unknown
	Database version: 8.0.46
	Autocommit mode: undefined/unknown
	Isolation level: undefined/unknown
	Minimum pool size: undefined/unknown
	Maximum pool size: undefined/unknown
2026-07-19 22:31:45 INFO  o.h.e.t.j.p.i.JtaPlatformInitiator - HHH000489: No JTA platform available (set 'hibernate.transaction.jta.platform' to enable JTA platform integration)
2026-07-19 22:31:45 DEBUG org.hibernate.SQL - 
    create table order_items (
        id bigint not null auto_increment,
        price decimal(38,2),
        quantity integer,
        total_price decimal(38,2),
        order_id bigint,
        product_id bigint,
        primary key (id)
    ) engine=InnoDB
2026-07-19 22:31:45 DEBUG org.hibernate.SQL - 
    create table orders (
        id bigint not null auto_increment,
        ordered_at datetime(6),
        status enum ('CANCELLED','CONFIRMED','DELIVERED','PENDING','PROCESSING','SHIPPED'),
        total_amount decimal(38,2),
        total_items integer,
        user_id bigint,
        primary key (id)
    ) engine=InnoDB
2026-07-19 22:31:45 DEBUG org.hibernate.SQL - 
    alter table order_items 
       add constraint FKbioxgbv59vetrxe0ejfubep1w 
       foreign key (order_id) 
       references orders (id)
2026-07-19 22:31:46 DEBUG org.hibernate.SQL - 
    alter table order_items 
       add constraint FKocimc7dtr037rh4ls4l95nlfi 
       foreign key (product_id) 
       references products (id)
2026-07-19 22:31:46 DEBUG org.hibernate.SQL - 
    alter table orders 
       add constraint FK32ql8ubntj5uh44ph9659tiih 
       foreign key (user_id) 
       references users (id)
2026-07-19 22:31:46 INFO  o.s.o.j.LocalContainerEntityManagerFactoryBean - Initialized JPA EntityManagerFactory for persistence unit 'default'
2026-07-19 22:31:46 DEBUG c.p.security.JwtAuthenticationFilter - Filter 'jwtAuthenticationFilter' configured for use
2026-07-19 22:31:46 INFO  o.s.s.c.a.a.c.InitializeAuthenticationProviderBeanManagerConfigurer$InitializeAuthenticationProviderManagerConfigurer - Global AuthenticationManager configured with AuthenticationProvider bean with name authenticationProvider
2026-07-19 22:31:46 WARN  o.s.s.c.a.a.c.InitializeUserDetailsBeanManagerConfigurer$InitializeUserDetailsManagerConfigurer - Global AuthenticationManager configured with an AuthenticationProvider bean. UserDetailsService beans will not be used by Spring Security for automatically configuring username/password login. Consider removing the AuthenticationProvider bean. Alternatively, consider using the UserDetailsService in a manually instantiated DaoAuthenticationProvider. If the current configuration is intentional, to turn off this warning, increase the logging level of 'org.springframework.security.config.annotation.authentication.configuration.InitializeUserDetailsBeanManagerConfigurer' to ERROR
2026-07-19 22:31:47 INFO  o.s.b.a.e.web.EndpointLinksResolver - Exposing 3 endpoints beneath base path '/actuator'
2026-07-19 22:31:48 INFO  o.s.b.d.a.OptionalLiveReloadServer - LiveReload server is running on port 35729
2026-07-19 22:31:48 INFO  o.s.b.w.e.tomcat.TomcatWebServer - Tomcat started on port 8080 (http) with context path '/'
2026-07-19 22:31:48 INFO  com.parammart.ParamMartApplication - Started ParamMartApplication in 3.16 seconds (process running for 5344.257)
2026-07-19 22:31:48 INFO  o.s.b.d.a.ConditionEvaluationDeltaLoggingListener - Condition evaluation unchanged
2026-07-19 22:32:06 INFO  o.s.b.d.a.LocalDevToolsAutoConfiguration$RestartingClassPathChangeChangedEventListener - Restarting due to 1 class path change (1 addition, 0 deletions, 0 modifications)
2026-07-19 22:32:06 INFO  o.s.b.w.e.tomcat.GracefulShutdown - Commencing graceful shutdown. Waiting for active requests to complete
2026-07-19 22:32:06 INFO  o.s.b.w.e.tomcat.GracefulShutdown - Graceful shutdown complete
2026-07-19 22:32:06 INFO  o.s.o.j.LocalContainerEntityManagerFactoryBean - Closing JPA EntityManagerFactory for persistence unit 'default'
2026-07-19 22:32:06 INFO  com.zaxxer.hikari.HikariDataSource - HikariPool-26 - Shutdown initiated...
2026-07-19 22:32:06 INFO  com.zaxxer.hikari.HikariDataSource - HikariPool-26 - Shutdown completed.
2026-07-19 22:32:06 INFO  com.parammart.ParamMartApplication - Starting ParamMartApplication using Java 21.0.8 with PID 15728 (C:\Users\HP\Music\PramMart\param-mart\target\classes started by HP in C:\Users\HP\Music\PramMart\param-mart)
2026-07-19 22:32:06 DEBUG com.parammart.ParamMartApplication - Running with Spring Boot v3.5.0, Spring v6.2.7
2026-07-19 22:32:06 INFO  com.parammart.ParamMartApplication - No active profile set, falling back to 1 default profile: "default"
2026-07-19 22:32:06 INFO  o.s.d.r.c.RepositoryConfigurationDelegate - Bootstrapping Spring Data JPA repositories in DEFAULT mode.
2026-07-19 22:32:06 INFO  o.s.d.r.c.RepositoryConfigurationDelegate - Finished Spring Data repository scanning in 23 ms. Found 7 JPA repository interfaces.
2026-07-19 22:32:06 INFO  o.s.b.w.e.tomcat.TomcatWebServer - Tomcat initialized with port 8080 (http)
2026-07-19 22:32:06 INFO  o.a.catalina.core.StandardService - Starting service [Tomcat]
2026-07-19 22:32:06 INFO  o.a.catalina.core.StandardEngine - Starting Servlet engine: [Apache Tomcat/10.1.41]
2026-07-19 22:32:07 INFO  o.a.c.c.C.[Tomcat-5].[localhost].[/] - Initializing Spring embedded WebApplicationContext
2026-07-19 22:32:07 INFO  o.s.b.w.s.c.ServletWebServerApplicationContext - Root WebApplicationContext: initialization completed in 700 ms
2026-07-19 22:32:07 INFO  o.h.jpa.internal.util.LogHelper - HHH000204: Processing PersistenceUnitInfo [name: default]
2026-07-19 22:32:07 INFO  o.h.c.i.RegionFactoryInitiator - HHH000026: Second-level cache disabled
2026-07-19 22:32:07 INFO  o.s.o.j.p.SpringPersistenceUnitInfo - No LoadTimeWeaver setup: ignoring JPA class transformer
2026-07-19 22:32:07 INFO  com.zaxxer.hikari.HikariDataSource - HikariPool-27 - Starting...
2026-07-19 22:32:07 INFO  com.zaxxer.hikari.pool.HikariPool - HikariPool-27 - Added connection com.mysql.cj.jdbc.ConnectionImpl@6bd1519d
2026-07-19 22:32:07 INFO  com.zaxxer.hikari.HikariDataSource - HikariPool-27 - Start completed.
2026-07-19 22:32:07 INFO  o.hibernate.orm.connections.pooling - HHH10001005: Database info:
	Database JDBC URL [Connecting through datasource 'HikariDataSource (HikariPool-27)']
	Database driver: undefined/unknown
	Database version: 8.0.46
	Autocommit mode: undefined/unknown
	Isolation level: undefined/unknown
	Minimum pool size: undefined/unknown
	Maximum pool size: undefined/unknown
2026-07-19 22:32:07 INFO  o.h.e.t.j.p.i.JtaPlatformInitiator - HHH000489: No JTA platform available (set 'hibernate.transaction.jta.platform' to enable JTA platform integration)
2026-07-19 22:32:07 INFO  o.s.o.j.LocalContainerEntityManagerFactoryBean - Initialized JPA EntityManagerFactory for persistence unit 'default'
2026-07-19 22:32:07 DEBUG c.p.security.JwtAuthenticationFilter - Filter 'jwtAuthenticationFilter' configured for use
2026-07-19 22:32:07 INFO  o.s.s.c.a.a.c.InitializeAuthenticationProviderBeanManagerConfigurer$InitializeAuthenticationProviderManagerConfigurer - Global AuthenticationManager configured with AuthenticationProvider bean with name authenticationProvider
2026-07-19 22:32:07 WARN  o.s.s.c.a.a.c.InitializeUserDetailsBeanManagerConfigurer$InitializeUserDetailsManagerConfigurer - Global AuthenticationManager configured with an AuthenticationProvider bean. UserDetailsService beans will not be used by Spring Security for automatically configuring username/password login. Consider removing the AuthenticationProvider bean. Alternatively, consider using the UserDetailsService in a manually instantiated DaoAuthenticationProvider. If the current configuration is intentional, to turn off this warning, increase the logging level of 'org.springframework.security.config.annotation.authentication.configuration.InitializeUserDetailsBeanManagerConfigurer' to ERROR
2026-07-19 22:32:07 INFO  o.s.b.a.e.web.EndpointLinksResolver - Exposing 3 endpoints beneath base path '/actuator'
2026-07-19 22:32:08 INFO  o.s.b.d.a.OptionalLiveReloadServer - LiveReload server is running on port 35729
2026-07-19 22:32:08 INFO  o.s.b.w.e.tomcat.TomcatWebServer - Tomcat started on port 8080 (http) with context path '/'
2026-07-19 22:32:08 INFO  com.parammart.ParamMartApplication - Started ParamMartApplication in 1.784 seconds (process running for 5364.066)
2026-07-19 22:32:08 INFO  o.s.b.d.a.ConditionEvaluationDeltaLoggingListener - Condition evaluation unchanged
2026-07-19 22:32:13 INFO  o.s.b.d.a.LocalDevToolsAutoConfiguration$RestartingClassPathChangeChangedEventListener - Restarting due to 5 class path changes (1 addition, 1 deletion, 3 modifications)
2026-07-19 22:32:13 INFO  o.s.b.w.e.tomcat.GracefulShutdown - Commencing graceful shutdown. Waiting for active requests to complete
2026-07-19 22:32:13 INFO  o.s.b.w.e.tomcat.GracefulShutdown - Graceful shutdown complete
2026-07-19 22:32:13 INFO  o.s.o.j.LocalContainerEntityManagerFactoryBean - Closing JPA EntityManagerFactory for persistence unit 'default'
2026-07-19 22:32:13 INFO  com.zaxxer.hikari.HikariDataSource - HikariPool-27 - Shutdown initiated...
2026-07-19 22:32:13 INFO  com.zaxxer.hikari.HikariDataSource - HikariPool-27 - Shutdown completed.
2026-07-19 22:32:13 INFO  com.parammart.ParamMartApplication - Starting ParamMartApplication using Java 21.0.8 with PID 15728 (C:\Users\HP\Music\PramMart\param-mart\target\classes started by HP in C:\Users\HP\Music\PramMart\param-mart)
2026-07-19 22:32:13 DEBUG com.parammart.ParamMartApplication - Running with Spring Boot v3.5.0, Spring v6.2.7
2026-07-19 22:32:13 INFO  com.parammart.ParamMartApplication - No active profile set, falling back to 1 default profile: "default"
2026-07-19 22:32:13 INFO  o.s.d.r.c.RepositoryConfigurationDelegate - Bootstrapping Spring Data JPA repositories in DEFAULT mode.
2026-07-19 22:32:13 INFO  o.s.d.r.c.RepositoryConfigurationDelegate - Finished Spring Data repository scanning in 18 ms. Found 7 JPA repository interfaces.
2026-07-19 22:32:14 INFO  o.s.b.w.e.tomcat.TomcatWebServer - Tomcat initialized with port 8080 (http)
2026-07-19 22:32:14 INFO  o.a.catalina.core.StandardService - Starting service [Tomcat]
2026-07-19 22:32:14 INFO  o.a.catalina.core.StandardEngine - Starting Servlet engine: [Apache Tomcat/10.1.41]
2026-07-19 22:32:14 INFO  o.a.c.c.C.[Tomcat-5].[localhost].[/] - Initializing Spring embedded WebApplicationContext
2026-07-19 22:32:14 INFO  o.s.b.w.s.c.ServletWebServerApplicationContext - Root WebApplicationContext: initialization completed in 363 ms
2026-07-19 22:32:14 INFO  o.h.jpa.internal.util.LogHelper - HHH000204: Processing PersistenceUnitInfo [name: default]
2026-07-19 22:32:14 INFO  o.h.c.i.RegionFactoryInitiator - HHH000026: Second-level cache disabled
2026-07-19 22:32:14 INFO  o.s.o.j.p.SpringPersistenceUnitInfo - No LoadTimeWeaver setup: ignoring JPA class transformer
2026-07-19 22:32:14 INFO  com.zaxxer.hikari.HikariDataSource - HikariPool-28 - Starting...
2026-07-19 22:32:14 INFO  com.zaxxer.hikari.pool.HikariPool - HikariPool-28 - Added connection com.mysql.cj.jdbc.ConnectionImpl@1bfb7844
2026-07-19 22:32:14 INFO  com.zaxxer.hikari.HikariDataSource - HikariPool-28 - Start completed.
2026-07-19 22:32:14 INFO  o.hibernate.orm.connections.pooling - HHH10001005: Database info:
	Database JDBC URL [Connecting through datasource 'HikariDataSource (HikariPool-28)']
	Database driver: undefined/unknown
	Database version: 8.0.46
	Autocommit mode: undefined/unknown
	Isolation level: undefined/unknown
	Minimum pool size: undefined/unknown
	Maximum pool size: undefined/unknown
2026-07-19 22:32:14 INFO  o.h.e.t.j.p.i.JtaPlatformInitiator - HHH000489: No JTA platform available (set 'hibernate.transaction.jta.platform' to enable JTA platform integration)
2026-07-19 22:32:14 INFO  o.s.o.j.LocalContainerEntityManagerFactoryBean - Initialized JPA EntityManagerFactory for persistence unit 'default'
2026-07-19 22:32:14 DEBUG c.p.security.JwtAuthenticationFilter - Filter 'jwtAuthenticationFilter' configured for use
2026-07-19 22:32:14 INFO  o.s.s.c.a.a.c.InitializeAuthenticationProviderBeanManagerConfigurer$InitializeAuthenticationProviderManagerConfigurer - Global AuthenticationManager configured with AuthenticationProvider bean with name authenticationProvider
2026-07-19 22:32:14 WARN  o.s.s.c.a.a.c.InitializeUserDetailsBeanManagerConfigurer$InitializeUserDetailsManagerConfigurer - Global AuthenticationManager configured with an AuthenticationProvider bean. UserDetailsService beans will not be used by Spring Security for automatically configuring username/password login. Consider removing the AuthenticationProvider bean. Alternatively, consider using the UserDetailsService in a manually instantiated DaoAuthenticationProvider. If the current configuration is intentional, to turn off this warning, increase the logging level of 'org.springframework.security.config.annotation.authentication.configuration.InitializeUserDetailsBeanManagerConfigurer' to ERROR
2026-07-19 22:32:14 INFO  o.s.b.a.e.web.EndpointLinksResolver - Exposing 3 endpoints beneath base path '/actuator'
2026-07-19 22:32:14 INFO  o.s.b.d.a.OptionalLiveReloadServer - LiveReload server is running on port 35729
2026-07-19 22:32:14 INFO  o.s.b.w.e.tomcat.TomcatWebServer - Tomcat started on port 8080 (http) with context path '/'
2026-07-19 22:32:14 INFO  com.parammart.ParamMartApplication - Started ParamMartApplication in 1.31 seconds (process running for 5370.968)
2026-07-19 22:32:14 INFO  o.s.b.d.a.ConditionEvaluationDeltaLoggingListener - Condition evaluation unchanged
2026-07-19 22:32:31 INFO  o.s.b.d.a.LocalDevToolsAutoConfiguration$RestartingClassPathChangeChangedEventListener - Restarting due to 1 class path change (1 addition, 0 deletions, 0 modifications)
2026-07-19 22:32:31 INFO  o.s.b.w.e.tomcat.GracefulShutdown - Commencing graceful shutdown. Waiting for active requests to complete
2026-07-19 22:32:31 INFO  o.s.b.w.e.tomcat.GracefulShutdown - Graceful shutdown complete
2026-07-19 22:32:31 INFO  o.s.o.j.LocalContainerEntityManagerFactoryBean - Closing JPA EntityManagerFactory for persistence unit 'default'
2026-07-19 22:32:31 INFO  com.zaxxer.hikari.HikariDataSource - HikariPool-28 - Shutdown initiated...
2026-07-19 22:32:31 INFO  com.zaxxer.hikari.HikariDataSource - HikariPool-28 - Shutdown completed.
2026-07-19 22:32:32 INFO  com.parammart.ParamMartApplication - Starting ParamMartApplication using Java 21.0.8 with PID 15728 (C:\Users\HP\Music\PramMart\param-mart\target\classes started by HP in C:\Users\HP\Music\PramMart\param-mart)
2026-07-19 22:32:32 DEBUG com.parammart.ParamMartApplication - Running with Spring Boot v3.5.0, Spring v6.2.7
2026-07-19 22:32:32 INFO  com.parammart.ParamMartApplication - No active profile set, falling back to 1 default profile: "default"
2026-07-19 22:32:32 INFO  o.s.d.r.c.RepositoryConfigurationDelegate - Bootstrapping Spring Data JPA repositories in DEFAULT mode.
2026-07-19 22:32:32 INFO  o.s.d.r.c.RepositoryConfigurationDelegate - Finished Spring Data repository scanning in 20 ms. Found 7 JPA repository interfaces.
2026-07-19 22:32:32 INFO  o.s.b.w.e.tomcat.TomcatWebServer - Tomcat initialized with port 8080 (http)
2026-07-19 22:32:32 INFO  o.a.catalina.core.StandardService - Starting service [Tomcat]
2026-07-19 22:32:32 INFO  o.a.catalina.core.StandardEngine - Starting Servlet engine: [Apache Tomcat/10.1.41]
2026-07-19 22:32:32 INFO  o.a.c.c.C.[Tomcat-5].[localhost].[/] - Initializing Spring embedded WebApplicationContext
2026-07-19 22:32:32 INFO  o.s.b.w.s.c.ServletWebServerApplicationContext - Root WebApplicationContext: initialization completed in 499 ms
2026-07-19 22:32:32 INFO  o.h.jpa.internal.util.LogHelper - HHH000204: Processing PersistenceUnitInfo [name: default]
2026-07-19 22:32:32 INFO  o.h.c.i.RegionFactoryInitiator - HHH000026: Second-level cache disabled
2026-07-19 22:32:32 INFO  o.s.o.j.p.SpringPersistenceUnitInfo - No LoadTimeWeaver setup: ignoring JPA class transformer
2026-07-19 22:32:32 INFO  com.zaxxer.hikari.HikariDataSource - HikariPool-29 - Starting...
2026-07-19 22:32:32 INFO  com.zaxxer.hikari.pool.HikariPool - HikariPool-29 - Added connection com.mysql.cj.jdbc.ConnectionImpl@4b301e6a
2026-07-19 22:32:32 INFO  com.zaxxer.hikari.HikariDataSource - HikariPool-29 - Start completed.
2026-07-19 22:32:32 INFO  o.hibernate.orm.connections.pooling - HHH10001005: Database info:
	Database JDBC URL [Connecting through datasource 'HikariDataSource (HikariPool-29)']
	Database driver: undefined/unknown
	Database version: 8.0.46
	Autocommit mode: undefined/unknown
	Isolation level: undefined/unknown
	Minimum pool size: undefined/unknown
	Maximum pool size: undefined/unknown
2026-07-19 22:32:32 INFO  o.h.e.t.j.p.i.JtaPlatformInitiator - HHH000489: No JTA platform available (set 'hibernate.transaction.jta.platform' to enable JTA platform integration)
2026-07-19 22:32:32 INFO  o.s.o.j.LocalContainerEntityManagerFactoryBean - Initialized JPA EntityManagerFactory for persistence unit 'default'
2026-07-19 22:32:32 DEBUG c.p.security.JwtAuthenticationFilter - Filter 'jwtAuthenticationFilter' configured for use
2026-07-19 22:32:32 INFO  o.s.s.c.a.a.c.InitializeAuthenticationProviderBeanManagerConfigurer$InitializeAuthenticationProviderManagerConfigurer - Global AuthenticationManager configured with AuthenticationProvider bean with name authenticationProvider
2026-07-19 22:32:32 WARN  o.s.s.c.a.a.c.InitializeUserDetailsBeanManagerConfigurer$InitializeUserDetailsManagerConfigurer - Global AuthenticationManager configured with an AuthenticationProvider bean. UserDetailsService beans will not be used by Spring Security for automatically configuring username/password login. Consider removing the AuthenticationProvider bean. Alternatively, consider using the UserDetailsService in a manually instantiated DaoAuthenticationProvider. If the current configuration is intentional, to turn off this warning, increase the logging level of 'org.springframework.security.config.annotation.authentication.configuration.InitializeUserDetailsBeanManagerConfigurer' to ERROR
2026-07-19 22:32:33 INFO  o.s.b.a.e.web.EndpointLinksResolver - Exposing 3 endpoints beneath base path '/actuator'
2026-07-19 22:32:33 INFO  o.s.b.d.a.OptionalLiveReloadServer - LiveReload server is running on port 35729
2026-07-19 22:32:33 INFO  o.s.b.w.e.tomcat.TomcatWebServer - Tomcat started on port 8080 (http) with context path '/'
2026-07-19 22:32:33 INFO  com.parammart.ParamMartApplication - Started ParamMartApplication in 1.323 seconds (process running for 5389.381)
2026-07-19 22:32:33 INFO  o.s.b.d.a.ConditionEvaluationDeltaLoggingListener - Condition evaluation unchanged
2026-07-19 22:32:37 INFO  o.s.b.d.a.LocalDevToolsAutoConfiguration$RestartingClassPathChangeChangedEventListener - Restarting due to 5 class path changes (1 addition, 1 deletion, 3 modifications)
2026-07-19 22:32:37 INFO  o.s.b.w.e.tomcat.GracefulShutdown - Commencing graceful shutdown. Waiting for active requests to complete
2026-07-19 22:32:38 INFO  o.s.b.w.e.tomcat.GracefulShutdown - Graceful shutdown complete
2026-07-19 22:32:38 INFO  o.s.o.j.LocalContainerEntityManagerFactoryBean - Closing JPA EntityManagerFactory for persistence unit 'default'
2026-07-19 22:32:38 INFO  com.zaxxer.hikari.HikariDataSource - HikariPool-29 - Shutdown initiated...
2026-07-19 22:32:38 INFO  com.zaxxer.hikari.HikariDataSource - HikariPool-29 - Shutdown completed.
2026-07-19 22:32:38 INFO  com.parammart.ParamMartApplication - Starting ParamMartApplication using Java 21.0.8 with PID 15728 (C:\Users\HP\Music\PramMart\param-mart\target\classes started by HP in C:\Users\HP\Music\PramMart\param-mart)
2026-07-19 22:32:38 DEBUG com.parammart.ParamMartApplication - Running with Spring Boot v3.5.0, Spring v6.2.7
2026-07-19 22:32:38 INFO  com.parammart.ParamMartApplication - No active profile set, falling back to 1 default profile: "default"
2026-07-19 22:32:38 INFO  o.s.d.r.c.RepositoryConfigurationDelegate - Bootstrapping Spring Data JPA repositories in DEFAULT mode.
2026-07-19 22:32:38 INFO  o.s.d.r.c.RepositoryConfigurationDelegate - Finished Spring Data repository scanning in 52 ms. Found 8 JPA repository interfaces.
2026-07-19 22:32:39 INFO  o.s.b.w.e.tomcat.TomcatWebServer - Tomcat initialized with port 8080 (http)
2026-07-19 22:32:39 INFO  o.a.catalina.core.StandardService - Starting service [Tomcat]
2026-07-19 22:32:39 INFO  o.a.catalina.core.StandardEngine - Starting Servlet engine: [Apache Tomcat/10.1.41]
2026-07-19 22:32:39 INFO  o.a.c.c.C.[Tomcat-5].[localhost].[/] - Initializing Spring embedded WebApplicationContext
2026-07-19 22:32:39 INFO  o.s.b.w.s.c.ServletWebServerApplicationContext - Root WebApplicationContext: initialization completed in 1188 ms
2026-07-19 22:32:39 INFO  o.h.jpa.internal.util.LogHelper - HHH000204: Processing PersistenceUnitInfo [name: default]
2026-07-19 22:32:39 INFO  o.h.c.i.RegionFactoryInitiator - HHH000026: Second-level cache disabled
2026-07-19 22:32:39 INFO  o.s.o.j.p.SpringPersistenceUnitInfo - No LoadTimeWeaver setup: ignoring JPA class transformer
2026-07-19 22:32:39 INFO  com.zaxxer.hikari.HikariDataSource - HikariPool-30 - Starting...
2026-07-19 22:32:39 INFO  com.zaxxer.hikari.pool.HikariPool - HikariPool-30 - Added connection com.mysql.cj.jdbc.ConnectionImpl@38e2ccb9
2026-07-19 22:32:39 INFO  com.zaxxer.hikari.HikariDataSource - HikariPool-30 - Start completed.
2026-07-19 22:32:39 INFO  o.hibernate.orm.connections.pooling - HHH10001005: Database info:
	Database JDBC URL [Connecting through datasource 'HikariDataSource (HikariPool-30)']
	Database driver: undefined/unknown
	Database version: 8.0.46
	Autocommit mode: undefined/unknown
	Isolation level: undefined/unknown
	Minimum pool size: undefined/unknown
	Maximum pool size: undefined/unknown
2026-07-19 22:32:39 INFO  o.h.e.t.j.p.i.JtaPlatformInitiator - HHH000489: No JTA platform available (set 'hibernate.transaction.jta.platform' to enable JTA platform integration)
2026-07-19 22:32:39 INFO  o.s.o.j.LocalContainerEntityManagerFactoryBean - Initialized JPA EntityManagerFactory for persistence unit 'default'
2026-07-19 22:32:39 DEBUG c.p.security.JwtAuthenticationFilter - Filter 'jwtAuthenticationFilter' configured for use
2026-07-19 22:32:39 INFO  o.s.s.c.a.a.c.InitializeAuthenticationProviderBeanManagerConfigurer$InitializeAuthenticationProviderManagerConfigurer - Global AuthenticationManager configured with AuthenticationProvider bean with name authenticationProvider
2026-07-19 22:32:39 WARN  o.s.s.c.a.a.c.InitializeUserDetailsBeanManagerConfigurer$InitializeUserDetailsManagerConfigurer - Global AuthenticationManager configured with an AuthenticationProvider bean. UserDetailsService beans will not be used by Spring Security for automatically configuring username/password login. Consider removing the AuthenticationProvider bean. Alternatively, consider using the UserDetailsService in a manually instantiated DaoAuthenticationProvider. If the current configuration is intentional, to turn off this warning, increase the logging level of 'org.springframework.security.config.annotation.authentication.configuration.InitializeUserDetailsBeanManagerConfigurer' to ERROR
2026-07-19 22:32:40 INFO  o.s.b.a.e.web.EndpointLinksResolver - Exposing 3 endpoints beneath base path '/actuator'
2026-07-19 22:32:41 INFO  o.s.b.d.a.OptionalLiveReloadServer - LiveReload server is running on port 35729
2026-07-19 22:32:41 INFO  o.s.b.w.e.tomcat.TomcatWebServer - Tomcat started on port 8080 (http) with context path '/'
2026-07-19 22:32:41 INFO  com.parammart.ParamMartApplication - Started ParamMartApplication in 2.943 seconds (process running for 5397.104)
2026-07-19 22:32:41 INFO  o.s.b.d.a.ConditionEvaluationDeltaLoggingListener - Condition evaluation unchanged
2026-07-19 22:32:51 INFO  o.s.b.d.a.LocalDevToolsAutoConfiguration$RestartingClassPathChangeChangedEventListener - Restarting due to 1 class path change (1 addition, 0 deletions, 0 modifications)
2026-07-19 22:32:51 INFO  o.s.b.w.e.tomcat.GracefulShutdown - Commencing graceful shutdown. Waiting for active requests to complete
2026-07-19 22:32:51 INFO  o.s.b.w.e.tomcat.GracefulShutdown - Graceful shutdown complete
2026-07-19 22:32:51 INFO  o.s.o.j.LocalContainerEntityManagerFactoryBean - Closing JPA EntityManagerFactory for persistence unit 'default'
2026-07-19 22:32:51 INFO  com.zaxxer.hikari.HikariDataSource - HikariPool-30 - Shutdown initiated...
2026-07-19 22:32:51 INFO  com.zaxxer.hikari.HikariDataSource - HikariPool-30 - Shutdown completed.
2026-07-19 22:32:51 INFO  com.parammart.ParamMartApplication - Starting ParamMartApplication using Java 21.0.8 with PID 15728 (C:\Users\HP\Music\PramMart\param-mart\target\classes started by HP in C:\Users\HP\Music\PramMart\param-mart)
2026-07-19 22:32:51 DEBUG com.parammart.ParamMartApplication - Running with Spring Boot v3.5.0, Spring v6.2.7
2026-07-19 22:32:51 INFO  com.parammart.ParamMartApplication - No active profile set, falling back to 1 default profile: "default"
2026-07-19 22:32:52 INFO  o.s.d.r.c.RepositoryConfigurationDelegate - Bootstrapping Spring Data JPA repositories in DEFAULT mode.
2026-07-19 22:32:52 INFO  o.s.d.r.c.RepositoryConfigurationDelegate - Finished Spring Data repository scanning in 24 ms. Found 8 JPA repository interfaces.
2026-07-19 22:32:52 INFO  o.s.b.w.e.tomcat.TomcatWebServer - Tomcat initialized with port 8080 (http)
2026-07-19 22:32:52 INFO  o.a.catalina.core.StandardService - Starting service [Tomcat]
2026-07-19 22:32:52 INFO  o.a.catalina.core.StandardEngine - Starting Servlet engine: [Apache Tomcat/10.1.41]
2026-07-19 22:32:52 INFO  o.a.c.c.C.[Tomcat-5].[localhost].[/] - Initializing Spring embedded WebApplicationContext
2026-07-19 22:32:52 INFO  o.s.b.w.s.c.ServletWebServerApplicationContext - Root WebApplicationContext: initialization completed in 400 ms
2026-07-19 22:32:52 INFO  o.h.jpa.internal.util.LogHelper - HHH000204: Processing PersistenceUnitInfo [name: default]
2026-07-19 22:32:52 INFO  o.h.c.i.RegionFactoryInitiator - HHH000026: Second-level cache disabled
2026-07-19 22:32:52 INFO  o.s.o.j.p.SpringPersistenceUnitInfo - No LoadTimeWeaver setup: ignoring JPA class transformer
2026-07-19 22:32:52 INFO  com.zaxxer.hikari.HikariDataSource - HikariPool-31 - Starting...
2026-07-19 22:32:52 INFO  com.zaxxer.hikari.pool.HikariPool - HikariPool-31 - Added connection com.mysql.cj.jdbc.ConnectionImpl@766f2a22
2026-07-19 22:32:52 INFO  com.zaxxer.hikari.HikariDataSource - HikariPool-31 - Start completed.
2026-07-19 22:32:52 INFO  o.hibernate.orm.connections.pooling - HHH10001005: Database info:
	Database JDBC URL [Connecting through datasource 'HikariDataSource (HikariPool-31)']
	Database driver: undefined/unknown
	Database version: 8.0.46
	Autocommit mode: undefined/unknown
	Isolation level: undefined/unknown
	Minimum pool size: undefined/unknown
	Maximum pool size: undefined/unknown
2026-07-19 22:32:52 INFO  o.h.e.t.j.p.i.JtaPlatformInitiator - HHH000489: No JTA platform available (set 'hibernate.transaction.jta.platform' to enable JTA platform integration)
2026-07-19 22:32:52 INFO  o.s.o.j.LocalContainerEntityManagerFactoryBean - Initialized JPA EntityManagerFactory for persistence unit 'default'
2026-07-19 22:32:52 DEBUG c.p.security.JwtAuthenticationFilter - Filter 'jwtAuthenticationFilter' configured for use
2026-07-19 22:32:52 INFO  o.s.s.c.a.a.c.InitializeAuthenticationProviderBeanManagerConfigurer$InitializeAuthenticationProviderManagerConfigurer - Global AuthenticationManager configured with AuthenticationProvider bean with name authenticationProvider
2026-07-19 22:32:52 WARN  o.s.s.c.a.a.c.InitializeUserDetailsBeanManagerConfigurer$InitializeUserDetailsManagerConfigurer - Global AuthenticationManager configured with an AuthenticationProvider bean. UserDetailsService beans will not be used by Spring Security for automatically configuring username/password login. Consider removing the AuthenticationProvider bean. Alternatively, consider using the UserDetailsService in a manually instantiated DaoAuthenticationProvider. If the current configuration is intentional, to turn off this warning, increase the logging level of 'org.springframework.security.config.annotation.authentication.configuration.InitializeUserDetailsBeanManagerConfigurer' to ERROR
2026-07-19 22:32:52 INFO  o.s.b.a.e.web.EndpointLinksResolver - Exposing 3 endpoints beneath base path '/actuator'
2026-07-19 22:32:53 INFO  o.s.b.d.a.OptionalLiveReloadServer - LiveReload server is running on port 35729
2026-07-19 22:32:53 INFO  o.s.b.w.e.tomcat.TomcatWebServer - Tomcat started on port 8080 (http) with context path '/'
2026-07-19 22:32:53 INFO  com.parammart.ParamMartApplication - Started ParamMartApplication in 1.302 seconds (process running for 5409.16)
2026-07-19 22:32:53 INFO  o.s.b.d.a.ConditionEvaluationDeltaLoggingListener - Condition evaluation unchanged
2026-07-19 22:32:57 INFO  o.s.b.d.a.LocalDevToolsAutoConfiguration$RestartingClassPathChangeChangedEventListener - Restarting due to 5 class path changes (1 addition, 1 deletion, 3 modifications)
2026-07-19 22:32:57 INFO  o.s.b.w.e.tomcat.GracefulShutdown - Commencing graceful shutdown. Waiting for active requests to complete
2026-07-19 22:32:57 INFO  o.s.b.w.e.tomcat.GracefulShutdown - Graceful shutdown complete
2026-07-19 22:32:57 INFO  o.s.o.j.LocalContainerEntityManagerFactoryBean - Closing JPA EntityManagerFactory for persistence unit 'default'
2026-07-19 22:32:57 INFO  com.zaxxer.hikari.HikariDataSource - HikariPool-31 - Shutdown initiated...
2026-07-19 22:32:57 INFO  com.zaxxer.hikari.HikariDataSource - HikariPool-31 - Shutdown completed.
2026-07-19 22:32:57 INFO  com.parammart.ParamMartApplication - Starting ParamMartApplication using Java 21.0.8 with PID 15728 (C:\Users\HP\Music\PramMart\param-mart\target\classes started by HP in C:\Users\HP\Music\PramMart\param-mart)
2026-07-19 22:32:57 DEBUG com.parammart.ParamMartApplication - Running with Spring Boot v3.5.0, Spring v6.2.7
2026-07-19 22:32:57 INFO  com.parammart.ParamMartApplication - No active profile set, falling back to 1 default profile: "default"
2026-07-19 22:32:58 INFO  o.s.d.r.c.RepositoryConfigurationDelegate - Bootstrapping Spring Data JPA repositories in DEFAULT mode.
2026-07-19 22:32:58 INFO  o.s.d.r.c.RepositoryConfigurationDelegate - Finished Spring Data repository scanning in 19 ms. Found 9 JPA repository interfaces.
2026-07-19 22:32:58 INFO  o.s.b.w.e.tomcat.TomcatWebServer - Tomcat initialized with port 8080 (http)
2026-07-19 22:32:58 INFO  o.a.catalina.core.StandardService - Starting service [Tomcat]
2026-07-19 22:32:58 INFO  o.a.catalina.core.StandardEngine - Starting Servlet engine: [Apache Tomcat/10.1.41]
2026-07-19 22:32:58 INFO  o.a.c.c.C.[Tomcat-5].[localhost].[/] - Initializing Spring embedded WebApplicationContext
2026-07-19 22:32:58 INFO  o.s.b.w.s.c.ServletWebServerApplicationContext - Root WebApplicationContext: initialization completed in 385 ms
2026-07-19 22:32:58 INFO  o.h.jpa.internal.util.LogHelper - HHH000204: Processing PersistenceUnitInfo [name: default]
2026-07-19 22:32:58 INFO  o.h.c.i.RegionFactoryInitiator - HHH000026: Second-level cache disabled
2026-07-19 22:32:58 INFO  o.s.o.j.p.SpringPersistenceUnitInfo - No LoadTimeWeaver setup: ignoring JPA class transformer
2026-07-19 22:32:58 INFO  com.zaxxer.hikari.HikariDataSource - HikariPool-32 - Starting...
2026-07-19 22:32:58 INFO  com.zaxxer.hikari.pool.HikariPool - HikariPool-32 - Added connection com.mysql.cj.jdbc.ConnectionImpl@2b54b035
2026-07-19 22:32:58 INFO  com.zaxxer.hikari.HikariDataSource - HikariPool-32 - Start completed.
2026-07-19 22:32:58 INFO  o.hibernate.orm.connections.pooling - HHH10001005: Database info:
	Database JDBC URL [Connecting through datasource 'HikariDataSource (HikariPool-32)']
	Database driver: undefined/unknown
	Database version: 8.0.46
	Autocommit mode: undefined/unknown
	Isolation level: undefined/unknown
	Minimum pool size: undefined/unknown
	Maximum pool size: undefined/unknown
2026-07-19 22:32:58 INFO  o.h.e.t.j.p.i.JtaPlatformInitiator - HHH000489: No JTA platform available (set 'hibernate.transaction.jta.platform' to enable JTA platform integration)
2026-07-19 22:32:58 INFO  o.s.o.j.LocalContainerEntityManagerFactoryBean - Initialized JPA EntityManagerFactory for persistence unit 'default'
2026-07-19 22:32:58 DEBUG c.p.security.JwtAuthenticationFilter - Filter 'jwtAuthenticationFilter' configured for use
2026-07-19 22:32:58 INFO  o.s.s.c.a.a.c.InitializeAuthenticationProviderBeanManagerConfigurer$InitializeAuthenticationProviderManagerConfigurer - Global AuthenticationManager configured with AuthenticationProvider bean with name authenticationProvider
2026-07-19 22:32:58 WARN  o.s.s.c.a.a.c.InitializeUserDetailsBeanManagerConfigurer$InitializeUserDetailsManagerConfigurer - Global AuthenticationManager configured with an AuthenticationProvider bean. UserDetailsService beans will not be used by Spring Security for automatically configuring username/password login. Consider removing the AuthenticationProvider bean. Alternatively, consider using the UserDetailsService in a manually instantiated DaoAuthenticationProvider. If the current configuration is intentional, to turn off this warning, increase the logging level of 'org.springframework.security.config.annotation.authentication.configuration.InitializeUserDetailsBeanManagerConfigurer' to ERROR
2026-07-19 22:32:58 INFO  o.s.b.a.e.web.EndpointLinksResolver - Exposing 3 endpoints beneath base path '/actuator'
2026-07-19 22:32:59 INFO  o.s.b.d.a.OptionalLiveReloadServer - LiveReload server is running on port 35729
2026-07-19 22:32:59 INFO  o.s.b.w.e.tomcat.TomcatWebServer - Tomcat started on port 8080 (http) with context path '/'
2026-07-19 22:32:59 INFO  com.parammart.ParamMartApplication - Started ParamMartApplication in 1.356 seconds (process running for 5415.124)
2026-07-19 22:32:59 INFO  o.s.b.d.a.ConditionEvaluationDeltaLoggingListener - Condition evaluation unchanged
2026-07-19 22:38:03 INFO  o.s.b.d.a.LocalDevToolsAutoConfiguration$RestartingClassPathChangeChangedEventListener - Restarting due to 1 class path change (1 addition, 0 deletions, 0 modifications)
2026-07-19 22:38:03 INFO  o.s.b.w.e.tomcat.GracefulShutdown - Commencing graceful shutdown. Waiting for active requests to complete
2026-07-19 22:38:03 INFO  o.s.b.w.e.tomcat.GracefulShutdown - Graceful shutdown complete
2026-07-19 22:38:03 INFO  o.s.o.j.LocalContainerEntityManagerFactoryBean - Closing JPA EntityManagerFactory for persistence unit 'default'
2026-07-19 22:38:03 INFO  com.zaxxer.hikari.HikariDataSource - HikariPool-32 - Shutdown initiated...
2026-07-19 22:38:03 INFO  com.zaxxer.hikari.HikariDataSource - HikariPool-32 - Shutdown completed.
2026-07-19 22:38:03 INFO  com.parammart.ParamMartApplication - Starting ParamMartApplication using Java 21.0.8 with PID 15728 (C:\Users\HP\Music\PramMart\param-mart\target\classes started by HP in C:\Users\HP\Music\PramMart\param-mart)
2026-07-19 22:38:03 DEBUG com.parammart.ParamMartApplication - Running with Spring Boot v3.5.0, Spring v6.2.7
2026-07-19 22:38:03 INFO  com.parammart.ParamMartApplication - No active profile set, falling back to 1 default profile: "default"
2026-07-19 22:38:03 INFO  o.s.d.r.c.RepositoryConfigurationDelegate - Bootstrapping Spring Data JPA repositories in DEFAULT mode.
2026-07-19 22:38:03 INFO  o.s.d.r.c.RepositoryConfigurationDelegate - Finished Spring Data repository scanning in 20 ms. Found 9 JPA repository interfaces.
2026-07-19 22:38:03 INFO  o.s.b.w.e.tomcat.TomcatWebServer - Tomcat initialized with port 8080 (http)
2026-07-19 22:38:03 INFO  o.a.catalina.core.StandardService - Starting service [Tomcat]
2026-07-19 22:38:03 INFO  o.a.catalina.core.StandardEngine - Starting Servlet engine: [Apache Tomcat/10.1.41]
2026-07-19 22:38:03 INFO  o.a.c.c.C.[Tomcat-5].[localhost].[/] - Initializing Spring embedded WebApplicationContext
2026-07-19 22:38:03 INFO  o.s.b.w.s.c.ServletWebServerApplicationContext - Root WebApplicationContext: initialization completed in 534 ms
2026-07-19 22:38:03 INFO  o.h.jpa.internal.util.LogHelper - HHH000204: Processing PersistenceUnitInfo [name: default]
2026-07-19 22:38:03 INFO  o.h.c.i.RegionFactoryInitiator - HHH000026: Second-level cache disabled
2026-07-19 22:38:03 INFO  o.s.o.j.p.SpringPersistenceUnitInfo - No LoadTimeWeaver setup: ignoring JPA class transformer
2026-07-19 22:38:03 INFO  com.zaxxer.hikari.HikariDataSource - HikariPool-33 - Starting...
2026-07-19 22:38:03 INFO  com.zaxxer.hikari.pool.HikariPool - HikariPool-33 - Added connection com.mysql.cj.jdbc.ConnectionImpl@14082839
2026-07-19 22:38:03 INFO  com.zaxxer.hikari.HikariDataSource - HikariPool-33 - Start completed.
2026-07-19 22:38:03 INFO  o.hibernate.orm.connections.pooling - HHH10001005: Database info:
	Database JDBC URL [Connecting through datasource 'HikariDataSource (HikariPool-33)']
	Database driver: undefined/unknown
	Database version: 8.0.46
	Autocommit mode: undefined/unknown
	Isolation level: undefined/unknown
	Minimum pool size: undefined/unknown
	Maximum pool size: undefined/unknown
2026-07-19 22:38:04 INFO  o.h.e.t.j.p.i.JtaPlatformInitiator - HHH000489: No JTA platform available (set 'hibernate.transaction.jta.platform' to enable JTA platform integration)
2026-07-19 22:38:04 INFO  o.s.o.j.LocalContainerEntityManagerFactoryBean - Initialized JPA EntityManagerFactory for persistence unit 'default'
2026-07-19 22:38:04 DEBUG c.p.security.JwtAuthenticationFilter - Filter 'jwtAuthenticationFilter' configured for use
2026-07-19 22:38:04 INFO  o.s.s.c.a.a.c.InitializeAuthenticationProviderBeanManagerConfigurer$InitializeAuthenticationProviderManagerConfigurer - Global AuthenticationManager configured with AuthenticationProvider bean with name authenticationProvider
2026-07-19 22:38:04 WARN  o.s.s.c.a.a.c.InitializeUserDetailsBeanManagerConfigurer$InitializeUserDetailsManagerConfigurer - Global AuthenticationManager configured with an AuthenticationProvider bean. UserDetailsService beans will not be used by Spring Security for automatically configuring username/password login. Consider removing the AuthenticationProvider bean. Alternatively, consider using the UserDetailsService in a manually instantiated DaoAuthenticationProvider. If the current configuration is intentional, to turn off this warning, increase the logging level of 'org.springframework.security.config.annotation.authentication.configuration.InitializeUserDetailsBeanManagerConfigurer' to ERROR
2026-07-19 22:38:04 INFO  o.s.b.a.e.web.EndpointLinksResolver - Exposing 3 endpoints beneath base path '/actuator'
2026-07-19 22:38:04 INFO  o.s.b.d.a.OptionalLiveReloadServer - LiveReload server is running on port 35729
2026-07-19 22:38:04 INFO  o.s.b.w.e.tomcat.TomcatWebServer - Tomcat started on port 8080 (http) with context path '/'
2026-07-19 22:38:04 INFO  com.parammart.ParamMartApplication - Started ParamMartApplication in 1.566 seconds (process running for 5720.9)
2026-07-19 22:38:04 INFO  o.s.b.d.a.ConditionEvaluationDeltaLoggingListener - Condition evaluation unchanged
2026-07-19 22:38:16 INFO  o.s.b.d.a.LocalDevToolsAutoConfiguration$RestartingClassPathChangeChangedEventListener - Restarting due to 5 class path changes (1 addition, 1 deletion, 3 modifications)
2026-07-19 22:38:16 INFO  o.s.b.w.e.tomcat.GracefulShutdown - Commencing graceful shutdown. Waiting for active requests to complete
2026-07-19 22:38:16 INFO  o.s.b.w.e.tomcat.GracefulShutdown - Graceful shutdown complete
2026-07-19 22:38:16 INFO  o.s.o.j.LocalContainerEntityManagerFactoryBean - Closing JPA EntityManagerFactory for persistence unit 'default'
2026-07-19 22:38:16 INFO  com.zaxxer.hikari.HikariDataSource - HikariPool-33 - Shutdown initiated...
2026-07-19 22:38:16 INFO  com.zaxxer.hikari.HikariDataSource - HikariPool-33 - Shutdown completed.
2026-07-19 22:38:16 INFO  com.parammart.ParamMartApplication - Starting ParamMartApplication using Java 21.0.8 with PID 15728 (C:\Users\HP\Music\PramMart\param-mart\target\classes started by HP in C:\Users\HP\Music\PramMart\param-mart)
2026-07-19 22:38:16 DEBUG com.parammart.ParamMartApplication - Running with Spring Boot v3.5.0, Spring v6.2.7
2026-07-19 22:38:16 INFO  com.parammart.ParamMartApplication - No active profile set, falling back to 1 default profile: "default"
2026-07-19 22:38:17 INFO  o.s.d.r.c.RepositoryConfigurationDelegate - Bootstrapping Spring Data JPA repositories in DEFAULT mode.
2026-07-19 22:38:17 INFO  o.s.d.r.c.RepositoryConfigurationDelegate - Finished Spring Data repository scanning in 22 ms. Found 9 JPA repository interfaces.
2026-07-19 22:38:17 INFO  o.s.b.w.e.tomcat.TomcatWebServer - Tomcat initialized with port 8080 (http)
2026-07-19 22:38:17 INFO  o.a.catalina.core.StandardService - Starting service [Tomcat]
2026-07-19 22:38:17 INFO  o.a.catalina.core.StandardEngine - Starting Servlet engine: [Apache Tomcat/10.1.41]
2026-07-19 22:38:17 INFO  o.a.c.c.C.[Tomcat-5].[localhost].[/] - Initializing Spring embedded WebApplicationContext
2026-07-19 22:38:17 INFO  o.s.b.w.s.c.ServletWebServerApplicationContext - Root WebApplicationContext: initialization completed in 965 ms
2026-07-19 22:38:18 INFO  o.h.jpa.internal.util.LogHelper - HHH000204: Processing PersistenceUnitInfo [name: default]
2026-07-19 22:38:18 INFO  o.h.c.i.RegionFactoryInitiator - HHH000026: Second-level cache disabled
2026-07-19 22:38:18 INFO  o.s.o.j.p.SpringPersistenceUnitInfo - No LoadTimeWeaver setup: ignoring JPA class transformer
2026-07-19 22:38:18 INFO  com.zaxxer.hikari.HikariDataSource - HikariPool-34 - Starting...
2026-07-19 22:38:18 INFO  com.zaxxer.hikari.pool.HikariPool - HikariPool-34 - Added connection com.mysql.cj.jdbc.ConnectionImpl@286a0191
2026-07-19 22:38:18 INFO  com.zaxxer.hikari.HikariDataSource - HikariPool-34 - Start completed.
2026-07-19 22:38:18 INFO  o.hibernate.orm.connections.pooling - HHH10001005: Database info:
	Database JDBC URL [Connecting through datasource 'HikariDataSource (HikariPool-34)']
	Database driver: undefined/unknown
	Database version: 8.0.46
	Autocommit mode: undefined/unknown
	Isolation level: undefined/unknown
	Minimum pool size: undefined/unknown
	Maximum pool size: undefined/unknown
2026-07-19 22:38:19 INFO  o.h.e.t.j.p.i.JtaPlatformInitiator - HHH000489: No JTA platform available (set 'hibernate.transaction.jta.platform' to enable JTA platform integration)
2026-07-19 22:38:19 INFO  o.s.o.j.LocalContainerEntityManagerFactoryBean - Initialized JPA EntityManagerFactory for persistence unit 'default'
2026-07-19 22:38:19 DEBUG c.p.security.JwtAuthenticationFilter - Filter 'jwtAuthenticationFilter' configured for use
2026-07-19 22:38:19 INFO  o.s.s.c.a.a.c.InitializeAuthenticationProviderBeanManagerConfigurer$InitializeAuthenticationProviderManagerConfigurer - Global AuthenticationManager configured with AuthenticationProvider bean with name authenticationProvider
2026-07-19 22:38:19 WARN  o.s.s.c.a.a.c.InitializeUserDetailsBeanManagerConfigurer$InitializeUserDetailsManagerConfigurer - Global AuthenticationManager configured with an AuthenticationProvider bean. UserDetailsService beans will not be used by Spring Security for automatically configuring username/password login. Consider removing the AuthenticationProvider bean. Alternatively, consider using the UserDetailsService in a manually instantiated DaoAuthenticationProvider. If the current configuration is intentional, to turn off this warning, increase the logging level of 'org.springframework.security.config.annotation.authentication.configuration.InitializeUserDetailsBeanManagerConfigurer' to ERROR
2026-07-19 22:38:19 WARN  o.s.b.w.s.c.AnnotationConfigServletWebServerApplicationContext - Exception encountered during context initialization - cancelling refresh attempt: org.springframework.beans.factory.BeanCreationException: Error creating bean with name 'orderServiceImpl' defined in file [C:\Users\HP\Music\PramMart\param-mart\target\classes\com\parammart\service\impl\OrderServiceImpl.class]: Failed to instantiate [com.parammart.service.impl.OrderServiceImpl]: Constructor threw exception
2026-07-19 22:38:19 INFO  o.s.o.j.LocalContainerEntityManagerFactoryBean - Closing JPA EntityManagerFactory for persistence unit 'default'
2026-07-19 22:38:19 INFO  com.zaxxer.hikari.HikariDataSource - HikariPool-34 - Shutdown initiated...
2026-07-19 22:38:19 INFO  com.zaxxer.hikari.HikariDataSource - HikariPool-34 - Shutdown completed.
2026-07-19 22:38:19 INFO  o.a.catalina.core.StandardService - Stopping service [Tomcat]
2026-07-19 22:38:19 INFO  o.s.b.a.l.ConditionEvaluationReportLogger - 

Error starting ApplicationContext. To display the condition evaluation report re-run your application with 'debug' enabled.
2026-07-19 22:38:19 ERROR o.s.boot.SpringApplication - Application run failed
org.springframework.beans.factory.BeanCreationException: Error creating bean with name 'orderServiceImpl' defined in file [C:\Users\HP\Music\PramMart\param-mart\target\classes\com\parammart\service\impl\OrderServiceImpl.class]: Failed to instantiate [com.parammart.service.impl.OrderServiceImpl]: Constructor threw exception
	at org.springframework.beans.factory.support.ConstructorResolver.instantiate(ConstructorResolver.java:321) ~[spring-beans-6.2.7.jar:6.2.7]
	at org.springframework.beans.factory.support.ConstructorResolver.autowireConstructor(ConstructorResolver.java:309) ~[spring-beans-6.2.7.jar:6.2.7]
	at org.springframework.beans.factory.support.AbstractAutowireCapableBeanFactory.autowireConstructor(AbstractAutowireCapableBeanFactory.java:1395) ~[spring-beans-6.2.7.jar:6.2.7]
	at org.springframework.beans.factory.support.AbstractAutowireCapableBeanFactory.createBeanInstance(AbstractAutowireCapableBeanFactory.java:1232) ~[spring-beans-6.2.7.jar:6.2.7]
	at org.springframework.beans.factory.support.AbstractAutowireCapableBeanFactory.doCreateBean(AbstractAutowireCapableBeanFactory.java:569) ~[spring-beans-6.2.7.jar:6.2.7]
	at org.springframework.beans.factory.support.AbstractAutowireCapableBeanFactory.createBean(AbstractAutowireCapableBeanFactory.java:529) ~[spring-beans-6.2.7.jar:6.2.7]
	at org.springframework.beans.factory.support.AbstractBeanFactory.lambda$doGetBean$0(AbstractBeanFactory.java:339) ~[spring-beans-6.2.7.jar:6.2.7]
	at org.springframework.beans.factory.support.DefaultSingletonBeanRegistry.getSingleton(DefaultSingletonBeanRegistry.java:373) ~[spring-beans-6.2.7.jar:6.2.7]
	at org.springframework.beans.factory.support.AbstractBeanFactory.doGetBean(AbstractBeanFactory.java:337) ~[spring-beans-6.2.7.jar:6.2.7]
	at org.springframework.beans.factory.support.AbstractBeanFactory.getBean(AbstractBeanFactory.java:202) ~[spring-beans-6.2.7.jar:6.2.7]
	at org.springframework.beans.factory.support.DefaultListableBeanFactory.instantiateSingleton(DefaultListableBeanFactory.java:1222) ~[spring-beans-6.2.7.jar:6.2.7]
	at org.springframework.beans.factory.support.DefaultListableBeanFactory.preInstantiateSingleton(DefaultListableBeanFactory.java:1188) ~[spring-beans-6.2.7.jar:6.2.7]
	at org.springframework.beans.factory.support.DefaultListableBeanFactory.preInstantiateSingletons(DefaultListableBeanFactory.java:1123) ~[spring-beans-6.2.7.jar:6.2.7]
	at org.springframework.context.support.AbstractApplicationContext.finishBeanFactoryInitialization(AbstractApplicationContext.java:987) ~[spring-context-6.2.7.jar:6.2.7]
	at org.springframework.context.support.AbstractApplicationContext.refresh(AbstractApplicationContext.java:627) ~[spring-context-6.2.7.jar:6.2.7]
	at org.springframework.boot.web.servlet.context.ServletWebServerApplicationContext.refresh(ServletWebServerApplicationContext.java:146) ~[spring-boot-3.5.0.jar:3.5.0]
	at org.springframework.boot.SpringApplication.refresh(SpringApplication.java:753) ~[spring-boot-3.5.0.jar:3.5.0]
	at org.springframework.boot.SpringApplication.refreshContext(SpringApplication.java:439) ~[spring-boot-3.5.0.jar:3.5.0]
	at org.springframework.boot.SpringApplication.run(SpringApplication.java:318) ~[spring-boot-3.5.0.jar:3.5.0]
	at org.springframework.boot.SpringApplication.run(SpringApplication.java:1362) ~[spring-boot-3.5.0.jar:3.5.0]
	at org.springframework.boot.SpringApplication.run(SpringApplication.java:1351) ~[spring-boot-3.5.0.jar:3.5.0]
	at com.parammart.ParamMartApplication.main(ParamMartApplication.java:10) ~[classes/:na]
	at java.base/jdk.internal.reflect.DirectMethodHandleAccessor.invoke(DirectMethodHandleAccessor.java:103) ~[na:na]
	at java.base/java.lang.reflect.Method.invoke(Method.java:580) ~[na:na]
	at org.springframework.boot.devtools.restart.RestartLauncher.run(RestartLauncher.java:50) ~[spring-boot-devtools-3.5.0.jar:3.5.0]
Caused by: org.springframework.beans.BeanInstantiationException: Failed to instantiate [com.parammart.service.impl.OrderServiceImpl]: Constructor threw exception
	at org.springframework.beans.BeanUtils.instantiateClass(BeanUtils.java:222) ~[spring-beans-6.2.7.jar:6.2.7]
	at org.springframework.beans.factory.support.SimpleInstantiationStrategy.instantiate(SimpleInstantiationStrategy.java:145) ~[spring-beans-6.2.7.jar:6.2.7]
	at org.springframework.beans.factory.support.ConstructorResolver.instantiate(ConstructorResolver.java:318) ~[spring-beans-6.2.7.jar:6.2.7]
	... 24 common frames omitted
Caused by: java.lang.Error: Unresolved compilation problems: 
	The import com.parammart.service.OrderService cannot be resolved
	OrderService cannot be resolved to a type
	The method placeOrder() of type OrderServiceImpl must override or implement a supertype method
	The method getMyOrders() of type OrderServiceImpl must override or implement a supertype method
	The method getOrderById(Long) of type OrderServiceImpl must override or implement a supertype method
	The method cancelOrder(Long) of type OrderServiceImpl must override or implement a supertype method

	at com.parammart.service.impl.OrderServiceImpl.<init>(OrderServiceImpl.java:14) ~[classes/:na]
	at java.base/jdk.internal.reflect.DirectConstructorHandleAccessor.newInstance(DirectConstructorHandleAccessor.java:62) ~[na:na]
	at java.base/java.lang.reflect.Constructor.newInstanceWithCaller(Constructor.java:502) ~[na:na]
	at java.base/java.lang.reflect.Constructor.newInstance(Constructor.java:486) ~[na:na]
	at org.springframework.beans.BeanUtils.instantiateClass(BeanUtils.java:209) ~[spring-beans-6.2.7.jar:6.2.7]
	... 26 common frames omitted
2026-07-19 22:38:31 INFO  com.parammart.ParamMartApplication - Starting ParamMartApplication using Java 21.0.8 with PID 15728 (C:\Users\HP\Music\PramMart\param-mart\target\classes started by HP in C:\Users\HP\Music\PramMart\param-mart)
2026-07-19 22:38:31 DEBUG com.parammart.ParamMartApplication - Running with Spring Boot v3.5.0, Spring v6.2.7
2026-07-19 22:38:31 INFO  com.parammart.ParamMartApplication - No active profile set, falling back to 1 default profile: "default"
2026-07-19 22:38:31 INFO  o.s.d.r.c.RepositoryConfigurationDelegate - Bootstrapping Spring Data JPA repositories in DEFAULT mode.
2026-07-19 22:38:31 INFO  o.s.d.r.c.RepositoryConfigurationDelegate - Finished Spring Data repository scanning in 22 ms. Found 9 JPA repository interfaces.
2026-07-19 22:38:32 INFO  o.s.b.w.e.tomcat.TomcatWebServer - Tomcat initialized with port 8080 (http)
2026-07-19 22:38:32 INFO  o.a.catalina.core.StandardService - Starting service [Tomcat]
2026-07-19 22:38:32 INFO  o.a.catalina.core.StandardEngine - Starting Servlet engine: [Apache Tomcat/10.1.41]
2026-07-19 22:38:32 INFO  o.a.c.c.C.[Tomcat-6].[localhost].[/] - Initializing Spring embedded WebApplicationContext
2026-07-19 22:38:32 INFO  o.s.b.w.s.c.ServletWebServerApplicationContext - Root WebApplicationContext: initialization completed in 365 ms
2026-07-19 22:38:32 INFO  o.h.jpa.internal.util.LogHelper - HHH000204: Processing PersistenceUnitInfo [name: default]
2026-07-19 22:38:32 INFO  o.h.c.i.RegionFactoryInitiator - HHH000026: Second-level cache disabled
2026-07-19 22:38:32 INFO  o.s.o.j.p.SpringPersistenceUnitInfo - No LoadTimeWeaver setup: ignoring JPA class transformer
2026-07-19 22:38:32 INFO  com.zaxxer.hikari.HikariDataSource - HikariPool-35 - Starting...
2026-07-19 22:38:32 INFO  com.zaxxer.hikari.pool.HikariPool - HikariPool-35 - Added connection com.mysql.cj.jdbc.ConnectionImpl@108e5f19
2026-07-19 22:38:32 INFO  com.zaxxer.hikari.HikariDataSource - HikariPool-35 - Start completed.
2026-07-19 22:38:32 INFO  o.hibernate.orm.connections.pooling - HHH10001005: Database info:
	Database JDBC URL [Connecting through datasource 'HikariDataSource (HikariPool-35)']
	Database driver: undefined/unknown
	Database version: 8.0.46
	Autocommit mode: undefined/unknown
	Isolation level: undefined/unknown
	Minimum pool size: undefined/unknown
	Maximum pool size: undefined/unknown
2026-07-19 22:38:32 INFO  o.h.e.t.j.p.i.JtaPlatformInitiator - HHH000489: No JTA platform available (set 'hibernate.transaction.jta.platform' to enable JTA platform integration)
2026-07-19 22:38:32 INFO  o.s.o.j.LocalContainerEntityManagerFactoryBean - Initialized JPA EntityManagerFactory for persistence unit 'default'
2026-07-19 22:38:32 DEBUG c.p.security.JwtAuthenticationFilter - Filter 'jwtAuthenticationFilter' configured for use
2026-07-19 22:38:32 INFO  o.s.s.c.a.a.c.InitializeAuthenticationProviderBeanManagerConfigurer$InitializeAuthenticationProviderManagerConfigurer - Global AuthenticationManager configured with AuthenticationProvider bean with name authenticationProvider
2026-07-19 22:38:32 WARN  o.s.s.c.a.a.c.InitializeUserDetailsBeanManagerConfigurer$InitializeUserDetailsManagerConfigurer - Global AuthenticationManager configured with an AuthenticationProvider bean. UserDetailsService beans will not be used by Spring Security for automatically configuring username/password login. Consider removing the AuthenticationProvider bean. Alternatively, consider using the UserDetailsService in a manually instantiated DaoAuthenticationProvider. If the current configuration is intentional, to turn off this warning, increase the logging level of 'org.springframework.security.config.annotation.authentication.configuration.InitializeUserDetailsBeanManagerConfigurer' to ERROR
2026-07-19 22:38:32 WARN  o.s.b.w.s.c.AnnotationConfigServletWebServerApplicationContext - Exception encountered during context initialization - cancelling refresh attempt: org.springframework.beans.factory.BeanCreationException: Error creating bean with name 'orderServiceImpl' defined in file [C:\Users\HP\Music\PramMart\param-mart\target\classes\com\parammart\service\impl\OrderServiceImpl.class]: Failed to instantiate [com.parammart.service.impl.OrderServiceImpl]: Constructor threw exception
2026-07-19 22:38:32 INFO  o.s.o.j.LocalContainerEntityManagerFactoryBean - Closing JPA EntityManagerFactory for persistence unit 'default'
2026-07-19 22:38:32 INFO  com.zaxxer.hikari.HikariDataSource - HikariPool-35 - Shutdown initiated...
2026-07-19 22:38:32 INFO  com.zaxxer.hikari.HikariDataSource - HikariPool-35 - Shutdown completed.
2026-07-19 22:38:32 INFO  o.a.catalina.core.StandardService - Stopping service [Tomcat]
2026-07-19 22:38:32 INFO  o.s.b.a.l.ConditionEvaluationReportLogger - 

Error starting ApplicationContext. To display the condition evaluation report re-run your application with 'debug' enabled.
2026-07-19 22:38:32 ERROR o.s.boot.SpringApplication - Application run failed
org.springframework.beans.factory.BeanCreationException: Error creating bean with name 'orderServiceImpl' defined in file [C:\Users\HP\Music\PramMart\param-mart\target\classes\com\parammart\service\impl\OrderServiceImpl.class]: Failed to instantiate [com.parammart.service.impl.OrderServiceImpl]: Constructor threw exception
	at org.springframework.beans.factory.support.ConstructorResolver.instantiate(ConstructorResolver.java:321) ~[spring-beans-6.2.7.jar:6.2.7]
	at org.springframework.beans.factory.support.ConstructorResolver.autowireConstructor(ConstructorResolver.java:309) ~[spring-beans-6.2.7.jar:6.2.7]
	at org.springframework.beans.factory.support.AbstractAutowireCapableBeanFactory.autowireConstructor(AbstractAutowireCapableBeanFactory.java:1395) ~[spring-beans-6.2.7.jar:6.2.7]
	at org.springframework.beans.factory.support.AbstractAutowireCapableBeanFactory.createBeanInstance(AbstractAutowireCapableBeanFactory.java:1232) ~[spring-beans-6.2.7.jar:6.2.7]
	at org.springframework.beans.factory.support.AbstractAutowireCapableBeanFactory.doCreateBean(AbstractAutowireCapableBeanFactory.java:569) ~[spring-beans-6.2.7.jar:6.2.7]
	at org.springframework.beans.factory.support.AbstractAutowireCapableBeanFactory.createBean(AbstractAutowireCapableBeanFactory.java:529) ~[spring-beans-6.2.7.jar:6.2.7]
	at org.springframework.beans.factory.support.AbstractBeanFactory.lambda$doGetBean$0(AbstractBeanFactory.java:339) ~[spring-beans-6.2.7.jar:6.2.7]
	at org.springframework.beans.factory.support.DefaultSingletonBeanRegistry.getSingleton(DefaultSingletonBeanRegistry.java:373) ~[spring-beans-6.2.7.jar:6.2.7]
	at org.springframework.beans.factory.support.AbstractBeanFactory.doGetBean(AbstractBeanFactory.java:337) ~[spring-beans-6.2.7.jar:6.2.7]
	at org.springframework.beans.factory.support.AbstractBeanFactory.getBean(AbstractBeanFactory.java:202) ~[spring-beans-6.2.7.jar:6.2.7]
	at org.springframework.beans.factory.support.DefaultListableBeanFactory.instantiateSingleton(DefaultListableBeanFactory.java:1222) ~[spring-beans-6.2.7.jar:6.2.7]
	at org.springframework.beans.factory.support.DefaultListableBeanFactory.preInstantiateSingleton(DefaultListableBeanFactory.java:1188) ~[spring-beans-6.2.7.jar:6.2.7]
	at org.springframework.beans.factory.support.DefaultListableBeanFactory.preInstantiateSingletons(DefaultListableBeanFactory.java:1123) ~[spring-beans-6.2.7.jar:6.2.7]
	at org.springframework.context.support.AbstractApplicationContext.finishBeanFactoryInitialization(AbstractApplicationContext.java:987) ~[spring-context-6.2.7.jar:6.2.7]
	at org.springframework.context.support.AbstractApplicationContext.refresh(AbstractApplicationContext.java:627) ~[spring-context-6.2.7.jar:6.2.7]
	at org.springframework.boot.web.servlet.context.ServletWebServerApplicationContext.refresh(ServletWebServerApplicationContext.java:146) ~[spring-boot-3.5.0.jar:3.5.0]
	at org.springframework.boot.SpringApplication.refresh(SpringApplication.java:753) ~[spring-boot-3.5.0.jar:3.5.0]
	at org.springframework.boot.SpringApplication.refreshContext(SpringApplication.java:439) ~[spring-boot-3.5.0.jar:3.5.0]
	at org.springframework.boot.SpringApplication.run(SpringApplication.java:318) ~[spring-boot-3.5.0.jar:3.5.0]
	at org.springframework.boot.SpringApplication.run(SpringApplication.java:1362) ~[spring-boot-3.5.0.jar:3.5.0]
	at org.springframework.boot.SpringApplication.run(SpringApplication.java:1351) ~[spring-boot-3.5.0.jar:3.5.0]
	at com.parammart.ParamMartApplication.main(ParamMartApplication.java:10) ~[classes/:na]
	at java.base/jdk.internal.reflect.DirectMethodHandleAccessor.invoke(DirectMethodHandleAccessor.java:103) ~[na:na]
	at java.base/java.lang.reflect.Method.invoke(Method.java:580) ~[na:na]
	at org.springframework.boot.devtools.restart.RestartLauncher.run(RestartLauncher.java:50) ~[spring-boot-devtools-3.5.0.jar:3.5.0]
Caused by: org.springframework.beans.BeanInstantiationException: Failed to instantiate [com.parammart.service.impl.OrderServiceImpl]: Constructor threw exception
	at org.springframework.beans.BeanUtils.instantiateClass(BeanUtils.java:222) ~[spring-beans-6.2.7.jar:6.2.7]
	at org.springframework.beans.factory.support.SimpleInstantiationStrategy.instantiate(SimpleInstantiationStrategy.java:145) ~[spring-beans-6.2.7.jar:6.2.7]
	at org.springframework.beans.factory.support.ConstructorResolver.instantiate(ConstructorResolver.java:318) ~[spring-beans-6.2.7.jar:6.2.7]
	... 24 common frames omitted
Caused by: java.lang.Error: Unresolved compilation problems: 
	The import com.parammart.service.OrderService cannot be resolved
	OrderService cannot be resolved to a type
	The method placeOrder() of type OrderServiceImpl must override or implement a supertype method
	The method getMyOrders() of type OrderServiceImpl must override or implement a supertype method
	The method getOrderById(Long) of type OrderServiceImpl must override or implement a supertype method
	The method cancelOrder(Long) of type OrderServiceImpl must override or implement a supertype method

	at com.parammart.service.impl.OrderServiceImpl.<init>(OrderServiceImpl.java:14) ~[classes/:na]
	at java.base/jdk.internal.reflect.DirectConstructorHandleAccessor.newInstance(DirectConstructorHandleAccessor.java:62) ~[na:na]
	at java.base/java.lang.reflect.Constructor.newInstanceWithCaller(Constructor.java:502) ~[na:na]
	at java.base/java.lang.reflect.Constructor.newInstance(Constructor.java:486) ~[na:na]
	at org.springframework.beans.BeanUtils.instantiateClass(BeanUtils.java:209) ~[spring-beans-6.2.7.jar:6.2.7]
	... 26 common frames omitted
2026-07-19 22:38:38 INFO  com.parammart.ParamMartApplication - Starting ParamMartApplication using Java 21.0.8 with PID 15728 (C:\Users\HP\Music\PramMart\param-mart\target\classes started by HP in C:\Users\HP\Music\PramMart\param-mart)
2026-07-19 22:38:38 DEBUG com.parammart.ParamMartApplication - Running with Spring Boot v3.5.0, Spring v6.2.7
2026-07-19 22:38:38 INFO  com.parammart.ParamMartApplication - No active profile set, falling back to 1 default profile: "default"
2026-07-19 22:38:38 INFO  o.s.d.r.c.RepositoryConfigurationDelegate - Bootstrapping Spring Data JPA repositories in DEFAULT mode.
2026-07-19 22:38:38 INFO  o.s.d.r.c.RepositoryConfigurationDelegate - Finished Spring Data repository scanning in 18 ms. Found 9 JPA repository interfaces.
2026-07-19 22:38:38 INFO  o.s.b.w.e.tomcat.TomcatWebServer - Tomcat initialized with port 8080 (http)
2026-07-19 22:38:38 INFO  o.a.catalina.core.StandardService - Starting service [Tomcat]
2026-07-19 22:38:38 INFO  o.a.catalina.core.StandardEngine - Starting Servlet engine: [Apache Tomcat/10.1.41]
2026-07-19 22:38:38 INFO  o.a.c.c.C.[Tomcat-7].[localhost].[/] - Initializing Spring embedded WebApplicationContext
2026-07-19 22:38:38 INFO  o.s.b.w.s.c.ServletWebServerApplicationContext - Root WebApplicationContext: initialization completed in 495 ms
2026-07-19 22:38:38 INFO  o.h.jpa.internal.util.LogHelper - HHH000204: Processing PersistenceUnitInfo [name: default]
2026-07-19 22:38:38 INFO  o.h.c.i.RegionFactoryInitiator - HHH000026: Second-level cache disabled
2026-07-19 22:38:38 INFO  o.s.o.j.p.SpringPersistenceUnitInfo - No LoadTimeWeaver setup: ignoring JPA class transformer
2026-07-19 22:38:38 INFO  com.zaxxer.hikari.HikariDataSource - HikariPool-36 - Starting...
2026-07-19 22:38:38 INFO  com.zaxxer.hikari.pool.HikariPool - HikariPool-36 - Added connection com.mysql.cj.jdbc.ConnectionImpl@1acebf99
2026-07-19 22:38:38 INFO  com.zaxxer.hikari.HikariDataSource - HikariPool-36 - Start completed.
2026-07-19 22:38:38 INFO  o.hibernate.orm.connections.pooling - HHH10001005: Database info:
	Database JDBC URL [Connecting through datasource 'HikariDataSource (HikariPool-36)']
	Database driver: undefined/unknown
	Database version: 8.0.46
	Autocommit mode: undefined/unknown
	Isolation level: undefined/unknown
	Minimum pool size: undefined/unknown
	Maximum pool size: undefined/unknown
2026-07-19 22:38:38 INFO  o.h.e.t.j.p.i.JtaPlatformInitiator - HHH000489: No JTA platform available (set 'hibernate.transaction.jta.platform' to enable JTA platform integration)
2026-07-19 22:38:38 INFO  o.s.o.j.LocalContainerEntityManagerFactoryBean - Initialized JPA EntityManagerFactory for persistence unit 'default'
2026-07-19 22:38:38 DEBUG c.p.security.JwtAuthenticationFilter - Filter 'jwtAuthenticationFilter' configured for use
2026-07-19 22:38:38 INFO  o.s.s.c.a.a.c.InitializeAuthenticationProviderBeanManagerConfigurer$InitializeAuthenticationProviderManagerConfigurer - Global AuthenticationManager configured with AuthenticationProvider bean with name authenticationProvider
2026-07-19 22:38:38 WARN  o.s.s.c.a.a.c.InitializeUserDetailsBeanManagerConfigurer$InitializeUserDetailsManagerConfigurer - Global AuthenticationManager configured with an AuthenticationProvider bean. UserDetailsService beans will not be used by Spring Security for automatically configuring username/password login. Consider removing the AuthenticationProvider bean. Alternatively, consider using the UserDetailsService in a manually instantiated DaoAuthenticationProvider. If the current configuration is intentional, to turn off this warning, increase the logging level of 'org.springframework.security.config.annotation.authentication.configuration.InitializeUserDetailsBeanManagerConfigurer' to ERROR
2026-07-19 22:38:39 INFO  o.s.b.a.e.web.EndpointLinksResolver - Exposing 3 endpoints beneath base path '/actuator'
2026-07-19 22:38:39 INFO  o.s.b.d.a.OptionalLiveReloadServer - LiveReload server is running on port 35729
2026-07-19 22:38:39 INFO  o.s.b.w.e.tomcat.TomcatWebServer - Tomcat started on port 8080 (http) with context path '/'
2026-07-19 22:38:39 INFO  com.parammart.ParamMartApplication - Started ParamMartApplication in 1.282 seconds (process running for 5755.45)
2026-07-19 22:38:39 INFO  o.s.b.d.a.ConditionEvaluationDeltaLoggingListener - Condition evaluation unchanged
2026-07-19 22:39:04 INFO  o.s.b.d.a.LocalDevToolsAutoConfiguration$RestartingClassPathChangeChangedEventListener - Restarting due to 1 class path change (1 addition, 0 deletions, 0 modifications)
2026-07-19 22:39:04 INFO  o.s.b.w.e.tomcat.GracefulShutdown - Commencing graceful shutdown. Waiting for active requests to complete
2026-07-19 22:39:04 INFO  o.s.b.w.e.tomcat.GracefulShutdown - Graceful shutdown complete
2026-07-19 22:39:04 INFO  o.s.o.j.LocalContainerEntityManagerFactoryBean - Closing JPA EntityManagerFactory for persistence unit 'default'
2026-07-19 22:39:04 INFO  com.zaxxer.hikari.HikariDataSource - HikariPool-36 - Shutdown initiated...
2026-07-19 22:39:04 INFO  com.zaxxer.hikari.HikariDataSource - HikariPool-36 - Shutdown completed.
2026-07-19 22:39:05 INFO  com.parammart.ParamMartApplication - Starting ParamMartApplication using Java 21.0.8 with PID 15728 (C:\Users\HP\Music\PramMart\param-mart\target\classes started by HP in C:\Users\HP\Music\PramMart\param-mart)
2026-07-19 22:39:05 DEBUG com.parammart.ParamMartApplication - Running with Spring Boot v3.5.0, Spring v6.2.7
2026-07-19 22:39:05 INFO  com.parammart.ParamMartApplication - No active profile set, falling back to 1 default profile: "default"
2026-07-19 22:39:06 INFO  o.s.d.r.c.RepositoryConfigurationDelegate - Bootstrapping Spring Data JPA repositories in DEFAULT mode.
2026-07-19 22:39:06 INFO  o.s.d.r.c.RepositoryConfigurationDelegate - Finished Spring Data repository scanning in 33 ms. Found 9 JPA repository interfaces.
2026-07-19 22:39:06 INFO  o.s.b.w.e.tomcat.TomcatWebServer - Tomcat initialized with port 8080 (http)
2026-07-19 22:39:06 INFO  o.a.catalina.core.StandardService - Starting service [Tomcat]
2026-07-19 22:39:06 INFO  o.a.catalina.core.StandardEngine - Starting Servlet engine: [Apache Tomcat/10.1.41]
2026-07-19 22:39:06 INFO  o.a.c.c.C.[Tomcat-7].[localhost].[/] - Initializing Spring embedded WebApplicationContext
2026-07-19 22:39:06 INFO  o.s.b.w.s.c.ServletWebServerApplicationContext - Root WebApplicationContext: initialization completed in 1184 ms
2026-07-19 22:39:06 INFO  o.h.jpa.internal.util.LogHelper - HHH000204: Processing PersistenceUnitInfo [name: default]
2026-07-19 22:39:06 INFO  o.h.c.i.RegionFactoryInitiator - HHH000026: Second-level cache disabled
2026-07-19 22:39:06 INFO  o.s.o.j.p.SpringPersistenceUnitInfo - No LoadTimeWeaver setup: ignoring JPA class transformer
2026-07-19 22:39:06 INFO  com.zaxxer.hikari.HikariDataSource - HikariPool-37 - Starting...
2026-07-19 22:39:06 INFO  com.zaxxer.hikari.pool.HikariPool - HikariPool-37 - Added connection com.mysql.cj.jdbc.ConnectionImpl@52a42b2a
2026-07-19 22:39:06 INFO  com.zaxxer.hikari.HikariDataSource - HikariPool-37 - Start completed.
2026-07-19 22:39:06 INFO  o.hibernate.orm.connections.pooling - HHH10001005: Database info:
	Database JDBC URL [Connecting through datasource 'HikariDataSource (HikariPool-37)']
	Database driver: undefined/unknown
	Database version: 8.0.46
	Autocommit mode: undefined/unknown
	Isolation level: undefined/unknown
	Minimum pool size: undefined/unknown
	Maximum pool size: undefined/unknown
2026-07-19 22:39:06 INFO  o.h.e.t.j.p.i.JtaPlatformInitiator - HHH000489: No JTA platform available (set 'hibernate.transaction.jta.platform' to enable JTA platform integration)
2026-07-19 22:39:06 INFO  o.s.o.j.LocalContainerEntityManagerFactoryBean - Initialized JPA EntityManagerFactory for persistence unit 'default'
2026-07-19 22:39:06 DEBUG c.p.security.JwtAuthenticationFilter - Filter 'jwtAuthenticationFilter' configured for use
2026-07-19 22:39:06 INFO  o.s.s.c.a.a.c.InitializeAuthenticationProviderBeanManagerConfigurer$InitializeAuthenticationProviderManagerConfigurer - Global AuthenticationManager configured with AuthenticationProvider bean with name authenticationProvider
2026-07-19 22:39:06 WARN  o.s.s.c.a.a.c.InitializeUserDetailsBeanManagerConfigurer$InitializeUserDetailsManagerConfigurer - Global AuthenticationManager configured with an AuthenticationProvider bean. UserDetailsService beans will not be used by Spring Security for automatically configuring username/password login. Consider removing the AuthenticationProvider bean. Alternatively, consider using the UserDetailsService in a manually instantiated DaoAuthenticationProvider. If the current configuration is intentional, to turn off this warning, increase the logging level of 'org.springframework.security.config.annotation.authentication.configuration.InitializeUserDetailsBeanManagerConfigurer' to ERROR
2026-07-19 22:39:07 INFO  o.s.b.a.e.web.EndpointLinksResolver - Exposing 3 endpoints beneath base path '/actuator'
2026-07-19 22:39:07 INFO  o.s.b.d.a.OptionalLiveReloadServer - LiveReload server is running on port 35729
2026-07-19 22:39:07 INFO  o.s.b.w.e.tomcat.TomcatWebServer - Tomcat started on port 8080 (http) with context path '/'
2026-07-19 22:39:07 INFO  com.parammart.ParamMartApplication - Started ParamMartApplication in 2.555 seconds (process running for 5783.712)
2026-07-19 22:39:07 INFO  o.s.b.d.a.ConditionEvaluationDeltaLoggingListener - Condition evaluation unchanged
2026-07-19 22:39:12 INFO  o.s.b.d.a.LocalDevToolsAutoConfiguration$RestartingClassPathChangeChangedEventListener - Restarting due to 5 class path changes (1 addition, 1 deletion, 3 modifications)
2026-07-19 22:39:12 INFO  o.s.b.w.e.tomcat.GracefulShutdown - Commencing graceful shutdown. Waiting for active requests to complete
2026-07-19 22:39:12 INFO  o.s.b.w.e.tomcat.GracefulShutdown - Graceful shutdown complete
2026-07-19 22:39:12 INFO  o.s.o.j.LocalContainerEntityManagerFactoryBean - Closing JPA EntityManagerFactory for persistence unit 'default'
2026-07-19 22:39:12 INFO  com.zaxxer.hikari.HikariDataSource - HikariPool-37 - Shutdown initiated...
2026-07-19 22:39:12 INFO  com.zaxxer.hikari.HikariDataSource - HikariPool-37 - Shutdown completed.
2026-07-19 22:39:12 INFO  com.parammart.ParamMartApplication - Starting ParamMartApplication using Java 21.0.8 with PID 15728 (C:\Users\HP\Music\PramMart\param-mart\target\classes started by HP in C:\Users\HP\Music\PramMart\param-mart)
2026-07-19 22:39:12 DEBUG com.parammart.ParamMartApplication - Running with Spring Boot v3.5.0, Spring v6.2.7
2026-07-19 22:39:12 INFO  com.parammart.ParamMartApplication - No active profile set, falling back to 1 default profile: "default"
2026-07-19 22:39:13 INFO  o.s.d.r.c.RepositoryConfigurationDelegate - Bootstrapping Spring Data JPA repositories in DEFAULT mode.
2026-07-19 22:39:13 INFO  o.s.d.r.c.RepositoryConfigurationDelegate - Finished Spring Data repository scanning in 21 ms. Found 9 JPA repository interfaces.
2026-07-19 22:39:13 INFO  o.s.b.w.e.tomcat.TomcatWebServer - Tomcat initialized with port 8080 (http)
2026-07-19 22:39:13 INFO  o.a.catalina.core.StandardService - Starting service [Tomcat]
2026-07-19 22:39:13 INFO  o.a.catalina.core.StandardEngine - Starting Servlet engine: [Apache Tomcat/10.1.41]
2026-07-19 22:39:13 INFO  o.a.c.c.C.[Tomcat-7].[localhost].[/] - Initializing Spring embedded WebApplicationContext
2026-07-19 22:39:13 INFO  o.s.b.w.s.c.ServletWebServerApplicationContext - Root WebApplicationContext: initialization completed in 393 ms
2026-07-19 22:39:13 INFO  o.h.jpa.internal.util.LogHelper - HHH000204: Processing PersistenceUnitInfo [name: default]
2026-07-19 22:39:13 INFO  o.h.c.i.RegionFactoryInitiator - HHH000026: Second-level cache disabled
2026-07-19 22:39:13 INFO  o.s.o.j.p.SpringPersistenceUnitInfo - No LoadTimeWeaver setup: ignoring JPA class transformer
2026-07-19 22:39:13 INFO  com.zaxxer.hikari.HikariDataSource - HikariPool-38 - Starting...
2026-07-19 22:39:13 INFO  com.zaxxer.hikari.pool.HikariPool - HikariPool-38 - Added connection com.mysql.cj.jdbc.ConnectionImpl@5e138d00
2026-07-19 22:39:13 INFO  com.zaxxer.hikari.HikariDataSource - HikariPool-38 - Start completed.
2026-07-19 22:39:13 INFO  o.hibernate.orm.connections.pooling - HHH10001005: Database info:
	Database JDBC URL [Connecting through datasource 'HikariDataSource (HikariPool-38)']
	Database driver: undefined/unknown
	Database version: 8.0.46
	Autocommit mode: undefined/unknown
	Isolation level: undefined/unknown
	Minimum pool size: undefined/unknown
	Maximum pool size: undefined/unknown
2026-07-19 22:39:13 INFO  o.h.e.t.j.p.i.JtaPlatformInitiator - HHH000489: No JTA platform available (set 'hibernate.transaction.jta.platform' to enable JTA platform integration)
2026-07-19 22:39:13 INFO  o.s.o.j.LocalContainerEntityManagerFactoryBean - Initialized JPA EntityManagerFactory for persistence unit 'default'
2026-07-19 22:39:13 DEBUG c.p.security.JwtAuthenticationFilter - Filter 'jwtAuthenticationFilter' configured for use
2026-07-19 22:39:13 INFO  o.s.s.c.a.a.c.InitializeAuthenticationProviderBeanManagerConfigurer$InitializeAuthenticationProviderManagerConfigurer - Global AuthenticationManager configured with AuthenticationProvider bean with name authenticationProvider
2026-07-19 22:39:13 WARN  o.s.s.c.a.a.c.InitializeUserDetailsBeanManagerConfigurer$InitializeUserDetailsManagerConfigurer - Global AuthenticationManager configured with an AuthenticationProvider bean. UserDetailsService beans will not be used by Spring Security for automatically configuring username/password login. Consider removing the AuthenticationProvider bean. Alternatively, consider using the UserDetailsService in a manually instantiated DaoAuthenticationProvider. If the current configuration is intentional, to turn off this warning, increase the logging level of 'org.springframework.security.config.annotation.authentication.configuration.InitializeUserDetailsBeanManagerConfigurer' to ERROR
2026-07-19 22:39:13 INFO  o.s.b.a.e.web.EndpointLinksResolver - Exposing 3 endpoints beneath base path '/actuator'
2026-07-19 22:39:14 INFO  o.s.b.d.a.OptionalLiveReloadServer - LiveReload server is running on port 35729
2026-07-19 22:39:14 INFO  o.s.b.w.e.tomcat.TomcatWebServer - Tomcat started on port 8080 (http) with context path '/'
2026-07-19 22:39:14 INFO  com.parammart.ParamMartApplication - Started ParamMartApplication in 1.236 seconds (process running for 5790.101)
2026-07-19 22:39:14 INFO  o.s.b.d.a.ConditionEvaluationDeltaLoggingListener - Condition evaluation unchanged
2026-07-19 22:39:57 INFO  o.s.b.d.a.LocalDevToolsAutoConfiguration$RestartingClassPathChangeChangedEventListener - Restarting due to 1 class path change (1 addition, 0 deletions, 0 modifications)
2026-07-19 22:39:57 INFO  o.s.b.w.e.tomcat.GracefulShutdown - Commencing graceful shutdown. Waiting for active requests to complete
2026-07-19 22:39:57 INFO  o.s.b.w.e.tomcat.GracefulShutdown - Graceful shutdown complete
2026-07-19 22:39:57 INFO  o.s.o.j.LocalContainerEntityManagerFactoryBean - Closing JPA EntityManagerFactory for persistence unit 'default'
2026-07-19 22:39:57 INFO  com.zaxxer.hikari.HikariDataSource - HikariPool-38 - Shutdown initiated...
2026-07-19 22:39:57 INFO  com.zaxxer.hikari.HikariDataSource - HikariPool-38 - Shutdown completed.
2026-07-19 22:39:57 INFO  com.parammart.ParamMartApplication - Starting ParamMartApplication using Java 21.0.8 with PID 15728 (C:\Users\HP\Music\PramMart\param-mart\target\classes started by HP in C:\Users\HP\Music\PramMart\param-mart)
2026-07-19 22:39:57 DEBUG com.parammart.ParamMartApplication - Running with Spring Boot v3.5.0, Spring v6.2.7
2026-07-19 22:39:57 INFO  com.parammart.ParamMartApplication - No active profile set, falling back to 1 default profile: "default"
2026-07-19 22:39:58 INFO  o.s.d.r.c.RepositoryConfigurationDelegate - Bootstrapping Spring Data JPA repositories in DEFAULT mode.
2026-07-19 22:39:58 INFO  o.s.d.r.c.RepositoryConfigurationDelegate - Finished Spring Data repository scanning in 34 ms. Found 9 JPA repository interfaces.
2026-07-19 22:39:58 INFO  o.s.b.w.e.tomcat.TomcatWebServer - Tomcat initialized with port 8080 (http)
2026-07-19 22:39:58 INFO  o.a.catalina.core.StandardService - Starting service [Tomcat]
2026-07-19 22:39:58 INFO  o.a.catalina.core.StandardEngine - Starting Servlet engine: [Apache Tomcat/10.1.41]
2026-07-19 22:39:58 INFO  o.a.c.c.C.[Tomcat-7].[localhost].[/] - Initializing Spring embedded WebApplicationContext
2026-07-19 22:39:58 INFO  o.s.b.w.s.c.ServletWebServerApplicationContext - Root WebApplicationContext: initialization completed in 879 ms
2026-07-19 22:39:58 INFO  o.h.jpa.internal.util.LogHelper - HHH000204: Processing PersistenceUnitInfo [name: default]
2026-07-19 22:39:58 INFO  o.h.c.i.RegionFactoryInitiator - HHH000026: Second-level cache disabled
2026-07-19 22:39:58 INFO  o.s.o.j.p.SpringPersistenceUnitInfo - No LoadTimeWeaver setup: ignoring JPA class transformer
2026-07-19 22:39:58 INFO  com.zaxxer.hikari.HikariDataSource - HikariPool-39 - Starting...
2026-07-19 22:39:58 INFO  com.zaxxer.hikari.pool.HikariPool - HikariPool-39 - Added connection com.mysql.cj.jdbc.ConnectionImpl@10344018
2026-07-19 22:39:58 INFO  com.zaxxer.hikari.HikariDataSource - HikariPool-39 - Start completed.
2026-07-19 22:39:58 INFO  o.hibernate.orm.connections.pooling - HHH10001005: Database info:
	Database JDBC URL [Connecting through datasource 'HikariDataSource (HikariPool-39)']
	Database driver: undefined/unknown
	Database version: 8.0.46
	Autocommit mode: undefined/unknown
	Isolation level: undefined/unknown
	Minimum pool size: undefined/unknown
	Maximum pool size: undefined/unknown
2026-07-19 22:39:59 INFO  o.h.e.t.j.p.i.JtaPlatformInitiator - HHH000489: No JTA platform available (set 'hibernate.transaction.jta.platform' to enable JTA platform integration)
2026-07-19 22:39:59 INFO  o.s.o.j.LocalContainerEntityManagerFactoryBean - Initialized JPA EntityManagerFactory for persistence unit 'default'
2026-07-19 22:39:59 DEBUG c.p.security.JwtAuthenticationFilter - Filter 'jwtAuthenticationFilter' configured for use
2026-07-19 22:39:59 INFO  o.s.s.c.a.a.c.InitializeAuthenticationProviderBeanManagerConfigurer$InitializeAuthenticationProviderManagerConfigurer - Global AuthenticationManager configured with AuthenticationProvider bean with name authenticationProvider
2026-07-19 22:39:59 WARN  o.s.s.c.a.a.c.InitializeUserDetailsBeanManagerConfigurer$InitializeUserDetailsManagerConfigurer - Global AuthenticationManager configured with an AuthenticationProvider bean. UserDetailsService beans will not be used by Spring Security for automatically configuring username/password login. Consider removing the AuthenticationProvider bean. Alternatively, consider using the UserDetailsService in a manually instantiated DaoAuthenticationProvider. If the current configuration is intentional, to turn off this warning, increase the logging level of 'org.springframework.security.config.annotation.authentication.configuration.InitializeUserDetailsBeanManagerConfigurer' to ERROR
2026-07-19 22:39:59 INFO  o.s.b.a.e.web.EndpointLinksResolver - Exposing 3 endpoints beneath base path '/actuator'
2026-07-19 22:39:59 INFO  o.s.b.d.a.OptionalLiveReloadServer - LiveReload server is running on port 35729
2026-07-19 22:39:59 INFO  o.s.b.w.e.tomcat.TomcatWebServer - Tomcat started on port 8080 (http) with context path '/'
2026-07-19 22:39:59 INFO  com.parammart.ParamMartApplication - Started ParamMartApplication in 1.991 seconds (process running for 5835.927)
2026-07-19 22:39:59 INFO  o.s.b.d.a.ConditionEvaluationDeltaLoggingListener - Condition evaluation unchanged
2026-07-19 22:40:04 INFO  o.s.b.d.a.LocalDevToolsAutoConfiguration$RestartingClassPathChangeChangedEventListener - Restarting due to 5 class path changes (1 addition, 1 deletion, 3 modifications)
2026-07-19 22:40:04 INFO  o.s.b.w.e.tomcat.GracefulShutdown - Commencing graceful shutdown. Waiting for active requests to complete
2026-07-19 22:40:04 INFO  o.s.b.w.e.tomcat.GracefulShutdown - Graceful shutdown complete
2026-07-19 22:40:04 INFO  o.s.o.j.LocalContainerEntityManagerFactoryBean - Closing JPA EntityManagerFactory for persistence unit 'default'
2026-07-19 22:40:04 INFO  com.zaxxer.hikari.HikariDataSource - HikariPool-39 - Shutdown initiated...
2026-07-19 22:40:04 INFO  com.zaxxer.hikari.HikariDataSource - HikariPool-39 - Shutdown completed.
2026-07-19 22:40:04 INFO  com.parammart.ParamMartApplication - Starting ParamMartApplication using Java 21.0.8 with PID 15728 (C:\Users\HP\Music\PramMart\param-mart\target\classes started by HP in C:\Users\HP\Music\PramMart\param-mart)
2026-07-19 22:40:04 DEBUG com.parammart.ParamMartApplication - Running with Spring Boot v3.5.0, Spring v6.2.7
2026-07-19 22:40:04 INFO  com.parammart.ParamMartApplication - No active profile set, falling back to 1 default profile: "default"
2026-07-19 22:40:05 INFO  o.s.d.r.c.RepositoryConfigurationDelegate - Bootstrapping Spring Data JPA repositories in DEFAULT mode.
2026-07-19 22:40:06 INFO  o.s.d.r.c.RepositoryConfigurationDelegate - Finished Spring Data repository scanning in 66 ms. Found 9 JPA repository interfaces.
2026-07-19 22:40:06 INFO  o.s.b.w.e.tomcat.TomcatWebServer - Tomcat initialized with port 8080 (http)
2026-07-19 22:40:06 INFO  o.a.catalina.core.StandardService - Starting service [Tomcat]
2026-07-19 22:40:06 INFO  o.a.catalina.core.StandardEngine - Starting Servlet engine: [Apache Tomcat/10.1.41]
2026-07-19 22:40:06 INFO  o.a.c.c.C.[Tomcat-7].[localhost].[/] - Initializing Spring embedded WebApplicationContext
2026-07-19 22:40:06 INFO  o.s.b.w.s.c.ServletWebServerApplicationContext - Root WebApplicationContext: initialization completed in 1587 ms
2026-07-19 22:40:06 INFO  o.h.jpa.internal.util.LogHelper - HHH000204: Processing PersistenceUnitInfo [name: default]
2026-07-19 22:40:06 INFO  o.h.c.i.RegionFactoryInitiator - HHH000026: Second-level cache disabled
2026-07-19 22:40:06 INFO  o.s.o.j.p.SpringPersistenceUnitInfo - No LoadTimeWeaver setup: ignoring JPA class transformer
2026-07-19 22:40:06 INFO  com.zaxxer.hikari.HikariDataSource - HikariPool-40 - Starting...
2026-07-19 22:40:06 INFO  com.zaxxer.hikari.pool.HikariPool - HikariPool-40 - Added connection com.mysql.cj.jdbc.ConnectionImpl@2aee6318
2026-07-19 22:40:06 INFO  com.zaxxer.hikari.HikariDataSource - HikariPool-40 - Start completed.
2026-07-19 22:40:06 INFO  o.hibernate.orm.connections.pooling - HHH10001005: Database info:
	Database JDBC URL [Connecting through datasource 'HikariDataSource (HikariPool-40)']
	Database driver: undefined/unknown
	Database version: 8.0.46
	Autocommit mode: undefined/unknown
	Isolation level: undefined/unknown
	Minimum pool size: undefined/unknown
	Maximum pool size: undefined/unknown
2026-07-19 22:40:06 INFO  o.h.e.t.j.p.i.JtaPlatformInitiator - HHH000489: No JTA platform available (set 'hibernate.transaction.jta.platform' to enable JTA platform integration)
2026-07-19 22:40:06 INFO  o.s.o.j.LocalContainerEntityManagerFactoryBean - Initialized JPA EntityManagerFactory for persistence unit 'default'
2026-07-19 22:40:07 DEBUG c.p.security.JwtAuthenticationFilter - Filter 'jwtAuthenticationFilter' configured for use
2026-07-19 22:40:07 INFO  o.s.s.c.a.a.c.InitializeAuthenticationProviderBeanManagerConfigurer$InitializeAuthenticationProviderManagerConfigurer - Global AuthenticationManager configured with AuthenticationProvider bean with name authenticationProvider
2026-07-19 22:40:07 WARN  o.s.s.c.a.a.c.InitializeUserDetailsBeanManagerConfigurer$InitializeUserDetailsManagerConfigurer - Global AuthenticationManager configured with an AuthenticationProvider bean. UserDetailsService beans will not be used by Spring Security for automatically configuring username/password login. Consider removing the AuthenticationProvider bean. Alternatively, consider using the UserDetailsService in a manually instantiated DaoAuthenticationProvider. If the current configuration is intentional, to turn off this warning, increase the logging level of 'org.springframework.security.config.annotation.authentication.configuration.InitializeUserDetailsBeanManagerConfigurer' to ERROR
2026-07-19 22:40:07 INFO  o.s.b.a.e.web.EndpointLinksResolver - Exposing 3 endpoints beneath base path '/actuator'
2026-07-19 22:40:08 INFO  o.s.b.d.a.OptionalLiveReloadServer - LiveReload server is running on port 35729
2026-07-19 22:40:08 INFO  o.s.b.w.e.tomcat.TomcatWebServer - Tomcat started on port 8080 (http) with context path '/'
2026-07-19 22:40:08 INFO  com.parammart.ParamMartApplication - Started ParamMartApplication in 3.858 seconds (process running for 5844.646)
2026-07-19 22:40:08 INFO  o.s.b.d.a.ConditionEvaluationDeltaLoggingListener - Condition evaluation unchanged
2026-07-19 22:40:24 INFO  o.s.b.d.a.LocalDevToolsAutoConfiguration$RestartingClassPathChangeChangedEventListener - Restarting due to 1 class path change (1 addition, 0 deletions, 0 modifications)
2026-07-19 22:40:24 INFO  o.s.b.w.e.tomcat.GracefulShutdown - Commencing graceful shutdown. Waiting for active requests to complete
2026-07-19 22:40:24 INFO  o.s.b.w.e.tomcat.GracefulShutdown - Graceful shutdown complete
2026-07-19 22:40:24 INFO  o.s.o.j.LocalContainerEntityManagerFactoryBean - Closing JPA EntityManagerFactory for persistence unit 'default'
2026-07-19 22:40:24 INFO  com.zaxxer.hikari.HikariDataSource - HikariPool-40 - Shutdown initiated...
2026-07-19 22:40:24 INFO  com.zaxxer.hikari.HikariDataSource - HikariPool-40 - Shutdown completed.
2026-07-19 22:40:24 INFO  com.parammart.ParamMartApplication - Starting ParamMartApplication using Java 21.0.8 with PID 15728 (C:\Users\HP\Music\PramMart\param-mart\target\classes started by HP in C:\Users\HP\Music\PramMart\param-mart)
2026-07-19 22:40:24 DEBUG com.parammart.ParamMartApplication - Running with Spring Boot v3.5.0, Spring v6.2.7
2026-07-19 22:40:24 INFO  com.parammart.ParamMartApplication - No active profile set, falling back to 1 default profile: "default"
2026-07-19 22:40:24 INFO  o.s.d.r.c.RepositoryConfigurationDelegate - Bootstrapping Spring Data JPA repositories in DEFAULT mode.
2026-07-19 22:40:24 INFO  o.s.d.r.c.RepositoryConfigurationDelegate - Finished Spring Data repository scanning in 36 ms. Found 9 JPA repository interfaces.
2026-07-19 22:40:25 INFO  o.s.b.w.e.tomcat.TomcatWebServer - Tomcat initialized with port 8080 (http)
2026-07-19 22:40:25 INFO  o.a.catalina.core.StandardService - Starting service [Tomcat]
2026-07-19 22:40:25 INFO  o.a.catalina.core.StandardEngine - Starting Servlet engine: [Apache Tomcat/10.1.41]
2026-07-19 22:40:25 INFO  o.a.c.c.C.[Tomcat-7].[localhost].[/] - Initializing Spring embedded WebApplicationContext
2026-07-19 22:40:25 INFO  o.s.b.w.s.c.ServletWebServerApplicationContext - Root WebApplicationContext: initialization completed in 695 ms
2026-07-19 22:40:25 INFO  o.h.jpa.internal.util.LogHelper - HHH000204: Processing PersistenceUnitInfo [name: default]
2026-07-19 22:40:25 INFO  o.h.c.i.RegionFactoryInitiator - HHH000026: Second-level cache disabled
2026-07-19 22:40:25 INFO  o.s.o.j.p.SpringPersistenceUnitInfo - No LoadTimeWeaver setup: ignoring JPA class transformer
2026-07-19 22:40:25 INFO  com.zaxxer.hikari.HikariDataSource - HikariPool-41 - Starting...
2026-07-19 22:40:25 INFO  com.zaxxer.hikari.pool.HikariPool - HikariPool-41 - Added connection com.mysql.cj.jdbc.ConnectionImpl@5d1a93c8
2026-07-19 22:40:25 INFO  com.zaxxer.hikari.HikariDataSource - HikariPool-41 - Start completed.
2026-07-19 22:40:25 INFO  o.hibernate.orm.connections.pooling - HHH10001005: Database info:
	Database JDBC URL [Connecting through datasource 'HikariDataSource (HikariPool-41)']
	Database driver: undefined/unknown
	Database version: 8.0.46
	Autocommit mode: undefined/unknown
	Isolation level: undefined/unknown
	Minimum pool size: undefined/unknown
	Maximum pool size: undefined/unknown
2026-07-19 22:40:25 INFO  o.h.e.t.j.p.i.JtaPlatformInitiator - HHH000489: No JTA platform available (set 'hibernate.transaction.jta.platform' to enable JTA platform integration)
2026-07-19 22:40:25 INFO  o.s.o.j.LocalContainerEntityManagerFactoryBean - Initialized JPA EntityManagerFactory for persistence unit 'default'
2026-07-19 22:40:25 DEBUG c.p.security.JwtAuthenticationFilter - Filter 'jwtAuthenticationFilter' configured for use
2026-07-19 22:40:25 INFO  o.s.s.c.a.a.c.InitializeAuthenticationProviderBeanManagerConfigurer$InitializeAuthenticationProviderManagerConfigurer - Global AuthenticationManager configured with AuthenticationProvider bean with name authenticationProvider
2026-07-19 22:40:25 WARN  o.s.s.c.a.a.c.InitializeUserDetailsBeanManagerConfigurer$InitializeUserDetailsManagerConfigurer - Global AuthenticationManager configured with an AuthenticationProvider bean. UserDetailsService beans will not be used by Spring Security for automatically configuring username/password login. Consider removing the AuthenticationProvider bean. Alternatively, consider using the UserDetailsService in a manually instantiated DaoAuthenticationProvider. If the current configuration is intentional, to turn off this warning, increase the logging level of 'org.springframework.security.config.annotation.authentication.configuration.InitializeUserDetailsBeanManagerConfigurer' to ERROR
2026-07-19 22:40:26 INFO  o.s.b.a.e.web.EndpointLinksResolver - Exposing 3 endpoints beneath base path '/actuator'
2026-07-19 22:40:26 INFO  o.s.b.d.a.OptionalLiveReloadServer - LiveReload server is running on port 35729
2026-07-19 22:40:26 INFO  o.s.b.w.e.tomcat.TomcatWebServer - Tomcat started on port 8080 (http) with context path '/'
2026-07-19 22:40:26 INFO  com.parammart.ParamMartApplication - Started ParamMartApplication in 2.021 seconds (process running for 5862.486)
2026-07-19 22:40:26 INFO  o.s.b.d.a.ConditionEvaluationDeltaLoggingListener - Condition evaluation unchanged
2026-07-19 22:40:29 INFO  o.s.b.d.a.LocalDevToolsAutoConfiguration$RestartingClassPathChangeChangedEventListener - Restarting due to 5 class path changes (1 addition, 1 deletion, 3 modifications)
2026-07-19 22:40:29 INFO  o.s.b.w.e.tomcat.GracefulShutdown - Commencing graceful shutdown. Waiting for active requests to complete
2026-07-19 22:40:29 INFO  o.s.b.w.e.tomcat.GracefulShutdown - Graceful shutdown complete
2026-07-19 22:40:29 INFO  o.s.o.j.LocalContainerEntityManagerFactoryBean - Closing JPA EntityManagerFactory for persistence unit 'default'
2026-07-19 22:40:29 INFO  com.zaxxer.hikari.HikariDataSource - HikariPool-41 - Shutdown initiated...
2026-07-19 22:40:29 INFO  com.zaxxer.hikari.HikariDataSource - HikariPool-41 - Shutdown completed.
2026-07-19 22:40:30 INFO  com.parammart.ParamMartApplication - Starting ParamMartApplication using Java 21.0.8 with PID 15728 (C:\Users\HP\Music\PramMart\param-mart\target\classes started by HP in C:\Users\HP\Music\PramMart\param-mart)
2026-07-19 22:40:30 DEBUG com.parammart.ParamMartApplication - Running with Spring Boot v3.5.0, Spring v6.2.7
2026-07-19 22:40:30 INFO  com.parammart.ParamMartApplication - No active profile set, falling back to 1 default profile: "default"
2026-07-19 22:40:30 INFO  o.s.d.r.c.RepositoryConfigurationDelegate - Bootstrapping Spring Data JPA repositories in DEFAULT mode.
2026-07-19 22:40:30 INFO  o.s.d.r.c.RepositoryConfigurationDelegate - Finished Spring Data repository scanning in 26 ms. Found 9 JPA repository interfaces.
2026-07-19 22:40:30 INFO  o.s.b.w.e.tomcat.TomcatWebServer - Tomcat initialized with port 8080 (http)
2026-07-19 22:40:30 INFO  o.a.catalina.core.StandardService - Starting service [Tomcat]
2026-07-19 22:40:30 INFO  o.a.catalina.core.StandardEngine - Starting Servlet engine: [Apache Tomcat/10.1.41]
2026-07-19 22:40:30 INFO  o.a.c.c.C.[Tomcat-7].[localhost].[/] - Initializing Spring embedded WebApplicationContext
2026-07-19 22:40:30 INFO  o.s.b.w.s.c.ServletWebServerApplicationContext - Root WebApplicationContext: initialization completed in 618 ms
2026-07-19 22:40:30 INFO  o.h.jpa.internal.util.LogHelper - HHH000204: Processing PersistenceUnitInfo [name: default]
2026-07-19 22:40:30 INFO  o.h.c.i.RegionFactoryInitiator - HHH000026: Second-level cache disabled
2026-07-19 22:40:30 INFO  o.s.o.j.p.SpringPersistenceUnitInfo - No LoadTimeWeaver setup: ignoring JPA class transformer
2026-07-19 22:40:30 INFO  com.zaxxer.hikari.HikariDataSource - HikariPool-42 - Starting...
2026-07-19 22:40:30 INFO  com.zaxxer.hikari.pool.HikariPool - HikariPool-42 - Added connection com.mysql.cj.jdbc.ConnectionImpl@65b98f7b
2026-07-19 22:40:30 INFO  com.zaxxer.hikari.HikariDataSource - HikariPool-42 - Start completed.
2026-07-19 22:40:30 INFO  o.hibernate.orm.connections.pooling - HHH10001005: Database info:
	Database JDBC URL [Connecting through datasource 'HikariDataSource (HikariPool-42)']
	Database driver: undefined/unknown
	Database version: 8.0.46
	Autocommit mode: undefined/unknown
	Isolation level: undefined/unknown
	Minimum pool size: undefined/unknown
	Maximum pool size: undefined/unknown
2026-07-19 22:40:30 INFO  o.h.e.t.j.p.i.JtaPlatformInitiator - HHH000489: No JTA platform available (set 'hibernate.transaction.jta.platform' to enable JTA platform integration)
2026-07-19 22:40:31 INFO  o.s.o.j.LocalContainerEntityManagerFactoryBean - Initialized JPA EntityManagerFactory for persistence unit 'default'
2026-07-19 22:40:31 DEBUG c.p.security.JwtAuthenticationFilter - Filter 'jwtAuthenticationFilter' configured for use
2026-07-19 22:40:31 INFO  o.s.s.c.a.a.c.InitializeAuthenticationProviderBeanManagerConfigurer$InitializeAuthenticationProviderManagerConfigurer - Global AuthenticationManager configured with AuthenticationProvider bean with name authenticationProvider
2026-07-19 22:40:31 WARN  o.s.s.c.a.a.c.InitializeUserDetailsBeanManagerConfigurer$InitializeUserDetailsManagerConfigurer - Global AuthenticationManager configured with an AuthenticationProvider bean. UserDetailsService beans will not be used by Spring Security for automatically configuring username/password login. Consider removing the AuthenticationProvider bean. Alternatively, consider using the UserDetailsService in a manually instantiated DaoAuthenticationProvider. If the current configuration is intentional, to turn off this warning, increase the logging level of 'org.springframework.security.config.annotation.authentication.configuration.InitializeUserDetailsBeanManagerConfigurer' to ERROR
2026-07-19 22:40:31 INFO  o.s.b.a.e.web.EndpointLinksResolver - Exposing 3 endpoints beneath base path '/actuator'
2026-07-19 22:40:31 INFO  o.s.b.d.a.OptionalLiveReloadServer - LiveReload server is running on port 35729
2026-07-19 22:40:31 INFO  o.s.b.w.e.tomcat.TomcatWebServer - Tomcat started on port 8080 (http) with context path '/'
2026-07-19 22:40:31 INFO  com.parammart.ParamMartApplication - Started ParamMartApplication in 1.797 seconds (process running for 5867.92)
2026-07-19 22:40:31 INFO  o.s.b.d.a.ConditionEvaluationDeltaLoggingListener - Condition evaluation unchanged
2026-07-19 22:40:57 INFO  o.s.b.d.a.LocalDevToolsAutoConfiguration$RestartingClassPathChangeChangedEventListener - Restarting due to 1 class path change (1 addition, 0 deletions, 0 modifications)
2026-07-19 22:40:57 INFO  o.s.b.w.e.tomcat.GracefulShutdown - Commencing graceful shutdown. Waiting for active requests to complete
2026-07-19 22:40:57 INFO  o.s.b.w.e.tomcat.GracefulShutdown - Graceful shutdown complete
2026-07-19 22:40:57 INFO  o.s.o.j.LocalContainerEntityManagerFactoryBean - Closing JPA EntityManagerFactory for persistence unit 'default'
2026-07-19 22:40:57 INFO  com.zaxxer.hikari.HikariDataSource - HikariPool-42 - Shutdown initiated...
2026-07-19 22:40:57 INFO  com.zaxxer.hikari.HikariDataSource - HikariPool-42 - Shutdown completed.
2026-07-19 22:40:57 INFO  com.parammart.ParamMartApplication - Starting ParamMartApplication using Java 21.0.8 with PID 15728 (C:\Users\HP\Music\PramMart\param-mart\target\classes started by HP in C:\Users\HP\Music\PramMart\param-mart)
2026-07-19 22:40:57 DEBUG com.parammart.ParamMartApplication - Running with Spring Boot v3.5.0, Spring v6.2.7
2026-07-19 22:40:57 INFO  com.parammart.ParamMartApplication - No active profile set, falling back to 1 default profile: "default"
2026-07-19 22:40:57 INFO  o.s.d.r.c.RepositoryConfigurationDelegate - Bootstrapping Spring Data JPA repositories in DEFAULT mode.
2026-07-19 22:40:57 INFO  o.s.d.r.c.RepositoryConfigurationDelegate - Finished Spring Data repository scanning in 18 ms. Found 9 JPA repository interfaces.
2026-07-19 22:40:57 INFO  o.s.b.w.e.tomcat.TomcatWebServer - Tomcat initialized with port 8080 (http)
2026-07-19 22:40:57 INFO  o.a.catalina.core.StandardService - Starting service [Tomcat]
2026-07-19 22:40:57 INFO  o.a.catalina.core.StandardEngine - Starting Servlet engine: [Apache Tomcat/10.1.41]
2026-07-19 22:40:57 INFO  o.a.c.c.C.[Tomcat-7].[localhost].[/] - Initializing Spring embedded WebApplicationContext
2026-07-19 22:40:57 INFO  o.s.b.w.s.c.ServletWebServerApplicationContext - Root WebApplicationContext: initialization completed in 462 ms
2026-07-19 22:40:57 INFO  o.h.jpa.internal.util.LogHelper - HHH000204: Processing PersistenceUnitInfo [name: default]
2026-07-19 22:40:57 INFO  o.h.c.i.RegionFactoryInitiator - HHH000026: Second-level cache disabled
2026-07-19 22:40:57 INFO  o.s.o.j.p.SpringPersistenceUnitInfo - No LoadTimeWeaver setup: ignoring JPA class transformer
2026-07-19 22:40:57 INFO  com.zaxxer.hikari.HikariDataSource - HikariPool-43 - Starting...
2026-07-19 22:40:57 INFO  com.zaxxer.hikari.pool.HikariPool - HikariPool-43 - Added connection com.mysql.cj.jdbc.ConnectionImpl@78f77f13
2026-07-19 22:40:57 INFO  com.zaxxer.hikari.HikariDataSource - HikariPool-43 - Start completed.
2026-07-19 22:40:57 INFO  o.hibernate.orm.connections.pooling - HHH10001005: Database info:
	Database JDBC URL [Connecting through datasource 'HikariDataSource (HikariPool-43)']
	Database driver: undefined/unknown
	Database version: 8.0.46
	Autocommit mode: undefined/unknown
	Isolation level: undefined/unknown
	Minimum pool size: undefined/unknown
	Maximum pool size: undefined/unknown
2026-07-19 22:40:57 INFO  o.h.e.t.j.p.i.JtaPlatformInitiator - HHH000489: No JTA platform available (set 'hibernate.transaction.jta.platform' to enable JTA platform integration)
2026-07-19 22:40:58 INFO  o.s.o.j.LocalContainerEntityManagerFactoryBean - Initialized JPA EntityManagerFactory for persistence unit 'default'
2026-07-19 22:40:58 DEBUG c.p.security.JwtAuthenticationFilter - Filter 'jwtAuthenticationFilter' configured for use
2026-07-19 22:40:58 INFO  o.s.s.c.a.a.c.InitializeAuthenticationProviderBeanManagerConfigurer$InitializeAuthenticationProviderManagerConfigurer - Global AuthenticationManager configured with AuthenticationProvider bean with name authenticationProvider
2026-07-19 22:40:58 WARN  o.s.s.c.a.a.c.InitializeUserDetailsBeanManagerConfigurer$InitializeUserDetailsManagerConfigurer - Global AuthenticationManager configured with an AuthenticationProvider bean. UserDetailsService beans will not be used by Spring Security for automatically configuring username/password login. Consider removing the AuthenticationProvider bean. Alternatively, consider using the UserDetailsService in a manually instantiated DaoAuthenticationProvider. If the current configuration is intentional, to turn off this warning, increase the logging level of 'org.springframework.security.config.annotation.authentication.configuration.InitializeUserDetailsBeanManagerConfigurer' to ERROR
2026-07-19 22:40:58 INFO  o.s.b.a.e.web.EndpointLinksResolver - Exposing 3 endpoints beneath base path '/actuator'
2026-07-19 22:40:59 INFO  o.s.b.d.a.OptionalLiveReloadServer - LiveReload server is running on port 35729
2026-07-19 22:40:59 INFO  o.s.b.w.e.tomcat.TomcatWebServer - Tomcat started on port 8080 (http) with context path '/'
2026-07-19 22:40:59 INFO  com.parammart.ParamMartApplication - Started ParamMartApplication in 1.887 seconds (process running for 5895.091)
2026-07-19 22:40:59 INFO  o.s.b.d.a.ConditionEvaluationDeltaLoggingListener - Condition evaluation unchanged
2026-07-19 22:41:06 INFO  o.s.b.d.a.LocalDevToolsAutoConfiguration$RestartingClassPathChangeChangedEventListener - Restarting due to 5 class path changes (1 addition, 1 deletion, 3 modifications)
2026-07-19 22:41:06 INFO  o.s.b.w.e.tomcat.GracefulShutdown - Commencing graceful shutdown. Waiting for active requests to complete
2026-07-19 22:41:06 INFO  o.s.b.w.e.tomcat.GracefulShutdown - Graceful shutdown complete
2026-07-19 22:41:06 INFO  o.s.o.j.LocalContainerEntityManagerFactoryBean - Closing JPA EntityManagerFactory for persistence unit 'default'
2026-07-19 22:41:06 INFO  com.zaxxer.hikari.HikariDataSource - HikariPool-43 - Shutdown initiated...
2026-07-19 22:41:06 INFO  com.zaxxer.hikari.HikariDataSource - HikariPool-43 - Shutdown completed.
2026-07-19 22:41:09 INFO  com.parammart.ParamMartApplication - Starting ParamMartApplication using Java 21.0.8 with PID 15728 (C:\Users\HP\Music\PramMart\param-mart\target\classes started by HP in C:\Users\HP\Music\PramMart\param-mart)
2026-07-19 22:41:09 DEBUG com.parammart.ParamMartApplication - Running with Spring Boot v3.5.0, Spring v6.2.7
2026-07-19 22:41:09 INFO  com.parammart.ParamMartApplication - No active profile set, falling back to 1 default profile: "default"
2026-07-19 22:41:16 INFO  o.s.d.r.c.RepositoryConfigurationDelegate - Bootstrapping Spring Data JPA repositories in DEFAULT mode.
2026-07-19 22:41:16 INFO  o.s.d.r.c.RepositoryConfigurationDelegate - Finished Spring Data repository scanning in 40 ms. Found 9 JPA repository interfaces.
2026-07-19 22:41:16 INFO  o.s.b.w.e.tomcat.TomcatWebServer - Tomcat initialized with port 8080 (http)
2026-07-19 22:41:16 INFO  o.a.catalina.core.StandardService - Starting service [Tomcat]
2026-07-19 22:41:16 INFO  o.a.catalina.core.StandardEngine - Starting Servlet engine: [Apache Tomcat/10.1.41]
2026-07-19 22:41:16 INFO  o.a.c.c.C.[Tomcat-7].[localhost].[/] - Initializing Spring embedded WebApplicationContext
2026-07-19 22:41:16 INFO  o.s.b.w.s.c.ServletWebServerApplicationContext - Root WebApplicationContext: initialization completed in 6613 ms
2026-07-19 22:41:16 INFO  o.h.jpa.internal.util.LogHelper - HHH000204: Processing PersistenceUnitInfo [name: default]
2026-07-19 22:41:16 INFO  o.h.c.i.RegionFactoryInitiator - HHH000026: Second-level cache disabled
2026-07-19 22:41:16 INFO  o.s.o.j.p.SpringPersistenceUnitInfo - No LoadTimeWeaver setup: ignoring JPA class transformer
2026-07-19 22:41:16 INFO  com.zaxxer.hikari.HikariDataSource - HikariPool-44 - Starting...
2026-07-19 22:41:16 INFO  com.zaxxer.hikari.pool.HikariPool - HikariPool-44 - Added connection com.mysql.cj.jdbc.ConnectionImpl@44bb415
2026-07-19 22:41:16 INFO  com.zaxxer.hikari.HikariDataSource - HikariPool-44 - Start completed.
2026-07-19 22:41:16 INFO  o.hibernate.orm.connections.pooling - HHH10001005: Database info:
	Database JDBC URL [Connecting through datasource 'HikariDataSource (HikariPool-44)']
	Database driver: undefined/unknown
	Database version: 8.0.46
	Autocommit mode: undefined/unknown
	Isolation level: undefined/unknown
	Minimum pool size: undefined/unknown
	Maximum pool size: undefined/unknown
2026-07-19 22:41:16 INFO  o.h.e.t.j.p.i.JtaPlatformInitiator - HHH000489: No JTA platform available (set 'hibernate.transaction.jta.platform' to enable JTA platform integration)
2026-07-19 22:41:16 DEBUG org.hibernate.SQL - 
    create table payments (
        id bigint not null auto_increment,
        amount decimal(38,2) not null,
        payment_date datetime(6),
        payment_method enum ('COD','CREDIT_CARD','DEBIT_CARD','NET_BANKING','UPI'),
        payment_status enum ('FAILED','PENDING','REFUNDED','SUCCESS'),
        transaction_id varchar(255),
        order_id bigint,
        primary key (id)
    ) engine=InnoDB
2026-07-19 22:41:17 DEBUG org.hibernate.SQL - 
    alter table payments 
       drop index UKlryndveuwa4k5qthti0pkmtlx
2026-07-19 22:41:17 DEBUG org.hibernate.SQL - 
    alter table payments 
       add constraint UKlryndveuwa4k5qthti0pkmtlx unique (transaction_id)
2026-07-19 22:41:17 DEBUG org.hibernate.SQL - 
    alter table payments 
       add constraint FK81gagumt0r8y3rmudcgpbk42l 
       foreign key (order_id) 
       references orders (id)
2026-07-19 22:41:17 INFO  o.s.o.j.LocalContainerEntityManagerFactoryBean - Initialized JPA EntityManagerFactory for persistence unit 'default'
2026-07-19 22:41:17 DEBUG c.p.security.JwtAuthenticationFilter - Filter 'jwtAuthenticationFilter' configured for use
2026-07-19 22:41:17 INFO  o.s.s.c.a.a.c.InitializeAuthenticationProviderBeanManagerConfigurer$InitializeAuthenticationProviderManagerConfigurer - Global AuthenticationManager configured with AuthenticationProvider bean with name authenticationProvider
2026-07-19 22:41:17 WARN  o.s.s.c.a.a.c.InitializeUserDetailsBeanManagerConfigurer$InitializeUserDetailsManagerConfigurer - Global AuthenticationManager configured with an AuthenticationProvider bean. UserDetailsService beans will not be used by Spring Security for automatically configuring username/password login. Consider removing the AuthenticationProvider bean. Alternatively, consider using the UserDetailsService in a manually instantiated DaoAuthenticationProvider. If the current configuration is intentional, to turn off this warning, increase the logging level of 'org.springframework.security.config.annotation.authentication.configuration.InitializeUserDetailsBeanManagerConfigurer' to ERROR
2026-07-19 22:41:18 INFO  o.s.b.a.e.web.EndpointLinksResolver - Exposing 3 endpoints beneath base path '/actuator'
2026-07-19 22:41:19 INFO  o.s.b.d.a.OptionalLiveReloadServer - LiveReload server is running on port 35729
2026-07-19 22:41:19 INFO  o.s.b.w.e.tomcat.TomcatWebServer - Tomcat started on port 8080 (http) with context path '/'
2026-07-19 22:41:19 INFO  com.parammart.ParamMartApplication - Started ParamMartApplication in 12.426 seconds (process running for 5915.171)
2026-07-19 22:41:19 INFO  o.s.b.d.a.ConditionEvaluationDeltaLoggingListener - Condition evaluation unchanged
2026-07-19 22:41:34 INFO  o.s.b.d.a.LocalDevToolsAutoConfiguration$RestartingClassPathChangeChangedEventListener - Restarting due to 1 class path change (1 addition, 0 deletions, 0 modifications)
2026-07-19 22:41:34 INFO  o.s.b.w.e.tomcat.GracefulShutdown - Commencing graceful shutdown. Waiting for active requests to complete
2026-07-19 22:41:34 INFO  o.s.b.w.e.tomcat.GracefulShutdown - Graceful shutdown complete
2026-07-19 22:41:34 INFO  o.s.o.j.LocalContainerEntityManagerFactoryBean - Closing JPA EntityManagerFactory for persistence unit 'default'
2026-07-19 22:41:34 INFO  com.zaxxer.hikari.HikariDataSource - HikariPool-44 - Shutdown initiated...
2026-07-19 22:41:34 INFO  com.zaxxer.hikari.HikariDataSource - HikariPool-44 - Shutdown completed.
2026-07-19 22:41:35 INFO  com.parammart.ParamMartApplication - Starting ParamMartApplication using Java 21.0.8 with PID 15728 (C:\Users\HP\Music\PramMart\param-mart\target\classes started by HP in C:\Users\HP\Music\PramMart\param-mart)
2026-07-19 22:41:35 DEBUG com.parammart.ParamMartApplication - Running with Spring Boot v3.5.0, Spring v6.2.7
2026-07-19 22:41:35 INFO  com.parammart.ParamMartApplication - No active profile set, falling back to 1 default profile: "default"
2026-07-19 22:41:35 INFO  o.s.d.r.c.RepositoryConfigurationDelegate - Bootstrapping Spring Data JPA repositories in DEFAULT mode.
2026-07-19 22:41:35 INFO  o.s.d.r.c.RepositoryConfigurationDelegate - Finished Spring Data repository scanning in 21 ms. Found 9 JPA repository interfaces.
2026-07-19 22:41:35 INFO  o.s.b.w.e.tomcat.TomcatWebServer - Tomcat initialized with port 8080 (http)
2026-07-19 22:41:35 INFO  o.a.catalina.core.StandardService - Starting service [Tomcat]
2026-07-19 22:41:35 INFO  o.a.catalina.core.StandardEngine - Starting Servlet engine: [Apache Tomcat/10.1.41]
2026-07-19 22:41:35 INFO  o.a.c.c.C.[Tomcat-7].[localhost].[/] - Initializing Spring embedded WebApplicationContext
2026-07-19 22:41:35 INFO  o.s.b.w.s.c.ServletWebServerApplicationContext - Root WebApplicationContext: initialization completed in 668 ms
2026-07-19 22:41:35 INFO  o.h.jpa.internal.util.LogHelper - HHH000204: Processing PersistenceUnitInfo [name: default]
2026-07-19 22:41:35 INFO  o.h.c.i.RegionFactoryInitiator - HHH000026: Second-level cache disabled
2026-07-19 22:41:35 INFO  o.s.o.j.p.SpringPersistenceUnitInfo - No LoadTimeWeaver setup: ignoring JPA class transformer
2026-07-19 22:41:35 INFO  com.zaxxer.hikari.HikariDataSource - HikariPool-45 - Starting...
2026-07-19 22:41:35 INFO  com.zaxxer.hikari.pool.HikariPool - HikariPool-45 - Added connection com.mysql.cj.jdbc.ConnectionImpl@23c84dc5
2026-07-19 22:41:35 INFO  com.zaxxer.hikari.HikariDataSource - HikariPool-45 - Start completed.
2026-07-19 22:41:35 INFO  o.hibernate.orm.connections.pooling - HHH10001005: Database info:
	Database JDBC URL [Connecting through datasource 'HikariDataSource (HikariPool-45)']
	Database driver: undefined/unknown
	Database version: 8.0.46
	Autocommit mode: undefined/unknown
	Isolation level: undefined/unknown
	Minimum pool size: undefined/unknown
	Maximum pool size: undefined/unknown
2026-07-19 22:41:35 INFO  o.h.e.t.j.p.i.JtaPlatformInitiator - HHH000489: No JTA platform available (set 'hibernate.transaction.jta.platform' to enable JTA platform integration)
2026-07-19 22:41:36 INFO  o.s.o.j.LocalContainerEntityManagerFactoryBean - Initialized JPA EntityManagerFactory for persistence unit 'default'
2026-07-19 22:41:36 DEBUG c.p.security.JwtAuthenticationFilter - Filter 'jwtAuthenticationFilter' configured for use
2026-07-19 22:41:36 INFO  o.s.s.c.a.a.c.InitializeAuthenticationProviderBeanManagerConfigurer$InitializeAuthenticationProviderManagerConfigurer - Global AuthenticationManager configured with AuthenticationProvider bean with name authenticationProvider
2026-07-19 22:41:36 WARN  o.s.s.c.a.a.c.InitializeUserDetailsBeanManagerConfigurer$InitializeUserDetailsManagerConfigurer - Global AuthenticationManager configured with an AuthenticationProvider bean. UserDetailsService beans will not be used by Spring Security for automatically configuring username/password login. Consider removing the AuthenticationProvider bean. Alternatively, consider using the UserDetailsService in a manually instantiated DaoAuthenticationProvider. If the current configuration is intentional, to turn off this warning, increase the logging level of 'org.springframework.security.config.annotation.authentication.configuration.InitializeUserDetailsBeanManagerConfigurer' to ERROR
2026-07-19 22:41:36 INFO  o.s.b.a.e.web.EndpointLinksResolver - Exposing 3 endpoints beneath base path '/actuator'
2026-07-19 22:41:36 INFO  o.s.b.d.a.OptionalLiveReloadServer - LiveReload server is running on port 35729
2026-07-19 22:41:36 INFO  o.s.b.w.e.tomcat.TomcatWebServer - Tomcat started on port 8080 (http) with context path '/'
2026-07-19 22:41:36 INFO  com.parammart.ParamMartApplication - Started ParamMartApplication in 1.673 seconds (process running for 5932.784)
2026-07-19 22:41:36 INFO  o.s.b.d.a.ConditionEvaluationDeltaLoggingListener - Condition evaluation unchanged
2026-07-19 22:41:41 INFO  o.s.b.d.a.LocalDevToolsAutoConfiguration$RestartingClassPathChangeChangedEventListener - Restarting due to 5 class path changes (1 addition, 1 deletion, 3 modifications)
2026-07-19 22:41:41 INFO  o.s.b.w.e.tomcat.GracefulShutdown - Commencing graceful shutdown. Waiting for active requests to complete
2026-07-19 22:41:41 INFO  o.s.b.w.e.tomcat.GracefulShutdown - Graceful shutdown complete
2026-07-19 22:41:41 INFO  o.s.o.j.LocalContainerEntityManagerFactoryBean - Closing JPA EntityManagerFactory for persistence unit 'default'
2026-07-19 22:41:41 INFO  com.zaxxer.hikari.HikariDataSource - HikariPool-45 - Shutdown initiated...
2026-07-19 22:41:41 INFO  com.zaxxer.hikari.HikariDataSource - HikariPool-45 - Shutdown completed.
2026-07-19 22:41:41 INFO  com.parammart.ParamMartApplication - Starting ParamMartApplication using Java 21.0.8 with PID 15728 (C:\Users\HP\Music\PramMart\param-mart\target\classes started by HP in C:\Users\HP\Music\PramMart\param-mart)
2026-07-19 22:41:41 DEBUG com.parammart.ParamMartApplication - Running with Spring Boot v3.5.0, Spring v6.2.7
2026-07-19 22:41:41 INFO  com.parammart.ParamMartApplication - No active profile set, falling back to 1 default profile: "default"
2026-07-19 22:41:42 INFO  o.s.d.r.c.RepositoryConfigurationDelegate - Bootstrapping Spring Data JPA repositories in DEFAULT mode.
2026-07-19 22:41:42 INFO  o.s.d.r.c.RepositoryConfigurationDelegate - Finished Spring Data repository scanning in 25 ms. Found 9 JPA repository interfaces.
2026-07-19 22:41:42 INFO  o.s.b.w.e.tomcat.TomcatWebServer - Tomcat initialized with port 8080 (http)
2026-07-19 22:41:42 INFO  o.a.catalina.core.StandardService - Starting service [Tomcat]
2026-07-19 22:41:42 INFO  o.a.catalina.core.StandardEngine - Starting Servlet engine: [Apache Tomcat/10.1.41]
2026-07-19 22:41:42 INFO  o.a.c.c.C.[Tomcat-7].[localhost].[/] - Initializing Spring embedded WebApplicationContext
2026-07-19 22:41:42 INFO  o.s.b.w.s.c.ServletWebServerApplicationContext - Root WebApplicationContext: initialization completed in 651 ms
2026-07-19 22:41:42 INFO  o.h.jpa.internal.util.LogHelper - HHH000204: Processing PersistenceUnitInfo [name: default]
2026-07-19 22:41:42 INFO  o.h.c.i.RegionFactoryInitiator - HHH000026: Second-level cache disabled
2026-07-19 22:41:42 INFO  o.s.o.j.p.SpringPersistenceUnitInfo - No LoadTimeWeaver setup: ignoring JPA class transformer
2026-07-19 22:41:42 INFO  com.zaxxer.hikari.HikariDataSource - HikariPool-46 - Starting...
2026-07-19 22:41:42 INFO  com.zaxxer.hikari.pool.HikariPool - HikariPool-46 - Added connection com.mysql.cj.jdbc.ConnectionImpl@6c31bd3b
2026-07-19 22:41:42 INFO  com.zaxxer.hikari.HikariDataSource - HikariPool-46 - Start completed.
2026-07-19 22:41:42 INFO  o.hibernate.orm.connections.pooling - HHH10001005: Database info:
	Database JDBC URL [Connecting through datasource 'HikariDataSource (HikariPool-46)']
	Database driver: undefined/unknown
	Database version: 8.0.46
	Autocommit mode: undefined/unknown
	Isolation level: undefined/unknown
	Minimum pool size: undefined/unknown
	Maximum pool size: undefined/unknown
2026-07-19 22:41:42 INFO  o.h.e.t.j.p.i.JtaPlatformInitiator - HHH000489: No JTA platform available (set 'hibernate.transaction.jta.platform' to enable JTA platform integration)
2026-07-19 22:41:42 INFO  o.s.o.j.LocalContainerEntityManagerFactoryBean - Initialized JPA EntityManagerFactory for persistence unit 'default'
2026-07-19 22:41:43 DEBUG c.p.security.JwtAuthenticationFilter - Filter 'jwtAuthenticationFilter' configured for use
2026-07-19 22:41:43 INFO  o.s.s.c.a.a.c.InitializeAuthenticationProviderBeanManagerConfigurer$InitializeAuthenticationProviderManagerConfigurer - Global AuthenticationManager configured with AuthenticationProvider bean with name authenticationProvider
2026-07-19 22:41:43 WARN  o.s.s.c.a.a.c.InitializeUserDetailsBeanManagerConfigurer$InitializeUserDetailsManagerConfigurer - Global AuthenticationManager configured with an AuthenticationProvider bean. UserDetailsService beans will not be used by Spring Security for automatically configuring username/password login. Consider removing the AuthenticationProvider bean. Alternatively, consider using the UserDetailsService in a manually instantiated DaoAuthenticationProvider. If the current configuration is intentional, to turn off this warning, increase the logging level of 'org.springframework.security.config.annotation.authentication.configuration.InitializeUserDetailsBeanManagerConfigurer' to ERROR
2026-07-19 22:41:43 INFO  o.s.b.a.e.web.EndpointLinksResolver - Exposing 3 endpoints beneath base path '/actuator'
2026-07-19 22:41:43 INFO  o.s.b.d.a.OptionalLiveReloadServer - LiveReload server is running on port 35729
2026-07-19 22:41:43 INFO  o.s.b.w.e.tomcat.TomcatWebServer - Tomcat started on port 8080 (http) with context path '/'
2026-07-19 22:41:43 INFO  com.parammart.ParamMartApplication - Started ParamMartApplication in 2.098 seconds (process running for 5939.984)
2026-07-19 22:41:43 INFO  o.s.b.d.a.ConditionEvaluationDeltaLoggingListener - Condition evaluation unchanged
2026-07-19 22:41:49 INFO  o.s.b.d.a.LocalDevToolsAutoConfiguration$RestartingClassPathChangeChangedEventListener - Restarting due to 4 class path changes (0 additions, 1 deletion, 3 modifications)
2026-07-19 22:41:49 INFO  o.s.b.w.e.tomcat.GracefulShutdown - Commencing graceful shutdown. Waiting for active requests to complete
2026-07-19 22:41:49 INFO  o.s.b.w.e.tomcat.GracefulShutdown - Graceful shutdown complete
2026-07-19 22:41:49 INFO  o.s.o.j.LocalContainerEntityManagerFactoryBean - Closing JPA EntityManagerFactory for persistence unit 'default'
2026-07-19 22:41:49 INFO  com.zaxxer.hikari.HikariDataSource - HikariPool-46 - Shutdown initiated...
2026-07-19 22:41:49 INFO  com.zaxxer.hikari.HikariDataSource - HikariPool-46 - Shutdown completed.
2026-07-19 22:41:50 INFO  com.parammart.ParamMartApplication - Starting ParamMartApplication using Java 21.0.8 with PID 15728 (C:\Users\HP\Music\PramMart\param-mart\target\classes started by HP in C:\Users\HP\Music\PramMart\param-mart)
2026-07-19 22:41:50 DEBUG com.parammart.ParamMartApplication - Running with Spring Boot v3.5.0, Spring v6.2.7
2026-07-19 22:41:50 INFO  com.parammart.ParamMartApplication - No active profile set, falling back to 1 default profile: "default"
2026-07-19 22:41:51 INFO  o.s.d.r.c.RepositoryConfigurationDelegate - Bootstrapping Spring Data JPA repositories in DEFAULT mode.
2026-07-19 22:41:51 INFO  o.s.d.r.c.RepositoryConfigurationDelegate - Finished Spring Data repository scanning in 291 ms. Found 9 JPA repository interfaces.
2026-07-19 22:41:52 INFO  o.s.b.w.e.tomcat.TomcatWebServer - Tomcat initialized with port 8080 (http)
2026-07-19 22:41:52 INFO  o.a.catalina.core.StandardService - Starting service [Tomcat]
2026-07-19 22:41:52 INFO  o.a.catalina.core.StandardEngine - Starting Servlet engine: [Apache Tomcat/10.1.41]
2026-07-19 22:41:52 INFO  o.a.c.c.C.[Tomcat-7].[localhost].[/] - Initializing Spring embedded WebApplicationContext
2026-07-19 22:41:52 INFO  o.s.b.w.s.c.ServletWebServerApplicationContext - Root WebApplicationContext: initialization completed in 1869 ms
2026-07-19 22:41:52 INFO  o.h.jpa.internal.util.LogHelper - HHH000204: Processing PersistenceUnitInfo [name: default]
2026-07-19 22:41:52 INFO  o.h.c.i.RegionFactoryInitiator - HHH000026: Second-level cache disabled
2026-07-19 22:41:52 INFO  o.s.o.j.p.SpringPersistenceUnitInfo - No LoadTimeWeaver setup: ignoring JPA class transformer
2026-07-19 22:41:52 INFO  com.zaxxer.hikari.HikariDataSource - HikariPool-47 - Starting...
2026-07-19 22:41:52 INFO  com.zaxxer.hikari.pool.HikariPool - HikariPool-47 - Added connection com.mysql.cj.jdbc.ConnectionImpl@384378dc
2026-07-19 22:41:52 INFO  com.zaxxer.hikari.HikariDataSource - HikariPool-47 - Start completed.
2026-07-19 22:41:52 INFO  o.hibernate.orm.connections.pooling - HHH10001005: Database info:
	Database JDBC URL [Connecting through datasource 'HikariDataSource (HikariPool-47)']
	Database driver: undefined/unknown
	Database version: 8.0.46
	Autocommit mode: undefined/unknown
	Isolation level: undefined/unknown
	Minimum pool size: undefined/unknown
	Maximum pool size: undefined/unknown
2026-07-19 22:41:52 INFO  o.h.e.t.j.p.i.JtaPlatformInitiator - HHH000489: No JTA platform available (set 'hibernate.transaction.jta.platform' to enable JTA platform integration)
2026-07-19 22:41:52 INFO  o.s.o.j.LocalContainerEntityManagerFactoryBean - Initialized JPA EntityManagerFactory for persistence unit 'default'
2026-07-19 22:41:52 DEBUG c.p.security.JwtAuthenticationFilter - Filter 'jwtAuthenticationFilter' configured for use
2026-07-19 22:41:52 INFO  o.s.s.c.a.a.c.InitializeAuthenticationProviderBeanManagerConfigurer$InitializeAuthenticationProviderManagerConfigurer - Global AuthenticationManager configured with AuthenticationProvider bean with name authenticationProvider
2026-07-19 22:41:52 WARN  o.s.s.c.a.a.c.InitializeUserDetailsBeanManagerConfigurer$InitializeUserDetailsManagerConfigurer - Global AuthenticationManager configured with an AuthenticationProvider bean. UserDetailsService beans will not be used by Spring Security for automatically configuring username/password login. Consider removing the AuthenticationProvider bean. Alternatively, consider using the UserDetailsService in a manually instantiated DaoAuthenticationProvider. If the current configuration is intentional, to turn off this warning, increase the logging level of 'org.springframework.security.config.annotation.authentication.configuration.InitializeUserDetailsBeanManagerConfigurer' to ERROR
2026-07-19 22:41:53 INFO  o.s.b.a.e.web.EndpointLinksResolver - Exposing 3 endpoints beneath base path '/actuator'
2026-07-19 22:41:53 INFO  o.s.b.d.a.OptionalLiveReloadServer - LiveReload server is running on port 35729
2026-07-19 22:41:53 INFO  o.s.b.w.e.tomcat.TomcatWebServer - Tomcat started on port 8080 (http) with context path '/'
2026-07-19 22:41:53 INFO  com.parammart.ParamMartApplication - Started ParamMartApplication in 3.135 seconds (process running for 5949.498)
2026-07-19 22:41:53 INFO  o.s.b.d.a.ConditionEvaluationDeltaLoggingListener - Condition evaluation unchanged
2026-07-19 22:42:14 INFO  o.s.b.d.a.LocalDevToolsAutoConfiguration$RestartingClassPathChangeChangedEventListener - Restarting due to 1 class path change (1 addition, 0 deletions, 0 modifications)
2026-07-19 22:42:14 INFO  o.s.b.w.e.tomcat.GracefulShutdown - Commencing graceful shutdown. Waiting for active requests to complete
2026-07-19 22:42:14 INFO  o.s.b.w.e.tomcat.GracefulShutdown - Graceful shutdown complete
2026-07-19 22:42:14 INFO  o.s.o.j.LocalContainerEntityManagerFactoryBean - Closing JPA EntityManagerFactory for persistence unit 'default'
2026-07-19 22:42:14 INFO  com.zaxxer.hikari.HikariDataSource - HikariPool-47 - Shutdown initiated...
2026-07-19 22:42:14 INFO  com.zaxxer.hikari.HikariDataSource - HikariPool-47 - Shutdown completed.
2026-07-19 22:42:14 INFO  com.parammart.ParamMartApplication - Starting ParamMartApplication using Java 21.0.8 with PID 15728 (C:\Users\HP\Music\PramMart\param-mart\target\classes started by HP in C:\Users\HP\Music\PramMart\param-mart)
2026-07-19 22:42:14 DEBUG com.parammart.ParamMartApplication - Running with Spring Boot v3.5.0, Spring v6.2.7
2026-07-19 22:42:14 INFO  com.parammart.ParamMartApplication - No active profile set, falling back to 1 default profile: "default"
2026-07-19 22:42:14 INFO  o.s.d.r.c.RepositoryConfigurationDelegate - Bootstrapping Spring Data JPA repositories in DEFAULT mode.
2026-07-19 22:42:14 INFO  o.s.d.r.c.RepositoryConfigurationDelegate - Finished Spring Data repository scanning in 25 ms. Found 9 JPA repository interfaces.
2026-07-19 22:42:14 INFO  o.s.b.w.e.tomcat.TomcatWebServer - Tomcat initialized with port 8080 (http)
2026-07-19 22:42:14 INFO  o.a.catalina.core.StandardService - Starting service [Tomcat]
2026-07-19 22:42:14 INFO  o.a.catalina.core.StandardEngine - Starting Servlet engine: [Apache Tomcat/10.1.41]
2026-07-19 22:42:14 INFO  o.a.c.c.C.[Tomcat-7].[localhost].[/] - Initializing Spring embedded WebApplicationContext
2026-07-19 22:42:14 INFO  o.s.b.w.s.c.ServletWebServerApplicationContext - Root WebApplicationContext: initialization completed in 412 ms
2026-07-19 22:42:15 INFO  o.h.jpa.internal.util.LogHelper - HHH000204: Processing PersistenceUnitInfo [name: default]
2026-07-19 22:42:15 INFO  o.h.c.i.RegionFactoryInitiator - HHH000026: Second-level cache disabled
2026-07-19 22:42:15 INFO  o.s.o.j.p.SpringPersistenceUnitInfo - No LoadTimeWeaver setup: ignoring JPA class transformer
2026-07-19 22:42:15 INFO  com.zaxxer.hikari.HikariDataSource - HikariPool-48 - Starting...
2026-07-19 22:42:15 INFO  com.zaxxer.hikari.pool.HikariPool - HikariPool-48 - Added connection com.mysql.cj.jdbc.ConnectionImpl@644baaf4
2026-07-19 22:42:15 INFO  com.zaxxer.hikari.HikariDataSource - HikariPool-48 - Start completed.
2026-07-19 22:42:15 INFO  o.hibernate.orm.connections.pooling - HHH10001005: Database info:
	Database JDBC URL [Connecting through datasource 'HikariDataSource (HikariPool-48)']
	Database driver: undefined/unknown
	Database version: 8.0.46
	Autocommit mode: undefined/unknown
	Isolation level: undefined/unknown
	Minimum pool size: undefined/unknown
	Maximum pool size: undefined/unknown
2026-07-19 22:42:15 INFO  o.h.e.t.j.p.i.JtaPlatformInitiator - HHH000489: No JTA platform available (set 'hibernate.transaction.jta.platform' to enable JTA platform integration)
2026-07-19 22:42:15 INFO  o.s.o.j.LocalContainerEntityManagerFactoryBean - Initialized JPA EntityManagerFactory for persistence unit 'default'
2026-07-19 22:42:15 DEBUG c.p.security.JwtAuthenticationFilter - Filter 'jwtAuthenticationFilter' configured for use
2026-07-19 22:42:15 INFO  o.s.s.c.a.a.c.InitializeAuthenticationProviderBeanManagerConfigurer$InitializeAuthenticationProviderManagerConfigurer - Global AuthenticationManager configured with AuthenticationProvider bean with name authenticationProvider
2026-07-19 22:42:15 WARN  o.s.s.c.a.a.c.InitializeUserDetailsBeanManagerConfigurer$InitializeUserDetailsManagerConfigurer - Global AuthenticationManager configured with an AuthenticationProvider bean. UserDetailsService beans will not be used by Spring Security for automatically configuring username/password login. Consider removing the AuthenticationProvider bean. Alternatively, consider using the UserDetailsService in a manually instantiated DaoAuthenticationProvider. If the current configuration is intentional, to turn off this warning, increase the logging level of 'org.springframework.security.config.annotation.authentication.configuration.InitializeUserDetailsBeanManagerConfigurer' to ERROR
2026-07-19 22:42:15 INFO  o.s.b.a.e.web.EndpointLinksResolver - Exposing 3 endpoints beneath base path '/actuator'
2026-07-19 22:42:15 INFO  o.s.b.d.a.OptionalLiveReloadServer - LiveReload server is running on port 35729
2026-07-19 22:42:15 INFO  o.s.b.w.e.tomcat.TomcatWebServer - Tomcat started on port 8080 (http) with context path '/'
2026-07-19 22:42:15 INFO  com.parammart.ParamMartApplication - Started ParamMartApplication in 1.367 seconds (process running for 5971.966)
2026-07-19 22:42:15 INFO  o.s.b.d.a.ConditionEvaluationDeltaLoggingListener - Condition evaluation unchanged
2026-07-19 22:42:21 INFO  o.s.b.d.a.LocalDevToolsAutoConfiguration$RestartingClassPathChangeChangedEventListener - Restarting due to 5 class path changes (1 addition, 1 deletion, 3 modifications)
2026-07-19 22:42:21 INFO  o.s.b.w.e.tomcat.GracefulShutdown - Commencing graceful shutdown. Waiting for active requests to complete
2026-07-19 22:42:21 INFO  o.s.b.w.e.tomcat.GracefulShutdown - Graceful shutdown complete
2026-07-19 22:42:21 INFO  o.s.o.j.LocalContainerEntityManagerFactoryBean - Closing JPA EntityManagerFactory for persistence unit 'default'
2026-07-19 22:42:21 INFO  com.zaxxer.hikari.HikariDataSource - HikariPool-48 - Shutdown initiated...
2026-07-19 22:42:21 INFO  com.zaxxer.hikari.HikariDataSource - HikariPool-48 - Shutdown completed.
2026-07-19 22:42:21 INFO  com.parammart.ParamMartApplication - Starting ParamMartApplication using Java 21.0.8 with PID 15728 (C:\Users\HP\Music\PramMart\param-mart\target\classes started by HP in C:\Users\HP\Music\PramMart\param-mart)
2026-07-19 22:42:21 DEBUG com.parammart.ParamMartApplication - Running with Spring Boot v3.5.0, Spring v6.2.7
2026-07-19 22:42:21 INFO  com.parammart.ParamMartApplication - No active profile set, falling back to 1 default profile: "default"
2026-07-19 22:42:22 INFO  o.s.d.r.c.RepositoryConfigurationDelegate - Bootstrapping Spring Data JPA repositories in DEFAULT mode.
2026-07-19 22:42:22 INFO  o.s.d.r.c.RepositoryConfigurationDelegate - Finished Spring Data repository scanning in 80 ms. Found 10 JPA repository interfaces.
2026-07-19 22:42:22 INFO  o.s.b.w.e.tomcat.TomcatWebServer - Tomcat initialized with port 8080 (http)
2026-07-19 22:42:22 INFO  o.a.catalina.core.StandardService - Starting service [Tomcat]
2026-07-19 22:42:22 INFO  o.a.catalina.core.StandardEngine - Starting Servlet engine: [Apache Tomcat/10.1.41]
2026-07-19 22:42:23 INFO  o.a.c.c.C.[Tomcat-7].[localhost].[/] - Initializing Spring embedded WebApplicationContext
2026-07-19 22:42:23 INFO  o.s.b.w.s.c.ServletWebServerApplicationContext - Root WebApplicationContext: initialization completed in 1378 ms
2026-07-19 22:42:23 INFO  o.h.jpa.internal.util.LogHelper - HHH000204: Processing PersistenceUnitInfo [name: default]
2026-07-19 22:42:23 INFO  o.h.c.i.RegionFactoryInitiator - HHH000026: Second-level cache disabled
2026-07-19 22:42:23 INFO  o.s.o.j.p.SpringPersistenceUnitInfo - No LoadTimeWeaver setup: ignoring JPA class transformer
2026-07-19 22:42:23 INFO  com.zaxxer.hikari.HikariDataSource - HikariPool-49 - Starting...
2026-07-19 22:42:23 INFO  com.zaxxer.hikari.pool.HikariPool - HikariPool-49 - Added connection com.mysql.cj.jdbc.ConnectionImpl@143141d9
2026-07-19 22:42:23 INFO  com.zaxxer.hikari.HikariDataSource - HikariPool-49 - Start completed.
2026-07-19 22:42:23 INFO  o.hibernate.orm.connections.pooling - HHH10001005: Database info:
	Database JDBC URL [Connecting through datasource 'HikariDataSource (HikariPool-49)']
	Database driver: undefined/unknown
	Database version: 8.0.46
	Autocommit mode: undefined/unknown
	Isolation level: undefined/unknown
	Minimum pool size: undefined/unknown
	Maximum pool size: undefined/unknown
2026-07-19 22:42:23 INFO  o.h.e.t.j.p.i.JtaPlatformInitiator - HHH000489: No JTA platform available (set 'hibernate.transaction.jta.platform' to enable JTA platform integration)
2026-07-19 22:42:23 INFO  o.s.o.j.LocalContainerEntityManagerFactoryBean - Initialized JPA EntityManagerFactory for persistence unit 'default'
2026-07-19 22:42:23 DEBUG c.p.security.JwtAuthenticationFilter - Filter 'jwtAuthenticationFilter' configured for use
2026-07-19 22:42:23 INFO  o.s.s.c.a.a.c.InitializeAuthenticationProviderBeanManagerConfigurer$InitializeAuthenticationProviderManagerConfigurer - Global AuthenticationManager configured with AuthenticationProvider bean with name authenticationProvider
2026-07-19 22:42:23 WARN  o.s.s.c.a.a.c.InitializeUserDetailsBeanManagerConfigurer$InitializeUserDetailsManagerConfigurer - Global AuthenticationManager configured with an AuthenticationProvider bean. UserDetailsService beans will not be used by Spring Security for automatically configuring username/password login. Consider removing the AuthenticationProvider bean. Alternatively, consider using the UserDetailsService in a manually instantiated DaoAuthenticationProvider. If the current configuration is intentional, to turn off this warning, increase the logging level of 'org.springframework.security.config.annotation.authentication.configuration.InitializeUserDetailsBeanManagerConfigurer' to ERROR
2026-07-19 22:42:24 INFO  o.s.b.a.e.web.EndpointLinksResolver - Exposing 3 endpoints beneath base path '/actuator'
2026-07-19 22:42:24 INFO  o.s.b.d.a.OptionalLiveReloadServer - LiveReload server is running on port 35729
2026-07-19 22:42:24 INFO  o.s.b.w.e.tomcat.TomcatWebServer - Tomcat started on port 8080 (http) with context path '/'
2026-07-19 22:42:24 INFO  com.parammart.ParamMartApplication - Started ParamMartApplication in 3.082 seconds (process running for 5980.754)
2026-07-19 22:42:24 INFO  o.s.b.d.a.ConditionEvaluationDeltaLoggingListener - Condition evaluation unchanged
2026-07-19 22:42:33 INFO  o.s.b.d.a.LocalDevToolsAutoConfiguration$RestartingClassPathChangeChangedEventListener - Restarting due to 1 class path change (1 addition, 0 deletions, 0 modifications)
2026-07-19 22:42:33 INFO  o.s.b.w.e.tomcat.GracefulShutdown - Commencing graceful shutdown. Waiting for active requests to complete
2026-07-19 22:42:33 INFO  o.s.b.w.e.tomcat.GracefulShutdown - Graceful shutdown complete
2026-07-19 22:42:33 INFO  o.s.o.j.LocalContainerEntityManagerFactoryBean - Closing JPA EntityManagerFactory for persistence unit 'default'
2026-07-19 22:42:33 INFO  com.zaxxer.hikari.HikariDataSource - HikariPool-49 - Shutdown initiated...
2026-07-19 22:42:33 INFO  com.zaxxer.hikari.HikariDataSource - HikariPool-49 - Shutdown completed.
2026-07-19 22:42:33 INFO  com.parammart.ParamMartApplication - Starting ParamMartApplication using Java 21.0.8 with PID 15728 (C:\Users\HP\Music\PramMart\param-mart\target\classes started by HP in C:\Users\HP\Music\PramMart\param-mart)
2026-07-19 22:42:33 DEBUG com.parammart.ParamMartApplication - Running with Spring Boot v3.5.0, Spring v6.2.7
2026-07-19 22:42:33 INFO  com.parammart.ParamMartApplication - No active profile set, falling back to 1 default profile: "default"
2026-07-19 22:42:33 INFO  o.s.d.r.c.RepositoryConfigurationDelegate - Bootstrapping Spring Data JPA repositories in DEFAULT mode.
2026-07-19 22:42:33 INFO  o.s.d.r.c.RepositoryConfigurationDelegate - Finished Spring Data repository scanning in 18 ms. Found 10 JPA repository interfaces.
2026-07-19 22:42:33 INFO  o.s.b.w.e.tomcat.TomcatWebServer - Tomcat initialized with port 8080 (http)
2026-07-19 22:42:33 INFO  o.a.catalina.core.StandardService - Starting service [Tomcat]
2026-07-19 22:42:33 INFO  o.a.catalina.core.StandardEngine - Starting Servlet engine: [Apache Tomcat/10.1.41]
2026-07-19 22:42:33 INFO  o.a.c.c.C.[Tomcat-7].[localhost].[/] - Initializing Spring embedded WebApplicationContext
2026-07-19 22:42:33 INFO  o.s.b.w.s.c.ServletWebServerApplicationContext - Root WebApplicationContext: initialization completed in 352 ms
2026-07-19 22:42:33 INFO  o.h.jpa.internal.util.LogHelper - HHH000204: Processing PersistenceUnitInfo [name: default]
2026-07-19 22:42:33 INFO  o.h.c.i.RegionFactoryInitiator - HHH000026: Second-level cache disabled
2026-07-19 22:42:33 INFO  o.s.o.j.p.SpringPersistenceUnitInfo - No LoadTimeWeaver setup: ignoring JPA class transformer
2026-07-19 22:42:33 INFO  com.zaxxer.hikari.HikariDataSource - HikariPool-50 - Starting...
2026-07-19 22:42:33 INFO  com.zaxxer.hikari.pool.HikariPool - HikariPool-50 - Added connection com.mysql.cj.jdbc.ConnectionImpl@5fb2f36
2026-07-19 22:42:33 INFO  com.zaxxer.hikari.HikariDataSource - HikariPool-50 - Start completed.
2026-07-19 22:42:33 INFO  o.hibernate.orm.connections.pooling - HHH10001005: Database info:
	Database JDBC URL [Connecting through datasource 'HikariDataSource (HikariPool-50)']
	Database driver: undefined/unknown
	Database version: 8.0.46
	Autocommit mode: undefined/unknown
	Isolation level: undefined/unknown
	Minimum pool size: undefined/unknown
	Maximum pool size: undefined/unknown
2026-07-19 22:42:34 INFO  o.h.e.t.j.p.i.JtaPlatformInitiator - HHH000489: No JTA platform available (set 'hibernate.transaction.jta.platform' to enable JTA platform integration)
2026-07-19 22:42:34 INFO  o.s.o.j.LocalContainerEntityManagerFactoryBean - Initialized JPA EntityManagerFactory for persistence unit 'default'
2026-07-19 22:42:34 DEBUG c.p.security.JwtAuthenticationFilter - Filter 'jwtAuthenticationFilter' configured for use
2026-07-19 22:42:34 INFO  o.s.s.c.a.a.c.InitializeAuthenticationProviderBeanManagerConfigurer$InitializeAuthenticationProviderManagerConfigurer - Global AuthenticationManager configured with AuthenticationProvider bean with name authenticationProvider
2026-07-19 22:42:34 WARN  o.s.s.c.a.a.c.InitializeUserDetailsBeanManagerConfigurer$InitializeUserDetailsManagerConfigurer - Global AuthenticationManager configured with an AuthenticationProvider bean. UserDetailsService beans will not be used by Spring Security for automatically configuring username/password login. Consider removing the AuthenticationProvider bean. Alternatively, consider using the UserDetailsService in a manually instantiated DaoAuthenticationProvider. If the current configuration is intentional, to turn off this warning, increase the logging level of 'org.springframework.security.config.annotation.authentication.configuration.InitializeUserDetailsBeanManagerConfigurer' to ERROR
2026-07-19 22:42:34 INFO  o.s.b.a.e.web.EndpointLinksResolver - Exposing 3 endpoints beneath base path '/actuator'
2026-07-19 22:42:34 INFO  o.s.b.d.a.OptionalLiveReloadServer - LiveReload server is running on port 35729
2026-07-19 22:42:34 INFO  o.s.b.w.e.tomcat.TomcatWebServer - Tomcat started on port 8080 (http) with context path '/'
2026-07-19 22:42:34 INFO  com.parammart.ParamMartApplication - Started ParamMartApplication in 1.258 seconds (process running for 5990.727)
2026-07-19 22:42:34 INFO  o.s.b.d.a.ConditionEvaluationDeltaLoggingListener - Condition evaluation unchanged
2026-07-19 22:42:39 INFO  o.s.b.d.a.LocalDevToolsAutoConfiguration$RestartingClassPathChangeChangedEventListener - Restarting due to 5 class path changes (1 addition, 1 deletion, 3 modifications)
2026-07-19 22:42:39 INFO  o.s.b.w.e.tomcat.GracefulShutdown - Commencing graceful shutdown. Waiting for active requests to complete
2026-07-19 22:42:39 INFO  o.s.b.w.e.tomcat.GracefulShutdown - Graceful shutdown complete
2026-07-19 22:42:39 INFO  o.s.o.j.LocalContainerEntityManagerFactoryBean - Closing JPA EntityManagerFactory for persistence unit 'default'
2026-07-19 22:42:39 INFO  com.zaxxer.hikari.HikariDataSource - HikariPool-50 - Shutdown initiated...
2026-07-19 22:42:39 INFO  com.zaxxer.hikari.HikariDataSource - HikariPool-50 - Shutdown completed.
2026-07-19 22:42:39 INFO  com.parammart.ParamMartApplication - Starting ParamMartApplication using Java 21.0.8 with PID 15728 (C:\Users\HP\Music\PramMart\param-mart\target\classes started by HP in C:\Users\HP\Music\PramMart\param-mart)
2026-07-19 22:42:39 DEBUG com.parammart.ParamMartApplication - Running with Spring Boot v3.5.0, Spring v6.2.7
2026-07-19 22:42:39 INFO  com.parammart.ParamMartApplication - No active profile set, falling back to 1 default profile: "default"
2026-07-19 22:42:40 INFO  o.s.d.r.c.RepositoryConfigurationDelegate - Bootstrapping Spring Data JPA repositories in DEFAULT mode.
2026-07-19 22:42:40 INFO  o.s.d.r.c.RepositoryConfigurationDelegate - Finished Spring Data repository scanning in 46 ms. Found 10 JPA repository interfaces.
2026-07-19 22:42:40 INFO  o.s.b.w.e.tomcat.TomcatWebServer - Tomcat initialized with port 8080 (http)
2026-07-19 22:42:40 INFO  o.a.catalina.core.StandardService - Starting service [Tomcat]
2026-07-19 22:42:40 INFO  o.a.catalina.core.StandardEngine - Starting Servlet engine: [Apache Tomcat/10.1.41]
2026-07-19 22:42:40 INFO  o.a.c.c.C.[Tomcat-7].[localhost].[/] - Initializing Spring embedded WebApplicationContext
2026-07-19 22:42:40 INFO  o.s.b.w.s.c.ServletWebServerApplicationContext - Root WebApplicationContext: initialization completed in 918 ms
2026-07-19 22:42:40 INFO  o.h.jpa.internal.util.LogHelper - HHH000204: Processing PersistenceUnitInfo [name: default]
2026-07-19 22:42:40 INFO  o.h.c.i.RegionFactoryInitiator - HHH000026: Second-level cache disabled
2026-07-19 22:42:41 INFO  o.s.o.j.p.SpringPersistenceUnitInfo - No LoadTimeWeaver setup: ignoring JPA class transformer
2026-07-19 22:42:41 INFO  com.zaxxer.hikari.HikariDataSource - HikariPool-51 - Starting...
2026-07-19 22:42:41 INFO  com.zaxxer.hikari.pool.HikariPool - HikariPool-51 - Added connection com.mysql.cj.jdbc.ConnectionImpl@a18cd54
2026-07-19 22:42:41 INFO  com.zaxxer.hikari.HikariDataSource - HikariPool-51 - Start completed.
2026-07-19 22:42:41 INFO  o.hibernate.orm.connections.pooling - HHH10001005: Database info:
	Database JDBC URL [Connecting through datasource 'HikariDataSource (HikariPool-51)']
	Database driver: undefined/unknown
	Database version: 8.0.46
	Autocommit mode: undefined/unknown
	Isolation level: undefined/unknown
	Minimum pool size: undefined/unknown
	Maximum pool size: undefined/unknown
2026-07-19 22:42:41 INFO  o.h.e.t.j.p.i.JtaPlatformInitiator - HHH000489: No JTA platform available (set 'hibernate.transaction.jta.platform' to enable JTA platform integration)
2026-07-19 22:42:41 INFO  o.s.o.j.LocalContainerEntityManagerFactoryBean - Initialized JPA EntityManagerFactory for persistence unit 'default'
2026-07-19 22:42:41 DEBUG c.p.security.JwtAuthenticationFilter - Filter 'jwtAuthenticationFilter' configured for use
2026-07-19 22:42:41 INFO  o.s.s.c.a.a.c.InitializeAuthenticationProviderBeanManagerConfigurer$InitializeAuthenticationProviderManagerConfigurer - Global AuthenticationManager configured with AuthenticationProvider bean with name authenticationProvider
2026-07-19 22:42:41 WARN  o.s.s.c.a.a.c.InitializeUserDetailsBeanManagerConfigurer$InitializeUserDetailsManagerConfigurer - Global AuthenticationManager configured with an AuthenticationProvider bean. UserDetailsService beans will not be used by Spring Security for automatically configuring username/password login. Consider removing the AuthenticationProvider bean. Alternatively, consider using the UserDetailsService in a manually instantiated DaoAuthenticationProvider. If the current configuration is intentional, to turn off this warning, increase the logging level of 'org.springframework.security.config.annotation.authentication.configuration.InitializeUserDetailsBeanManagerConfigurer' to ERROR
2026-07-19 22:42:42 INFO  o.s.b.a.e.web.EndpointLinksResolver - Exposing 3 endpoints beneath base path '/actuator'
2026-07-19 22:42:43 INFO  o.s.b.d.a.OptionalLiveReloadServer - LiveReload server is running on port 35729
2026-07-19 22:42:43 INFO  o.s.b.w.e.tomcat.TomcatWebServer - Tomcat started on port 8080 (http) with context path '/'
2026-07-19 22:42:43 INFO  com.parammart.ParamMartApplication - Started ParamMartApplication in 3.678 seconds (process running for 5999.551)
2026-07-19 22:42:43 INFO  o.s.b.d.a.ConditionEvaluationDeltaLoggingListener - Condition evaluation unchanged
2026-07-19 22:42:56 INFO  o.s.b.d.a.LocalDevToolsAutoConfiguration$RestartingClassPathChangeChangedEventListener - Restarting due to 1 class path change (1 addition, 0 deletions, 0 modifications)
2026-07-19 22:42:56 INFO  o.s.b.w.e.tomcat.GracefulShutdown - Commencing graceful shutdown. Waiting for active requests to complete
2026-07-19 22:42:56 INFO  o.s.b.w.e.tomcat.GracefulShutdown - Graceful shutdown complete
2026-07-19 22:42:56 INFO  o.s.o.j.LocalContainerEntityManagerFactoryBean - Closing JPA EntityManagerFactory for persistence unit 'default'
2026-07-19 22:42:56 INFO  com.zaxxer.hikari.HikariDataSource - HikariPool-51 - Shutdown initiated...
2026-07-19 22:42:56 INFO  com.zaxxer.hikari.HikariDataSource - HikariPool-51 - Shutdown completed.
2026-07-19 22:42:56 INFO  com.parammart.ParamMartApplication - Starting ParamMartApplication using Java 21.0.8 with PID 15728 (C:\Users\HP\Music\PramMart\param-mart\target\classes started by HP in C:\Users\HP\Music\PramMart\param-mart)
2026-07-19 22:42:56 DEBUG com.parammart.ParamMartApplication - Running with Spring Boot v3.5.0, Spring v6.2.7
2026-07-19 22:42:56 INFO  com.parammart.ParamMartApplication - No active profile set, falling back to 1 default profile: "default"
2026-07-19 22:42:56 INFO  o.s.d.r.c.RepositoryConfigurationDelegate - Bootstrapping Spring Data JPA repositories in DEFAULT mode.
2026-07-19 22:42:56 INFO  o.s.d.r.c.RepositoryConfigurationDelegate - Finished Spring Data repository scanning in 18 ms. Found 10 JPA repository interfaces.
2026-07-19 22:42:56 INFO  o.s.b.w.e.tomcat.TomcatWebServer - Tomcat initialized with port 8080 (http)
2026-07-19 22:42:56 INFO  o.a.catalina.core.StandardService - Starting service [Tomcat]
2026-07-19 22:42:56 INFO  o.a.catalina.core.StandardEngine - Starting Servlet engine: [Apache Tomcat/10.1.41]
2026-07-19 22:42:56 INFO  o.a.c.c.C.[Tomcat-7].[localhost].[/] - Initializing Spring embedded WebApplicationContext
2026-07-19 22:42:56 INFO  o.s.b.w.s.c.ServletWebServerApplicationContext - Root WebApplicationContext: initialization completed in 413 ms
2026-07-19 22:42:56 INFO  o.h.jpa.internal.util.LogHelper - HHH000204: Processing PersistenceUnitInfo [name: default]
2026-07-19 22:42:56 INFO  o.h.c.i.RegionFactoryInitiator - HHH000026: Second-level cache disabled
2026-07-19 22:42:56 INFO  o.s.o.j.p.SpringPersistenceUnitInfo - No LoadTimeWeaver setup: ignoring JPA class transformer
2026-07-19 22:42:56 INFO  com.zaxxer.hikari.HikariDataSource - HikariPool-52 - Starting...
2026-07-19 22:42:56 INFO  com.zaxxer.hikari.pool.HikariPool - HikariPool-52 - Added connection com.mysql.cj.jdbc.ConnectionImpl@1e3a9957
2026-07-19 22:42:56 INFO  com.zaxxer.hikari.HikariDataSource - HikariPool-52 - Start completed.
2026-07-19 22:42:56 INFO  o.hibernate.orm.connections.pooling - HHH10001005: Database info:
	Database JDBC URL [Connecting through datasource 'HikariDataSource (HikariPool-52)']
	Database driver: undefined/unknown
	Database version: 8.0.46
	Autocommit mode: undefined/unknown
	Isolation level: undefined/unknown
	Minimum pool size: undefined/unknown
	Maximum pool size: undefined/unknown
2026-07-19 22:42:57 INFO  o.h.e.t.j.p.i.JtaPlatformInitiator - HHH000489: No JTA platform available (set 'hibernate.transaction.jta.platform' to enable JTA platform integration)
2026-07-19 22:42:57 INFO  o.s.o.j.LocalContainerEntityManagerFactoryBean - Initialized JPA EntityManagerFactory for persistence unit 'default'
2026-07-19 22:42:57 DEBUG c.p.security.JwtAuthenticationFilter - Filter 'jwtAuthenticationFilter' configured for use
2026-07-19 22:42:57 INFO  o.s.s.c.a.a.c.InitializeAuthenticationProviderBeanManagerConfigurer$InitializeAuthenticationProviderManagerConfigurer - Global AuthenticationManager configured with AuthenticationProvider bean with name authenticationProvider
2026-07-19 22:42:57 WARN  o.s.s.c.a.a.c.InitializeUserDetailsBeanManagerConfigurer$InitializeUserDetailsManagerConfigurer - Global AuthenticationManager configured with an AuthenticationProvider bean. UserDetailsService beans will not be used by Spring Security for automatically configuring username/password login. Consider removing the AuthenticationProvider bean. Alternatively, consider using the UserDetailsService in a manually instantiated DaoAuthenticationProvider. If the current configuration is intentional, to turn off this warning, increase the logging level of 'org.springframework.security.config.annotation.authentication.configuration.InitializeUserDetailsBeanManagerConfigurer' to ERROR
2026-07-19 22:42:57 INFO  o.s.b.a.e.web.EndpointLinksResolver - Exposing 3 endpoints beneath base path '/actuator'
2026-07-19 22:42:57 INFO  o.s.b.d.a.OptionalLiveReloadServer - LiveReload server is running on port 35729
2026-07-19 22:42:57 INFO  o.s.b.w.e.tomcat.TomcatWebServer - Tomcat started on port 8080 (http) with context path '/'
2026-07-19 22:42:57 INFO  com.parammart.ParamMartApplication - Started ParamMartApplication in 1.539 seconds (process running for 6013.903)
2026-07-19 22:42:57 INFO  o.s.b.d.a.ConditionEvaluationDeltaLoggingListener - Condition evaluation unchanged
2026-07-19 22:43:09 INFO  o.s.b.d.a.LocalDevToolsAutoConfiguration$RestartingClassPathChangeChangedEventListener - Restarting due to 1 class path change (1 addition, 0 deletions, 0 modifications)
2026-07-19 22:43:09 INFO  o.s.b.w.e.tomcat.GracefulShutdown - Commencing graceful shutdown. Waiting for active requests to complete
2026-07-19 22:43:09 INFO  o.s.b.w.e.tomcat.GracefulShutdown - Graceful shutdown complete
2026-07-19 22:43:09 INFO  o.s.o.j.LocalContainerEntityManagerFactoryBean - Closing JPA EntityManagerFactory for persistence unit 'default'
2026-07-19 22:43:09 INFO  com.zaxxer.hikari.HikariDataSource - HikariPool-52 - Shutdown initiated...
2026-07-19 22:43:09 INFO  com.zaxxer.hikari.HikariDataSource - HikariPool-52 - Shutdown completed.
2026-07-19 22:43:09 INFO  com.parammart.ParamMartApplication - Starting ParamMartApplication using Java 21.0.8 with PID 15728 (C:\Users\HP\Music\PramMart\param-mart\target\classes started by HP in C:\Users\HP\Music\PramMart\param-mart)
2026-07-19 22:43:09 DEBUG com.parammart.ParamMartApplication - Running with Spring Boot v3.5.0, Spring v6.2.7
2026-07-19 22:43:09 INFO  com.parammart.ParamMartApplication - No active profile set, falling back to 1 default profile: "default"
2026-07-19 22:43:10 INFO  o.s.d.r.c.RepositoryConfigurationDelegate - Bootstrapping Spring Data JPA repositories in DEFAULT mode.
2026-07-19 22:43:10 INFO  o.s.d.r.c.RepositoryConfigurationDelegate - Finished Spring Data repository scanning in 21 ms. Found 10 JPA repository interfaces.
2026-07-19 22:43:10 INFO  o.s.b.w.e.tomcat.TomcatWebServer - Tomcat initialized with port 8080 (http)
2026-07-19 22:43:10 INFO  o.a.catalina.core.StandardService - Starting service [Tomcat]
2026-07-19 22:43:10 INFO  o.a.catalina.core.StandardEngine - Starting Servlet engine: [Apache Tomcat/10.1.41]
2026-07-19 22:43:10 INFO  o.a.c.c.C.[Tomcat-7].[localhost].[/] - Initializing Spring embedded WebApplicationContext
2026-07-19 22:43:10 INFO  o.s.b.w.s.c.ServletWebServerApplicationContext - Root WebApplicationContext: initialization completed in 532 ms
2026-07-19 22:43:10 INFO  o.h.jpa.internal.util.LogHelper - HHH000204: Processing PersistenceUnitInfo [name: default]
2026-07-19 22:43:10 INFO  o.h.c.i.RegionFactoryInitiator - HHH000026: Second-level cache disabled
2026-07-19 22:43:10 INFO  o.s.o.j.p.SpringPersistenceUnitInfo - No LoadTimeWeaver setup: ignoring JPA class transformer
2026-07-19 22:43:10 INFO  com.zaxxer.hikari.HikariDataSource - HikariPool-53 - Starting...
2026-07-19 22:43:10 INFO  com.zaxxer.hikari.pool.HikariPool - HikariPool-53 - Added connection com.mysql.cj.jdbc.ConnectionImpl@1a7e50e1
2026-07-19 22:43:10 INFO  com.zaxxer.hikari.HikariDataSource - HikariPool-53 - Start completed.
2026-07-19 22:43:10 INFO  o.hibernate.orm.connections.pooling - HHH10001005: Database info:
	Database JDBC URL [Connecting through datasource 'HikariDataSource (HikariPool-53)']
	Database driver: undefined/unknown
	Database version: 8.0.46
	Autocommit mode: undefined/unknown
	Isolation level: undefined/unknown
	Minimum pool size: undefined/unknown
	Maximum pool size: undefined/unknown
2026-07-19 22:43:10 INFO  o.h.e.t.j.p.i.JtaPlatformInitiator - HHH000489: No JTA platform available (set 'hibernate.transaction.jta.platform' to enable JTA platform integration)
2026-07-19 22:43:10 INFO  o.s.o.j.LocalContainerEntityManagerFactoryBean - Initialized JPA EntityManagerFactory for persistence unit 'default'
2026-07-19 22:43:10 DEBUG c.p.security.JwtAuthenticationFilter - Filter 'jwtAuthenticationFilter' configured for use
2026-07-19 22:43:10 INFO  o.s.s.c.a.a.c.InitializeAuthenticationProviderBeanManagerConfigurer$InitializeAuthenticationProviderManagerConfigurer - Global AuthenticationManager configured with AuthenticationProvider bean with name authenticationProvider
2026-07-19 22:43:10 WARN  o.s.s.c.a.a.c.InitializeUserDetailsBeanManagerConfigurer$InitializeUserDetailsManagerConfigurer - Global AuthenticationManager configured with an AuthenticationProvider bean. UserDetailsService beans will not be used by Spring Security for automatically configuring username/password login. Consider removing the AuthenticationProvider bean. Alternatively, consider using the UserDetailsService in a manually instantiated DaoAuthenticationProvider. If the current configuration is intentional, to turn off this warning, increase the logging level of 'org.springframework.security.config.annotation.authentication.configuration.InitializeUserDetailsBeanManagerConfigurer' to ERROR
2026-07-19 22:43:10 INFO  o.s.b.a.e.web.EndpointLinksResolver - Exposing 3 endpoints beneath base path '/actuator'
2026-07-19 22:43:11 INFO  o.s.b.d.a.OptionalLiveReloadServer - LiveReload server is running on port 35729
2026-07-19 22:43:11 INFO  o.s.b.w.e.tomcat.TomcatWebServer - Tomcat started on port 8080 (http) with context path '/'
2026-07-19 22:43:11 INFO  com.parammart.ParamMartApplication - Started ParamMartApplication in 1.458 seconds (process running for 6027.224)
2026-07-19 22:43:11 INFO  o.s.b.d.a.ConditionEvaluationDeltaLoggingListener - Condition evaluation unchanged
2026-07-19 22:43:17 INFO  o.s.b.d.a.LocalDevToolsAutoConfiguration$RestartingClassPathChangeChangedEventListener - Restarting due to 5 class path changes (1 addition, 1 deletion, 3 modifications)
2026-07-19 22:43:17 INFO  o.s.b.w.e.tomcat.GracefulShutdown - Commencing graceful shutdown. Waiting for active requests to complete
2026-07-19 22:43:17 INFO  o.s.b.w.e.tomcat.GracefulShutdown - Graceful shutdown complete
2026-07-19 22:43:17 INFO  o.s.o.j.LocalContainerEntityManagerFactoryBean - Closing JPA EntityManagerFactory for persistence unit 'default'
2026-07-19 22:43:17 INFO  com.zaxxer.hikari.HikariDataSource - HikariPool-53 - Shutdown initiated...
2026-07-19 22:43:17 INFO  com.zaxxer.hikari.HikariDataSource - HikariPool-53 - Shutdown completed.
2026-07-19 22:43:17 INFO  com.parammart.ParamMartApplication - Starting ParamMartApplication using Java 21.0.8 with PID 15728 (C:\Users\HP\Music\PramMart\param-mart\target\classes started by HP in C:\Users\HP\Music\PramMart\param-mart)
2026-07-19 22:43:17 DEBUG com.parammart.ParamMartApplication - Running with Spring Boot v3.5.0, Spring v6.2.7
2026-07-19 22:43:17 INFO  com.parammart.ParamMartApplication - No active profile set, falling back to 1 default profile: "default"
2026-07-19 22:43:18 INFO  o.s.d.r.c.RepositoryConfigurationDelegate - Bootstrapping Spring Data JPA repositories in DEFAULT mode.
2026-07-19 22:43:18 INFO  o.s.d.r.c.RepositoryConfigurationDelegate - Finished Spring Data repository scanning in 32 ms. Found 10 JPA repository interfaces.
2026-07-19 22:43:18 INFO  o.s.b.w.e.tomcat.TomcatWebServer - Tomcat initialized with port 8080 (http)
2026-07-19 22:43:18 INFO  o.a.catalina.core.StandardService - Starting service [Tomcat]
2026-07-19 22:43:18 INFO  o.a.catalina.core.StandardEngine - Starting Servlet engine: [Apache Tomcat/10.1.41]
2026-07-19 22:43:18 INFO  o.a.c.c.C.[Tomcat-7].[localhost].[/] - Initializing Spring embedded WebApplicationContext
2026-07-19 22:43:18 INFO  o.s.b.w.s.c.ServletWebServerApplicationContext - Root WebApplicationContext: initialization completed in 597 ms
2026-07-19 22:43:18 INFO  o.h.jpa.internal.util.LogHelper - HHH000204: Processing PersistenceUnitInfo [name: default]
2026-07-19 22:43:18 INFO  o.h.c.i.RegionFactoryInitiator - HHH000026: Second-level cache disabled
2026-07-19 22:43:18 INFO  o.s.o.j.p.SpringPersistenceUnitInfo - No LoadTimeWeaver setup: ignoring JPA class transformer
2026-07-19 22:43:18 INFO  com.zaxxer.hikari.HikariDataSource - HikariPool-54 - Starting...
2026-07-19 22:43:18 INFO  com.zaxxer.hikari.pool.HikariPool - HikariPool-54 - Added connection com.mysql.cj.jdbc.ConnectionImpl@6c90044c
2026-07-19 22:43:18 INFO  com.zaxxer.hikari.HikariDataSource - HikariPool-54 - Start completed.
2026-07-19 22:43:18 INFO  o.hibernate.orm.connections.pooling - HHH10001005: Database info:
	Database JDBC URL [Connecting through datasource 'HikariDataSource (HikariPool-54)']
	Database driver: undefined/unknown
	Database version: 8.0.46
	Autocommit mode: undefined/unknown
	Isolation level: undefined/unknown
	Minimum pool size: undefined/unknown
	Maximum pool size: undefined/unknown
2026-07-19 22:43:18 INFO  o.h.e.t.j.p.i.JtaPlatformInitiator - HHH000489: No JTA platform available (set 'hibernate.transaction.jta.platform' to enable JTA platform integration)
2026-07-19 22:43:18 INFO  o.s.o.j.LocalContainerEntityManagerFactoryBean - Initialized JPA EntityManagerFactory for persistence unit 'default'
2026-07-19 22:43:18 DEBUG c.p.security.JwtAuthenticationFilter - Filter 'jwtAuthenticationFilter' configured for use
2026-07-19 22:43:18 INFO  o.s.s.c.a.a.c.InitializeAuthenticationProviderBeanManagerConfigurer$InitializeAuthenticationProviderManagerConfigurer - Global AuthenticationManager configured with AuthenticationProvider bean with name authenticationProvider
2026-07-19 22:43:18 WARN  o.s.s.c.a.a.c.InitializeUserDetailsBeanManagerConfigurer$InitializeUserDetailsManagerConfigurer - Global AuthenticationManager configured with an AuthenticationProvider bean. UserDetailsService beans will not be used by Spring Security for automatically configuring username/password login. Consider removing the AuthenticationProvider bean. Alternatively, consider using the UserDetailsService in a manually instantiated DaoAuthenticationProvider. If the current configuration is intentional, to turn off this warning, increase the logging level of 'org.springframework.security.config.annotation.authentication.configuration.InitializeUserDetailsBeanManagerConfigurer' to ERROR
2026-07-19 22:43:19 INFO  o.s.b.a.e.web.EndpointLinksResolver - Exposing 3 endpoints beneath base path '/actuator'
2026-07-19 22:43:19 INFO  o.s.b.d.a.OptionalLiveReloadServer - LiveReload server is running on port 35729
2026-07-19 22:43:19 INFO  o.s.b.w.e.tomcat.TomcatWebServer - Tomcat started on port 8080 (http) with context path '/'
2026-07-19 22:43:19 INFO  com.parammart.ParamMartApplication - Started ParamMartApplication in 1.734 seconds (process running for 6035.632)
2026-07-19 22:43:19 INFO  o.s.b.d.a.ConditionEvaluationDeltaLoggingListener - Condition evaluation unchanged
2026-07-19 22:43:28 INFO  o.s.b.d.a.LocalDevToolsAutoConfiguration$RestartingClassPathChangeChangedEventListener - Restarting due to 4 class path changes (0 additions, 1 deletion, 3 modifications)
2026-07-19 22:43:28 INFO  o.s.b.w.e.tomcat.GracefulShutdown - Commencing graceful shutdown. Waiting for active requests to complete
2026-07-19 22:43:28 INFO  o.s.b.w.e.tomcat.GracefulShutdown - Graceful shutdown complete
2026-07-19 22:43:28 INFO  o.s.o.j.LocalContainerEntityManagerFactoryBean - Closing JPA EntityManagerFactory for persistence unit 'default'
2026-07-19 22:43:28 INFO  com.zaxxer.hikari.HikariDataSource - HikariPool-54 - Shutdown initiated...
2026-07-19 22:43:28 INFO  com.zaxxer.hikari.HikariDataSource - HikariPool-54 - Shutdown completed.
2026-07-19 22:43:28 INFO  com.parammart.ParamMartApplication - Starting ParamMartApplication using Java 21.0.8 with PID 15728 (C:\Users\HP\Music\PramMart\param-mart\target\classes started by HP in C:\Users\HP\Music\PramMart\param-mart)
2026-07-19 22:43:28 DEBUG com.parammart.ParamMartApplication - Running with Spring Boot v3.5.0, Spring v6.2.7
2026-07-19 22:43:28 INFO  com.parammart.ParamMartApplication - No active profile set, falling back to 1 default profile: "default"
2026-07-19 22:43:28 INFO  o.s.d.r.c.RepositoryConfigurationDelegate - Bootstrapping Spring Data JPA repositories in DEFAULT mode.
2026-07-19 22:43:28 INFO  o.s.d.r.c.RepositoryConfigurationDelegate - Finished Spring Data repository scanning in 19 ms. Found 10 JPA repository interfaces.
2026-07-19 22:43:28 INFO  o.s.b.w.e.tomcat.TomcatWebServer - Tomcat initialized with port 8080 (http)
2026-07-19 22:43:28 INFO  o.a.catalina.core.StandardService - Starting service [Tomcat]
2026-07-19 22:43:28 INFO  o.a.catalina.core.StandardEngine - Starting Servlet engine: [Apache Tomcat/10.1.41]
2026-07-19 22:43:28 INFO  o.a.c.c.C.[Tomcat-7].[localhost].[/] - Initializing Spring embedded WebApplicationContext
2026-07-19 22:43:28 INFO  o.s.b.w.s.c.ServletWebServerApplicationContext - Root WebApplicationContext: initialization completed in 372 ms
2026-07-19 22:43:28 INFO  o.h.jpa.internal.util.LogHelper - HHH000204: Processing PersistenceUnitInfo [name: default]
2026-07-19 22:43:28 INFO  o.h.c.i.RegionFactoryInitiator - HHH000026: Second-level cache disabled
2026-07-19 22:43:28 INFO  o.s.o.j.p.SpringPersistenceUnitInfo - No LoadTimeWeaver setup: ignoring JPA class transformer
2026-07-19 22:43:28 INFO  com.zaxxer.hikari.HikariDataSource - HikariPool-55 - Starting...
2026-07-19 22:43:28 INFO  com.zaxxer.hikari.pool.HikariPool - HikariPool-55 - Added connection com.mysql.cj.jdbc.ConnectionImpl@2777d23b
2026-07-19 22:43:28 INFO  com.zaxxer.hikari.HikariDataSource - HikariPool-55 - Start completed.
2026-07-19 22:43:28 INFO  o.hibernate.orm.connections.pooling - HHH10001005: Database info:
	Database JDBC URL [Connecting through datasource 'HikariDataSource (HikariPool-55)']
	Database driver: undefined/unknown
	Database version: 8.0.46
	Autocommit mode: undefined/unknown
	Isolation level: undefined/unknown
	Minimum pool size: undefined/unknown
	Maximum pool size: undefined/unknown
2026-07-19 22:43:28 INFO  o.h.e.t.j.p.i.JtaPlatformInitiator - HHH000489: No JTA platform available (set 'hibernate.transaction.jta.platform' to enable JTA platform integration)
2026-07-19 22:43:28 INFO  o.s.o.j.LocalContainerEntityManagerFactoryBean - Initialized JPA EntityManagerFactory for persistence unit 'default'
2026-07-19 22:43:29 DEBUG c.p.security.JwtAuthenticationFilter - Filter 'jwtAuthenticationFilter' configured for use
2026-07-19 22:43:29 INFO  o.s.s.c.a.a.c.InitializeAuthenticationProviderBeanManagerConfigurer$InitializeAuthenticationProviderManagerConfigurer - Global AuthenticationManager configured with AuthenticationProvider bean with name authenticationProvider
2026-07-19 22:43:29 WARN  o.s.s.c.a.a.c.InitializeUserDetailsBeanManagerConfigurer$InitializeUserDetailsManagerConfigurer - Global AuthenticationManager configured with an AuthenticationProvider bean. UserDetailsService beans will not be used by Spring Security for automatically configuring username/password login. Consider removing the AuthenticationProvider bean. Alternatively, consider using the UserDetailsService in a manually instantiated DaoAuthenticationProvider. If the current configuration is intentional, to turn off this warning, increase the logging level of 'org.springframework.security.config.annotation.authentication.configuration.InitializeUserDetailsBeanManagerConfigurer' to ERROR
2026-07-19 22:43:29 INFO  o.s.b.a.e.web.EndpointLinksResolver - Exposing 3 endpoints beneath base path '/actuator'
2026-07-19 22:43:29 INFO  o.s.b.d.a.OptionalLiveReloadServer - LiveReload server is running on port 35729
2026-07-19 22:43:29 INFO  o.s.b.w.e.tomcat.TomcatWebServer - Tomcat started on port 8080 (http) with context path '/'
2026-07-19 22:43:29 INFO  com.parammart.ParamMartApplication - Started ParamMartApplication in 1.314 seconds (process running for 6045.701)
2026-07-19 22:43:29 INFO  o.s.b.d.a.ConditionEvaluationDeltaLoggingListener - Condition evaluation unchanged
2026-07-19 22:44:00 INFO  o.s.b.d.a.LocalDevToolsAutoConfiguration$RestartingClassPathChangeChangedEventListener - Restarting due to 4 class path changes (0 additions, 1 deletion, 3 modifications)
2026-07-19 22:44:00 INFO  o.s.b.w.e.tomcat.GracefulShutdown - Commencing graceful shutdown. Waiting for active requests to complete
2026-07-19 22:44:00 INFO  o.s.b.w.e.tomcat.GracefulShutdown - Graceful shutdown complete
2026-07-19 22:44:00 INFO  o.s.o.j.LocalContainerEntityManagerFactoryBean - Closing JPA EntityManagerFactory for persistence unit 'default'
2026-07-19 22:44:00 INFO  com.zaxxer.hikari.HikariDataSource - HikariPool-55 - Shutdown initiated...
2026-07-19 22:44:00 INFO  com.zaxxer.hikari.HikariDataSource - HikariPool-55 - Shutdown completed.
2026-07-19 22:44:00 INFO  com.parammart.ParamMartApplication - Starting ParamMartApplication using Java 21.0.8 with PID 15728 (C:\Users\HP\Music\PramMart\param-mart\target\classes started by HP in C:\Users\HP\Music\PramMart\param-mart)
2026-07-19 22:44:00 DEBUG com.parammart.ParamMartApplication - Running with Spring Boot v3.5.0, Spring v6.2.7
2026-07-19 22:44:00 INFO  com.parammart.ParamMartApplication - No active profile set, falling back to 1 default profile: "default"
2026-07-19 22:44:00 INFO  o.s.d.r.c.RepositoryConfigurationDelegate - Bootstrapping Spring Data JPA repositories in DEFAULT mode.
2026-07-19 22:44:00 INFO  o.s.d.r.c.RepositoryConfigurationDelegate - Finished Spring Data repository scanning in 17 ms. Found 10 JPA repository interfaces.
2026-07-19 22:44:00 INFO  o.s.b.w.e.tomcat.TomcatWebServer - Tomcat initialized with port 8080 (http)
2026-07-19 22:44:00 INFO  o.a.catalina.core.StandardService - Starting service [Tomcat]
2026-07-19 22:44:00 INFO  o.a.catalina.core.StandardEngine - Starting Servlet engine: [Apache Tomcat/10.1.41]
2026-07-19 22:44:00 INFO  o.a.c.c.C.[Tomcat-7].[localhost].[/] - Initializing Spring embedded WebApplicationContext
2026-07-19 22:44:00 INFO  o.s.b.w.s.c.ServletWebServerApplicationContext - Root WebApplicationContext: initialization completed in 347 ms
2026-07-19 22:44:00 INFO  o.h.jpa.internal.util.LogHelper - HHH000204: Processing PersistenceUnitInfo [name: default]
2026-07-19 22:44:00 INFO  o.h.c.i.RegionFactoryInitiator - HHH000026: Second-level cache disabled
2026-07-19 22:44:00 INFO  o.s.o.j.p.SpringPersistenceUnitInfo - No LoadTimeWeaver setup: ignoring JPA class transformer
2026-07-19 22:44:00 INFO  com.zaxxer.hikari.HikariDataSource - HikariPool-56 - Starting...
2026-07-19 22:44:00 INFO  com.zaxxer.hikari.pool.HikariPool - HikariPool-56 - Added connection com.mysql.cj.jdbc.ConnectionImpl@9e154a0
2026-07-19 22:44:00 INFO  com.zaxxer.hikari.HikariDataSource - HikariPool-56 - Start completed.
2026-07-19 22:44:00 INFO  o.hibernate.orm.connections.pooling - HHH10001005: Database info:
	Database JDBC URL [Connecting through datasource 'HikariDataSource (HikariPool-56)']
	Database driver: undefined/unknown
	Database version: 8.0.46
	Autocommit mode: undefined/unknown
	Isolation level: undefined/unknown
	Minimum pool size: undefined/unknown
	Maximum pool size: undefined/unknown
2026-07-19 22:44:00 INFO  o.h.e.t.j.p.i.JtaPlatformInitiator - HHH000489: No JTA platform available (set 'hibernate.transaction.jta.platform' to enable JTA platform integration)
2026-07-19 22:44:00 INFO  o.s.o.j.LocalContainerEntityManagerFactoryBean - Initialized JPA EntityManagerFactory for persistence unit 'default'
2026-07-19 22:44:00 DEBUG c.p.security.JwtAuthenticationFilter - Filter 'jwtAuthenticationFilter' configured for use
2026-07-19 22:44:00 INFO  o.s.s.c.a.a.c.InitializeAuthenticationProviderBeanManagerConfigurer$InitializeAuthenticationProviderManagerConfigurer - Global AuthenticationManager configured with AuthenticationProvider bean with name authenticationProvider
2026-07-19 22:44:00 WARN  o.s.s.c.a.a.c.InitializeUserDetailsBeanManagerConfigurer$InitializeUserDetailsManagerConfigurer - Global AuthenticationManager configured with an AuthenticationProvider bean. UserDetailsService beans will not be used by Spring Security for automatically configuring username/password login. Consider removing the AuthenticationProvider bean. Alternatively, consider using the UserDetailsService in a manually instantiated DaoAuthenticationProvider. If the current configuration is intentional, to turn off this warning, increase the logging level of 'org.springframework.security.config.annotation.authentication.configuration.InitializeUserDetailsBeanManagerConfigurer' to ERROR
2026-07-19 22:44:01 INFO  o.s.b.a.e.web.EndpointLinksResolver - Exposing 3 endpoints beneath base path '/actuator'
2026-07-19 22:44:01 INFO  o.s.b.d.a.OptionalLiveReloadServer - LiveReload server is running on port 35729
2026-07-19 22:44:01 INFO  o.s.b.w.e.tomcat.TomcatWebServer - Tomcat started on port 8080 (http) with context path '/'
2026-07-19 22:44:01 INFO  com.parammart.ParamMartApplication - Started ParamMartApplication in 1.228 seconds (process running for 6077.44)
2026-07-19 22:44:01 INFO  o.s.b.d.a.ConditionEvaluationDeltaLoggingListener - Condition evaluation unchanged
2026-07-19 22:44:05 INFO  o.s.b.d.a.LocalDevToolsAutoConfiguration$RestartingClassPathChangeChangedEventListener - Restarting due to 1 class path change (1 addition, 0 deletions, 0 modifications)
2026-07-19 22:44:05 INFO  o.s.b.w.e.tomcat.GracefulShutdown - Commencing graceful shutdown. Waiting for active requests to complete
2026-07-19 22:44:05 INFO  o.s.b.w.e.tomcat.GracefulShutdown - Graceful shutdown complete
2026-07-19 22:44:05 INFO  o.s.o.j.LocalContainerEntityManagerFactoryBean - Closing JPA EntityManagerFactory for persistence unit 'default'
2026-07-19 22:44:05 INFO  com.zaxxer.hikari.HikariDataSource - HikariPool-56 - Shutdown initiated...
2026-07-19 22:44:05 INFO  com.zaxxer.hikari.HikariDataSource - HikariPool-56 - Shutdown completed.
2026-07-19 22:44:05 INFO  com.parammart.ParamMartApplication - Starting ParamMartApplication using Java 21.0.8 with PID 15728 (C:\Users\HP\Music\PramMart\param-mart\target\classes started by HP in C:\Users\HP\Music\PramMart\param-mart)
2026-07-19 22:44:05 DEBUG com.parammart.ParamMartApplication - Running with Spring Boot v3.5.0, Spring v6.2.7
2026-07-19 22:44:05 INFO  com.parammart.ParamMartApplication - No active profile set, falling back to 1 default profile: "default"
2026-07-19 22:44:06 INFO  o.s.d.r.c.RepositoryConfigurationDelegate - Bootstrapping Spring Data JPA repositories in DEFAULT mode.
2026-07-19 22:44:06 INFO  o.s.d.r.c.RepositoryConfigurationDelegate - Finished Spring Data repository scanning in 18 ms. Found 10 JPA repository interfaces.
2026-07-19 22:44:06 INFO  o.s.b.w.e.tomcat.TomcatWebServer - Tomcat initialized with port 8080 (http)
2026-07-19 22:44:06 INFO  o.a.catalina.core.StandardService - Starting service [Tomcat]
2026-07-19 22:44:06 INFO  o.a.catalina.core.StandardEngine - Starting Servlet engine: [Apache Tomcat/10.1.41]
2026-07-19 22:44:06 INFO  o.a.c.c.C.[Tomcat-7].[localhost].[/] - Initializing Spring embedded WebApplicationContext
2026-07-19 22:44:06 INFO  o.s.b.w.s.c.ServletWebServerApplicationContext - Root WebApplicationContext: initialization completed in 369 ms
2026-07-19 22:44:06 INFO  o.h.jpa.internal.util.LogHelper - HHH000204: Processing PersistenceUnitInfo [name: default]
2026-07-19 22:44:06 INFO  o.h.c.i.RegionFactoryInitiator - HHH000026: Second-level cache disabled
2026-07-19 22:44:06 INFO  o.s.o.j.p.SpringPersistenceUnitInfo - No LoadTimeWeaver setup: ignoring JPA class transformer
2026-07-19 22:44:06 INFO  com.zaxxer.hikari.HikariDataSource - HikariPool-57 - Starting...
2026-07-19 22:44:06 INFO  com.zaxxer.hikari.pool.HikariPool - HikariPool-57 - Added connection com.mysql.cj.jdbc.ConnectionImpl@625e941e
2026-07-19 22:44:06 INFO  com.zaxxer.hikari.HikariDataSource - HikariPool-57 - Start completed.
2026-07-19 22:44:06 INFO  o.hibernate.orm.connections.pooling - HHH10001005: Database info:
	Database JDBC URL [Connecting through datasource 'HikariDataSource (HikariPool-57)']
	Database driver: undefined/unknown
	Database version: 8.0.46
	Autocommit mode: undefined/unknown
	Isolation level: undefined/unknown
	Minimum pool size: undefined/unknown
	Maximum pool size: undefined/unknown
2026-07-19 22:44:06 INFO  o.h.e.t.j.p.i.JtaPlatformInitiator - HHH000489: No JTA platform available (set 'hibernate.transaction.jta.platform' to enable JTA platform integration)
2026-07-19 22:44:06 INFO  o.s.o.j.LocalContainerEntityManagerFactoryBean - Initialized JPA EntityManagerFactory for persistence unit 'default'
2026-07-19 22:44:06 DEBUG c.p.security.JwtAuthenticationFilter - Filter 'jwtAuthenticationFilter' configured for use
2026-07-19 22:44:06 INFO  o.s.s.c.a.a.c.InitializeAuthenticationProviderBeanManagerConfigurer$InitializeAuthenticationProviderManagerConfigurer - Global AuthenticationManager configured with AuthenticationProvider bean with name authenticationProvider
2026-07-19 22:44:06 WARN  o.s.s.c.a.a.c.InitializeUserDetailsBeanManagerConfigurer$InitializeUserDetailsManagerConfigurer - Global AuthenticationManager configured with an AuthenticationProvider bean. UserDetailsService beans will not be used by Spring Security for automatically configuring username/password login. Consider removing the AuthenticationProvider bean. Alternatively, consider using the UserDetailsService in a manually instantiated DaoAuthenticationProvider. If the current configuration is intentional, to turn off this warning, increase the logging level of 'org.springframework.security.config.annotation.authentication.configuration.InitializeUserDetailsBeanManagerConfigurer' to ERROR
2026-07-19 22:44:07 INFO  o.s.b.a.e.web.EndpointLinksResolver - Exposing 3 endpoints beneath base path '/actuator'
2026-07-19 22:44:07 INFO  o.s.b.d.a.OptionalLiveReloadServer - LiveReload server is running on port 35729
2026-07-19 22:44:07 INFO  o.s.b.w.e.tomcat.TomcatWebServer - Tomcat started on port 8080 (http) with context path '/'
2026-07-19 22:44:07 INFO  com.parammart.ParamMartApplication - Started ParamMartApplication in 1.322 seconds (process running for 6083.372)
2026-07-19 22:44:07 INFO  o.s.b.d.a.ConditionEvaluationDeltaLoggingListener - Condition evaluation unchanged
2026-07-19 22:44:12 INFO  o.s.b.d.a.LocalDevToolsAutoConfiguration$RestartingClassPathChangeChangedEventListener - Restarting due to 5 class path changes (1 addition, 1 deletion, 3 modifications)
2026-07-19 22:44:12 INFO  o.s.b.w.e.tomcat.GracefulShutdown - Commencing graceful shutdown. Waiting for active requests to complete
2026-07-19 22:44:12 INFO  o.s.b.w.e.tomcat.GracefulShutdown - Graceful shutdown complete
2026-07-19 22:44:12 INFO  o.s.o.j.LocalContainerEntityManagerFactoryBean - Closing JPA EntityManagerFactory for persistence unit 'default'
2026-07-19 22:44:12 INFO  com.zaxxer.hikari.HikariDataSource - HikariPool-57 - Shutdown initiated...
2026-07-19 22:44:12 INFO  com.zaxxer.hikari.HikariDataSource - HikariPool-57 - Shutdown completed.
2026-07-19 22:44:12 INFO  com.parammart.ParamMartApplication - Starting ParamMartApplication using Java 21.0.8 with PID 15728 (C:\Users\HP\Music\PramMart\param-mart\target\classes started by HP in C:\Users\HP\Music\PramMart\param-mart)
2026-07-19 22:44:12 DEBUG com.parammart.ParamMartApplication - Running with Spring Boot v3.5.0, Spring v6.2.7
2026-07-19 22:44:12 INFO  com.parammart.ParamMartApplication - No active profile set, falling back to 1 default profile: "default"
2026-07-19 22:44:13 INFO  o.s.d.r.c.RepositoryConfigurationDelegate - Bootstrapping Spring Data JPA repositories in DEFAULT mode.
2026-07-19 22:44:13 INFO  o.s.d.r.c.RepositoryConfigurationDelegate - Finished Spring Data repository scanning in 17 ms. Found 10 JPA repository interfaces.
2026-07-19 22:44:13 INFO  o.s.b.w.e.tomcat.TomcatWebServer - Tomcat initialized with port 8080 (http)
2026-07-19 22:44:13 INFO  o.a.catalina.core.StandardService - Starting service [Tomcat]
2026-07-19 22:44:13 INFO  o.a.catalina.core.StandardEngine - Starting Servlet engine: [Apache Tomcat/10.1.41]
2026-07-19 22:44:13 INFO  o.a.c.c.C.[Tomcat-7].[localhost].[/] - Initializing Spring embedded WebApplicationContext
2026-07-19 22:44:13 INFO  o.s.b.w.s.c.ServletWebServerApplicationContext - Root WebApplicationContext: initialization completed in 344 ms
2026-07-19 22:44:13 INFO  o.h.jpa.internal.util.LogHelper - HHH000204: Processing PersistenceUnitInfo [name: default]
2026-07-19 22:44:13 INFO  o.h.c.i.RegionFactoryInitiator - HHH000026: Second-level cache disabled
2026-07-19 22:44:13 INFO  o.s.o.j.p.SpringPersistenceUnitInfo - No LoadTimeWeaver setup: ignoring JPA class transformer
2026-07-19 22:44:13 INFO  com.zaxxer.hikari.HikariDataSource - HikariPool-58 - Starting...
2026-07-19 22:44:13 INFO  com.zaxxer.hikari.pool.HikariPool - HikariPool-58 - Added connection com.mysql.cj.jdbc.ConnectionImpl@4ffad05d
2026-07-19 22:44:13 INFO  com.zaxxer.hikari.HikariDataSource - HikariPool-58 - Start completed.
2026-07-19 22:44:13 INFO  o.hibernate.orm.connections.pooling - HHH10001005: Database info:
	Database JDBC URL [Connecting through datasource 'HikariDataSource (HikariPool-58)']
	Database driver: undefined/unknown
	Database version: 8.0.46
	Autocommit mode: undefined/unknown
	Isolation level: undefined/unknown
	Minimum pool size: undefined/unknown
	Maximum pool size: undefined/unknown
2026-07-19 22:44:13 INFO  o.h.e.t.j.p.i.JtaPlatformInitiator - HHH000489: No JTA platform available (set 'hibernate.transaction.jta.platform' to enable JTA platform integration)
2026-07-19 22:44:13 INFO  o.s.o.j.LocalContainerEntityManagerFactoryBean - Initialized JPA EntityManagerFactory for persistence unit 'default'
2026-07-19 22:44:13 DEBUG c.p.security.JwtAuthenticationFilter - Filter 'jwtAuthenticationFilter' configured for use
2026-07-19 22:44:13 INFO  o.s.s.c.a.a.c.InitializeAuthenticationProviderBeanManagerConfigurer$InitializeAuthenticationProviderManagerConfigurer - Global AuthenticationManager configured with AuthenticationProvider bean with name authenticationProvider
2026-07-19 22:44:13 WARN  o.s.s.c.a.a.c.InitializeUserDetailsBeanManagerConfigurer$InitializeUserDetailsManagerConfigurer - Global AuthenticationManager configured with an AuthenticationProvider bean. UserDetailsService beans will not be used by Spring Security for automatically configuring username/password login. Consider removing the AuthenticationProvider bean. Alternatively, consider using the UserDetailsService in a manually instantiated DaoAuthenticationProvider. If the current configuration is intentional, to turn off this warning, increase the logging level of 'org.springframework.security.config.annotation.authentication.configuration.InitializeUserDetailsBeanManagerConfigurer' to ERROR
2026-07-19 22:44:13 INFO  o.s.b.a.e.web.EndpointLinksResolver - Exposing 3 endpoints beneath base path '/actuator'
2026-07-19 22:44:14 INFO  o.s.b.d.a.OptionalLiveReloadServer - LiveReload server is running on port 35729
2026-07-19 22:44:14 INFO  o.s.b.w.e.tomcat.TomcatWebServer - Tomcat started on port 8080 (http) with context path '/'
2026-07-19 22:44:14 INFO  com.parammart.ParamMartApplication - Started ParamMartApplication in 1.185 seconds (process running for 6090.201)
2026-07-19 22:44:14 INFO  o.s.b.d.a.ConditionEvaluationDeltaLoggingListener - Condition evaluation unchanged
2026-07-19 22:45:13 INFO  o.s.b.d.a.LocalDevToolsAutoConfiguration$RestartingClassPathChangeChangedEventListener - Restarting due to 2 class path changes (0 additions, 0 deletions, 2 modifications)
2026-07-19 22:45:13 INFO  o.s.b.w.e.tomcat.GracefulShutdown - Commencing graceful shutdown. Waiting for active requests to complete
2026-07-19 22:45:13 INFO  o.s.b.w.e.tomcat.GracefulShutdown - Graceful shutdown complete
2026-07-19 22:45:13 INFO  o.s.o.j.LocalContainerEntityManagerFactoryBean - Closing JPA EntityManagerFactory for persistence unit 'default'
2026-07-19 22:45:13 INFO  com.zaxxer.hikari.HikariDataSource - HikariPool-58 - Shutdown initiated...
2026-07-19 22:45:13 INFO  com.zaxxer.hikari.HikariDataSource - HikariPool-58 - Shutdown completed.
2026-07-19 22:45:13 INFO  com.parammart.ParamMartApplication - Starting ParamMartApplication using Java 21.0.8 with PID 15728 (C:\Users\HP\Music\PramMart\param-mart\target\classes started by HP in C:\Users\HP\Music\PramMart\param-mart)
2026-07-19 22:45:13 DEBUG com.parammart.ParamMartApplication - Running with Spring Boot v3.5.0, Spring v6.2.7
2026-07-19 22:45:13 INFO  com.parammart.ParamMartApplication - No active profile set, falling back to 1 default profile: "default"
2026-07-19 22:45:14 INFO  o.s.d.r.c.RepositoryConfigurationDelegate - Bootstrapping Spring Data JPA repositories in DEFAULT mode.
2026-07-19 22:45:14 INFO  o.s.d.r.c.RepositoryConfigurationDelegate - Finished Spring Data repository scanning in 23 ms. Found 10 JPA repository interfaces.
2026-07-19 22:45:14 INFO  o.s.b.w.e.tomcat.TomcatWebServer - Tomcat initialized with port 8080 (http)
2026-07-19 22:45:14 INFO  o.a.catalina.core.StandardService - Starting service [Tomcat]
2026-07-19 22:45:14 INFO  o.a.catalina.core.StandardEngine - Starting Servlet engine: [Apache Tomcat/10.1.41]
2026-07-19 22:45:14 INFO  o.a.c.c.C.[Tomcat-7].[localhost].[/] - Initializing Spring embedded WebApplicationContext
2026-07-19 22:45:14 INFO  o.s.b.w.s.c.ServletWebServerApplicationContext - Root WebApplicationContext: initialization completed in 568 ms
2026-07-19 22:45:14 INFO  o.h.jpa.internal.util.LogHelper - HHH000204: Processing PersistenceUnitInfo [name: default]
2026-07-19 22:45:14 INFO  o.h.c.i.RegionFactoryInitiator - HHH000026: Second-level cache disabled
2026-07-19 22:45:14 INFO  o.s.o.j.p.SpringPersistenceUnitInfo - No LoadTimeWeaver setup: ignoring JPA class transformer
2026-07-19 22:45:14 INFO  com.zaxxer.hikari.HikariDataSource - HikariPool-59 - Starting...
2026-07-19 22:45:14 INFO  com.zaxxer.hikari.pool.HikariPool - HikariPool-59 - Added connection com.mysql.cj.jdbc.ConnectionImpl@18ba97c
2026-07-19 22:45:14 INFO  com.zaxxer.hikari.HikariDataSource - HikariPool-59 - Start completed.
2026-07-19 22:45:14 INFO  o.hibernate.orm.connections.pooling - HHH10001005: Database info:
	Database JDBC URL [Connecting through datasource 'HikariDataSource (HikariPool-59)']
	Database driver: undefined/unknown
	Database version: 8.0.46
	Autocommit mode: undefined/unknown
	Isolation level: undefined/unknown
	Minimum pool size: undefined/unknown
	Maximum pool size: undefined/unknown
2026-07-19 22:45:14 INFO  o.h.e.t.j.p.i.JtaPlatformInitiator - HHH000489: No JTA platform available (set 'hibernate.transaction.jta.platform' to enable JTA platform integration)
2026-07-19 22:45:14 INFO  o.s.o.j.LocalContainerEntityManagerFactoryBean - Initialized JPA EntityManagerFactory for persistence unit 'default'
2026-07-19 22:45:14 DEBUG c.p.security.JwtAuthenticationFilter - Filter 'jwtAuthenticationFilter' configured for use
2026-07-19 22:45:14 INFO  o.s.s.c.a.a.c.InitializeAuthenticationProviderBeanManagerConfigurer$InitializeAuthenticationProviderManagerConfigurer - Global AuthenticationManager configured with AuthenticationProvider bean with name authenticationProvider
2026-07-19 22:45:14 WARN  o.s.s.c.a.a.c.InitializeUserDetailsBeanManagerConfigurer$InitializeUserDetailsManagerConfigurer - Global AuthenticationManager configured with an AuthenticationProvider bean. UserDetailsService beans will not be used by Spring Security for automatically configuring username/password login. Consider removing the AuthenticationProvider bean. Alternatively, consider using the UserDetailsService in a manually instantiated DaoAuthenticationProvider. If the current configuration is intentional, to turn off this warning, increase the logging level of 'org.springframework.security.config.annotation.authentication.configuration.InitializeUserDetailsBeanManagerConfigurer' to ERROR
2026-07-19 22:45:15 INFO  o.s.b.a.e.web.EndpointLinksResolver - Exposing 3 endpoints beneath base path '/actuator'
2026-07-19 22:45:15 INFO  o.s.b.d.a.OptionalLiveReloadServer - LiveReload server is running on port 35729
2026-07-19 22:45:15 INFO  o.s.b.w.e.tomcat.TomcatWebServer - Tomcat started on port 8080 (http) with context path '/'
2026-07-19 22:45:15 INFO  com.parammart.ParamMartApplication - Started ParamMartApplication in 1.486 seconds (process running for 6151.524)
2026-07-19 22:45:15 INFO  o.s.b.d.a.ConditionEvaluationDeltaLoggingListener - Condition evaluation unchanged
2026-07-19 22:45:31 INFO  o.s.b.d.a.LocalDevToolsAutoConfiguration$RestartingClassPathChangeChangedEventListener - Restarting due to 1 class path change (1 addition, 0 deletions, 0 modifications)
2026-07-19 22:45:31 INFO  o.s.b.w.e.tomcat.GracefulShutdown - Commencing graceful shutdown. Waiting for active requests to complete
2026-07-19 22:45:31 INFO  o.s.b.w.e.tomcat.GracefulShutdown - Graceful shutdown complete
2026-07-19 22:45:31 INFO  o.s.o.j.LocalContainerEntityManagerFactoryBean - Closing JPA EntityManagerFactory for persistence unit 'default'
2026-07-19 22:45:31 INFO  com.zaxxer.hikari.HikariDataSource - HikariPool-59 - Shutdown initiated...
2026-07-19 22:45:31 INFO  com.zaxxer.hikari.HikariDataSource - HikariPool-59 - Shutdown completed.
2026-07-19 22:45:31 INFO  com.parammart.ParamMartApplication - Starting ParamMartApplication using Java 21.0.8 with PID 15728 (C:\Users\HP\Music\PramMart\param-mart\target\classes started by HP in C:\Users\HP\Music\PramMart\param-mart)
2026-07-19 22:45:31 DEBUG com.parammart.ParamMartApplication - Running with Spring Boot v3.5.0, Spring v6.2.7
2026-07-19 22:45:31 INFO  com.parammart.ParamMartApplication - No active profile set, falling back to 1 default profile: "default"
2026-07-19 22:45:31 INFO  o.s.d.r.c.RepositoryConfigurationDelegate - Bootstrapping Spring Data JPA repositories in DEFAULT mode.
2026-07-19 22:45:31 INFO  o.s.d.r.c.RepositoryConfigurationDelegate - Finished Spring Data repository scanning in 22 ms. Found 10 JPA repository interfaces.
2026-07-19 22:45:31 INFO  o.s.b.w.e.tomcat.TomcatWebServer - Tomcat initialized with port 8080 (http)
2026-07-19 22:45:31 INFO  o.a.catalina.core.StandardService - Starting service [Tomcat]
2026-07-19 22:45:31 INFO  o.a.catalina.core.StandardEngine - Starting Servlet engine: [Apache Tomcat/10.1.41]
2026-07-19 22:45:31 INFO  o.a.c.c.C.[Tomcat-7].[localhost].[/] - Initializing Spring embedded WebApplicationContext
2026-07-19 22:45:31 INFO  o.s.b.w.s.c.ServletWebServerApplicationContext - Root WebApplicationContext: initialization completed in 415 ms
2026-07-19 22:45:32 INFO  o.h.jpa.internal.util.LogHelper - HHH000204: Processing PersistenceUnitInfo [name: default]
2026-07-19 22:45:32 INFO  o.h.c.i.RegionFactoryInitiator - HHH000026: Second-level cache disabled
2026-07-19 22:45:32 INFO  o.s.o.j.p.SpringPersistenceUnitInfo - No LoadTimeWeaver setup: ignoring JPA class transformer
2026-07-19 22:45:32 INFO  com.zaxxer.hikari.HikariDataSource - HikariPool-60 - Starting...
2026-07-19 22:45:32 INFO  com.zaxxer.hikari.pool.HikariPool - HikariPool-60 - Added connection com.mysql.cj.jdbc.ConnectionImpl@3de3c2ba
2026-07-19 22:45:32 INFO  com.zaxxer.hikari.HikariDataSource - HikariPool-60 - Start completed.
2026-07-19 22:45:32 INFO  o.hibernate.orm.connections.pooling - HHH10001005: Database info:
	Database JDBC URL [Connecting through datasource 'HikariDataSource (HikariPool-60)']
	Database driver: undefined/unknown
	Database version: 8.0.46
	Autocommit mode: undefined/unknown
	Isolation level: undefined/unknown
	Minimum pool size: undefined/unknown
	Maximum pool size: undefined/unknown
2026-07-19 22:45:32 INFO  o.h.e.t.j.p.i.JtaPlatformInitiator - HHH000489: No JTA platform available (set 'hibernate.transaction.jta.platform' to enable JTA platform integration)
2026-07-19 22:45:32 INFO  o.s.o.j.LocalContainerEntityManagerFactoryBean - Initialized JPA EntityManagerFactory for persistence unit 'default'
2026-07-19 22:45:32 DEBUG c.p.security.JwtAuthenticationFilter - Filter 'jwtAuthenticationFilter' configured for use
2026-07-19 22:45:32 INFO  o.s.s.c.a.a.c.InitializeAuthenticationProviderBeanManagerConfigurer$InitializeAuthenticationProviderManagerConfigurer - Global AuthenticationManager configured with AuthenticationProvider bean with name authenticationProvider
2026-07-19 22:45:32 WARN  o.s.s.c.a.a.c.InitializeUserDetailsBeanManagerConfigurer$InitializeUserDetailsManagerConfigurer - Global AuthenticationManager configured with an AuthenticationProvider bean. UserDetailsService beans will not be used by Spring Security for automatically configuring username/password login. Consider removing the AuthenticationProvider bean. Alternatively, consider using the UserDetailsService in a manually instantiated DaoAuthenticationProvider. If the current configuration is intentional, to turn off this warning, increase the logging level of 'org.springframework.security.config.annotation.authentication.configuration.InitializeUserDetailsBeanManagerConfigurer' to ERROR
2026-07-19 22:45:32 INFO  o.s.b.a.e.web.EndpointLinksResolver - Exposing 3 endpoints beneath base path '/actuator'
2026-07-19 22:45:32 INFO  o.s.b.d.a.OptionalLiveReloadServer - LiveReload server is running on port 35729
2026-07-19 22:45:32 INFO  o.s.b.w.e.tomcat.TomcatWebServer - Tomcat started on port 8080 (http) with context path '/'
2026-07-19 22:45:32 INFO  com.parammart.ParamMartApplication - Started ParamMartApplication in 1.361 seconds (process running for 6168.98)
2026-07-19 22:45:32 INFO  o.s.b.d.a.ConditionEvaluationDeltaLoggingListener - Condition evaluation unchanged
2026-07-19 22:45:38 INFO  o.s.b.d.a.LocalDevToolsAutoConfiguration$RestartingClassPathChangeChangedEventListener - Restarting due to 5 class path changes (1 addition, 1 deletion, 3 modifications)
2026-07-19 22:45:38 INFO  o.s.b.w.e.tomcat.GracefulShutdown - Commencing graceful shutdown. Waiting for active requests to complete
2026-07-19 22:45:38 INFO  o.s.b.w.e.tomcat.GracefulShutdown - Graceful shutdown complete
2026-07-19 22:45:38 INFO  o.s.o.j.LocalContainerEntityManagerFactoryBean - Closing JPA EntityManagerFactory for persistence unit 'default'
2026-07-19 22:45:38 INFO  com.zaxxer.hikari.HikariDataSource - HikariPool-60 - Shutdown initiated...
2026-07-19 22:45:38 INFO  com.zaxxer.hikari.HikariDataSource - HikariPool-60 - Shutdown completed.
2026-07-19 22:45:38 INFO  com.parammart.ParamMartApplication - Starting ParamMartApplication using Java 21.0.8 with PID 15728 (C:\Users\HP\Music\PramMart\param-mart\target\classes started by HP in C:\Users\HP\Music\PramMart\param-mart)
2026-07-19 22:45:38 DEBUG com.parammart.ParamMartApplication - Running with Spring Boot v3.5.0, Spring v6.2.7
2026-07-19 22:45:38 INFO  com.parammart.ParamMartApplication - No active profile set, falling back to 1 default profile: "default"
2026-07-19 22:45:38 INFO  o.s.d.r.c.RepositoryConfigurationDelegate - Bootstrapping Spring Data JPA repositories in DEFAULT mode.
2026-07-19 22:45:38 INFO  o.s.d.r.c.RepositoryConfigurationDelegate - Finished Spring Data repository scanning in 23 ms. Found 10 JPA repository interfaces.
2026-07-19 22:45:38 INFO  o.s.b.w.e.tomcat.TomcatWebServer - Tomcat initialized with port 8080 (http)
2026-07-19 22:45:38 INFO  o.a.catalina.core.StandardService - Starting service [Tomcat]
2026-07-19 22:45:38 INFO  o.a.catalina.core.StandardEngine - Starting Servlet engine: [Apache Tomcat/10.1.41]
2026-07-19 22:45:39 INFO  o.a.c.c.C.[Tomcat-7].[localhost].[/] - Initializing Spring embedded WebApplicationContext
2026-07-19 22:45:39 INFO  o.s.b.w.s.c.ServletWebServerApplicationContext - Root WebApplicationContext: initialization completed in 409 ms
2026-07-19 22:45:39 INFO  o.h.jpa.internal.util.LogHelper - HHH000204: Processing PersistenceUnitInfo [name: default]
2026-07-19 22:45:39 INFO  o.h.c.i.RegionFactoryInitiator - HHH000026: Second-level cache disabled
2026-07-19 22:45:39 INFO  o.s.o.j.p.SpringPersistenceUnitInfo - No LoadTimeWeaver setup: ignoring JPA class transformer
2026-07-19 22:45:39 INFO  com.zaxxer.hikari.HikariDataSource - HikariPool-61 - Starting...
2026-07-19 22:45:39 INFO  com.zaxxer.hikari.pool.HikariPool - HikariPool-61 - Added connection com.mysql.cj.jdbc.ConnectionImpl@59810272
2026-07-19 22:45:39 INFO  com.zaxxer.hikari.HikariDataSource - HikariPool-61 - Start completed.
2026-07-19 22:45:39 INFO  o.hibernate.orm.connections.pooling - HHH10001005: Database info:
	Database JDBC URL [Connecting through datasource 'HikariDataSource (HikariPool-61)']
	Database driver: undefined/unknown
	Database version: 8.0.46
	Autocommit mode: undefined/unknown
	Isolation level: undefined/unknown
	Minimum pool size: undefined/unknown
	Maximum pool size: undefined/unknown
2026-07-19 22:45:39 INFO  o.h.e.t.j.p.i.JtaPlatformInitiator - HHH000489: No JTA platform available (set 'hibernate.transaction.jta.platform' to enable JTA platform integration)
2026-07-19 22:45:39 INFO  o.s.o.j.LocalContainerEntityManagerFactoryBean - Initialized JPA EntityManagerFactory for persistence unit 'default'
2026-07-19 22:45:39 DEBUG c.p.security.JwtAuthenticationFilter - Filter 'jwtAuthenticationFilter' configured for use
2026-07-19 22:45:39 INFO  o.s.s.c.a.a.c.InitializeAuthenticationProviderBeanManagerConfigurer$InitializeAuthenticationProviderManagerConfigurer - Global AuthenticationManager configured with AuthenticationProvider bean with name authenticationProvider
2026-07-19 22:45:39 WARN  o.s.s.c.a.a.c.InitializeUserDetailsBeanManagerConfigurer$InitializeUserDetailsManagerConfigurer - Global AuthenticationManager configured with an AuthenticationProvider bean. UserDetailsService beans will not be used by Spring Security for automatically configuring username/password login. Consider removing the AuthenticationProvider bean. Alternatively, consider using the UserDetailsService in a manually instantiated DaoAuthenticationProvider. If the current configuration is intentional, to turn off this warning, increase the logging level of 'org.springframework.security.config.annotation.authentication.configuration.InitializeUserDetailsBeanManagerConfigurer' to ERROR
2026-07-19 22:45:39 INFO  o.s.b.a.e.web.EndpointLinksResolver - Exposing 3 endpoints beneath base path '/actuator'
2026-07-19 22:45:39 INFO  o.s.b.d.a.OptionalLiveReloadServer - LiveReload server is running on port 35729
2026-07-19 22:45:39 INFO  o.s.b.w.e.tomcat.TomcatWebServer - Tomcat started on port 8080 (http) with context path '/'
2026-07-19 22:45:39 INFO  com.parammart.ParamMartApplication - Started ParamMartApplication in 1.313 seconds (process running for 6175.963)
2026-07-19 22:45:39 INFO  o.s.b.d.a.ConditionEvaluationDeltaLoggingListener - Condition evaluation unchanged
2026-07-19 22:46:15 INFO  o.s.b.d.a.LocalDevToolsAutoConfiguration$RestartingClassPathChangeChangedEventListener - Restarting due to 1 class path change (1 addition, 0 deletions, 0 modifications)
2026-07-19 22:46:15 INFO  o.s.b.w.e.tomcat.GracefulShutdown - Commencing graceful shutdown. Waiting for active requests to complete
2026-07-19 22:46:15 INFO  o.s.b.w.e.tomcat.GracefulShutdown - Graceful shutdown complete
2026-07-19 22:46:15 INFO  o.s.o.j.LocalContainerEntityManagerFactoryBean - Closing JPA EntityManagerFactory for persistence unit 'default'
2026-07-19 22:46:15 INFO  com.zaxxer.hikari.HikariDataSource - HikariPool-61 - Shutdown initiated...
2026-07-19 22:46:15 INFO  com.zaxxer.hikari.HikariDataSource - HikariPool-61 - Shutdown completed.
2026-07-19 22:46:15 INFO  com.parammart.ParamMartApplication - Starting ParamMartApplication using Java 21.0.8 with PID 15728 (C:\Users\HP\Music\PramMart\param-mart\target\classes started by HP in C:\Users\HP\Music\PramMart\param-mart)
2026-07-19 22:46:15 DEBUG com.parammart.ParamMartApplication - Running with Spring Boot v3.5.0, Spring v6.2.7
2026-07-19 22:46:15 INFO  com.parammart.ParamMartApplication - No active profile set, falling back to 1 default profile: "default"
2026-07-19 22:46:16 INFO  o.s.d.r.c.RepositoryConfigurationDelegate - Bootstrapping Spring Data JPA repositories in DEFAULT mode.
2026-07-19 22:46:16 INFO  o.s.d.r.c.RepositoryConfigurationDelegate - Finished Spring Data repository scanning in 26 ms. Found 10 JPA repository interfaces.
2026-07-19 22:46:16 INFO  o.s.b.w.e.tomcat.TomcatWebServer - Tomcat initialized with port 8080 (http)
2026-07-19 22:46:16 INFO  o.a.catalina.core.StandardService - Starting service [Tomcat]
2026-07-19 22:46:16 INFO  o.a.catalina.core.StandardEngine - Starting Servlet engine: [Apache Tomcat/10.1.41]
2026-07-19 22:46:16 INFO  o.a.c.c.C.[Tomcat-7].[localhost].[/] - Initializing Spring embedded WebApplicationContext
2026-07-19 22:46:16 INFO  o.s.b.w.s.c.ServletWebServerApplicationContext - Root WebApplicationContext: initialization completed in 477 ms
2026-07-19 22:46:16 INFO  o.h.jpa.internal.util.LogHelper - HHH000204: Processing PersistenceUnitInfo [name: default]
2026-07-19 22:46:16 INFO  o.h.c.i.RegionFactoryInitiator - HHH000026: Second-level cache disabled
2026-07-19 22:46:16 INFO  o.s.o.j.p.SpringPersistenceUnitInfo - No LoadTimeWeaver setup: ignoring JPA class transformer
2026-07-19 22:46:16 INFO  com.zaxxer.hikari.HikariDataSource - HikariPool-62 - Starting...
2026-07-19 22:46:16 INFO  com.zaxxer.hikari.pool.HikariPool - HikariPool-62 - Added connection com.mysql.cj.jdbc.ConnectionImpl@1d35c82f
2026-07-19 22:46:16 INFO  com.zaxxer.hikari.HikariDataSource - HikariPool-62 - Start completed.
2026-07-19 22:46:16 INFO  o.hibernate.orm.connections.pooling - HHH10001005: Database info:
	Database JDBC URL [Connecting through datasource 'HikariDataSource (HikariPool-62)']
	Database driver: undefined/unknown
	Database version: 8.0.46
	Autocommit mode: undefined/unknown
	Isolation level: undefined/unknown
	Minimum pool size: undefined/unknown
	Maximum pool size: undefined/unknown
2026-07-19 22:46:16 INFO  o.h.e.t.j.p.i.JtaPlatformInitiator - HHH000489: No JTA platform available (set 'hibernate.transaction.jta.platform' to enable JTA platform integration)
2026-07-19 22:46:16 INFO  o.s.o.j.LocalContainerEntityManagerFactoryBean - Initialized JPA EntityManagerFactory for persistence unit 'default'
2026-07-19 22:46:16 DEBUG c.p.security.JwtAuthenticationFilter - Filter 'jwtAuthenticationFilter' configured for use
2026-07-19 22:46:16 INFO  o.s.s.c.a.a.c.InitializeAuthenticationProviderBeanManagerConfigurer$InitializeAuthenticationProviderManagerConfigurer - Global AuthenticationManager configured with AuthenticationProvider bean with name authenticationProvider
2026-07-19 22:46:16 WARN  o.s.s.c.a.a.c.InitializeUserDetailsBeanManagerConfigurer$InitializeUserDetailsManagerConfigurer - Global AuthenticationManager configured with an AuthenticationProvider bean. UserDetailsService beans will not be used by Spring Security for automatically configuring username/password login. Consider removing the AuthenticationProvider bean. Alternatively, consider using the UserDetailsService in a manually instantiated DaoAuthenticationProvider. If the current configuration is intentional, to turn off this warning, increase the logging level of 'org.springframework.security.config.annotation.authentication.configuration.InitializeUserDetailsBeanManagerConfigurer' to ERROR
2026-07-19 22:46:16 INFO  o.s.b.a.e.web.EndpointLinksResolver - Exposing 3 endpoints beneath base path '/actuator'
2026-07-19 22:46:17 INFO  o.s.b.d.a.OptionalLiveReloadServer - LiveReload server is running on port 35729
2026-07-19 22:46:17 INFO  o.s.b.w.e.tomcat.TomcatWebServer - Tomcat started on port 8080 (http) with context path '/'
2026-07-19 22:46:17 INFO  com.parammart.ParamMartApplication - Started ParamMartApplication in 1.37 seconds (process running for 6213.181)
2026-07-19 22:46:17 INFO  o.s.b.d.a.ConditionEvaluationDeltaLoggingListener - Condition evaluation unchanged
2026-07-19 22:46:19 INFO  o.s.b.d.a.LocalDevToolsAutoConfiguration$RestartingClassPathChangeChangedEventListener - Restarting due to 5 class path changes (1 addition, 1 deletion, 3 modifications)
2026-07-19 22:46:19 INFO  o.s.b.w.e.tomcat.GracefulShutdown - Commencing graceful shutdown. Waiting for active requests to complete
2026-07-19 22:46:19 INFO  o.s.b.w.e.tomcat.GracefulShutdown - Graceful shutdown complete
2026-07-19 22:46:19 INFO  o.s.o.j.LocalContainerEntityManagerFactoryBean - Closing JPA EntityManagerFactory for persistence unit 'default'
2026-07-19 22:46:19 INFO  com.zaxxer.hikari.HikariDataSource - HikariPool-62 - Shutdown initiated...
2026-07-19 22:46:19 INFO  com.zaxxer.hikari.HikariDataSource - HikariPool-62 - Shutdown completed.
2026-07-19 22:46:19 INFO  com.parammart.ParamMartApplication - Starting ParamMartApplication using Java 21.0.8 with PID 15728 (C:\Users\HP\Music\PramMart\param-mart\target\classes started by HP in C:\Users\HP\Music\PramMart\param-mart)
2026-07-19 22:46:19 DEBUG com.parammart.ParamMartApplication - Running with Spring Boot v3.5.0, Spring v6.2.7
2026-07-19 22:46:19 INFO  com.parammart.ParamMartApplication - No active profile set, falling back to 1 default profile: "default"
2026-07-19 22:46:19 INFO  o.s.d.r.c.RepositoryConfigurationDelegate - Bootstrapping Spring Data JPA repositories in DEFAULT mode.
2026-07-19 22:46:20 INFO  o.s.d.r.c.RepositoryConfigurationDelegate - Finished Spring Data repository scanning in 21 ms. Found 10 JPA repository interfaces.
2026-07-19 22:46:20 INFO  o.s.b.w.e.tomcat.TomcatWebServer - Tomcat initialized with port 8080 (http)
2026-07-19 22:46:20 INFO  o.a.catalina.core.StandardService - Starting service [Tomcat]
2026-07-19 22:46:20 INFO  o.a.catalina.core.StandardEngine - Starting Servlet engine: [Apache Tomcat/10.1.41]
2026-07-19 22:46:20 INFO  o.a.c.c.C.[Tomcat-7].[localhost].[/] - Initializing Spring embedded WebApplicationContext
2026-07-19 22:46:20 INFO  o.s.b.w.s.c.ServletWebServerApplicationContext - Root WebApplicationContext: initialization completed in 457 ms
2026-07-19 22:46:20 INFO  o.h.jpa.internal.util.LogHelper - HHH000204: Processing PersistenceUnitInfo [name: default]
2026-07-19 22:46:20 INFO  o.h.c.i.RegionFactoryInitiator - HHH000026: Second-level cache disabled
2026-07-19 22:46:20 INFO  o.s.o.j.p.SpringPersistenceUnitInfo - No LoadTimeWeaver setup: ignoring JPA class transformer
2026-07-19 22:46:20 INFO  com.zaxxer.hikari.HikariDataSource - HikariPool-63 - Starting...
2026-07-19 22:46:20 INFO  com.zaxxer.hikari.pool.HikariPool - HikariPool-63 - Added connection com.mysql.cj.jdbc.ConnectionImpl@25eb890c
2026-07-19 22:46:20 INFO  com.zaxxer.hikari.HikariDataSource - HikariPool-63 - Start completed.
2026-07-19 22:46:20 INFO  o.hibernate.orm.connections.pooling - HHH10001005: Database info:
	Database JDBC URL [Connecting through datasource 'HikariDataSource (HikariPool-63)']
	Database driver: undefined/unknown
	Database version: 8.0.46
	Autocommit mode: undefined/unknown
	Isolation level: undefined/unknown
	Minimum pool size: undefined/unknown
	Maximum pool size: undefined/unknown
2026-07-19 22:46:20 ERROR o.s.o.j.LocalContainerEntityManagerFactoryBean - Failed to initialize JPA EntityManagerFactory: [PersistenceUnit: default] Unable to build Hibernate SessionFactory; nested exception is org.hibernate.InstantiationException: Could not instantiate entity 'com.parammart.entity.Address' due to: null
2026-07-19 22:46:20 ERROR o.s.b.w.e.tomcat.TomcatStarter - Error starting Tomcat context. Exception: org.springframework.beans.factory.UnsatisfiedDependencyException. Message: Error creating bean with name 'jwtAuthenticationFilter' defined in file [C:\Users\HP\Music\PramMart\param-mart\target\classes\com\parammart\security\JwtAuthenticationFilter.class]: Unsatisfied dependency expressed through constructor parameter 1: Error creating bean with name 'customUserDetailsService' defined in file [C:\Users\HP\Music\PramMart\param-mart\target\classes\com\parammart\security\CustomUserDetailsService.class]: Unsatisfied dependency expressed through constructor parameter 0: Error creating bean with name 'userRepository' defined in com.parammart.repository.UserRepository defined in @EnableJpaRepositories declared on JpaRepositoriesRegistrar.EnableJpaRepositoriesConfiguration: Cannot resolve reference to bean 'jpaSharedEM_entityManagerFactory' while setting bean property 'entityManager'
2026-07-19 22:46:20 INFO  o.a.catalina.core.StandardService - Stopping service [Tomcat]
2026-07-19 22:46:20 WARN  o.a.c.loader.WebappClassLoaderBase - The web application [ROOT] appears to have started a thread named [HikariPool-63:housekeeper] but has failed to stop it. This is very likely to create a memory leak. Stack trace of thread:
 java.base/jdk.internal.misc.Unsafe.park(Native Method)
 java.base/java.util.concurrent.locks.LockSupport.parkNanos(LockSupport.java:269)
 java.base/java.util.concurrent.locks.AbstractQueuedSynchronizer$ConditionObject.awaitNanos(AbstractQueuedSynchronizer.java:1763)
 java.base/java.util.concurrent.ScheduledThreadPoolExecutor$DelayedWorkQueue.take(ScheduledThreadPoolExecutor.java:1182)
 java.base/java.util.concurrent.ScheduledThreadPoolExecutor$DelayedWorkQueue.take(ScheduledThreadPoolExecutor.java:899)
 java.base/java.util.concurrent.ThreadPoolExecutor.getTask(ThreadPoolExecutor.java:1070)
 java.base/java.util.concurrent.ThreadPoolExecutor.runWorker(ThreadPoolExecutor.java:1130)
 java.base/java.util.concurrent.ThreadPoolExecutor$Worker.run(ThreadPoolExecutor.java:642)
 java.base/java.lang.Thread.run(Thread.java:1583)
2026-07-19 22:46:20 WARN  o.a.c.loader.WebappClassLoaderBase - The web application [ROOT] appears to have started a thread named [HikariPool-63:connection-adder] but has failed to stop it. This is very likely to create a memory leak. Stack trace of thread:
 java.base/java.lang.Thread.sleep0(Native Method)
 java.base/java.lang.Thread.sleep(Thread.java:509)
 com.zaxxer.hikari.util.UtilityElf.quietlySleep(UtilityElf.java:61)
 com.zaxxer.hikari.pool.HikariPool$PoolEntryCreator.call(HikariPool.java:752)
 com.zaxxer.hikari.pool.HikariPool$PoolEntryCreator.call(HikariPool.java:726)
 java.base/java.util.concurrent.FutureTask.run(FutureTask.java:317)
 java.base/java.util.concurrent.ThreadPoolExecutor.runWorker(ThreadPoolExecutor.java:1144)
 java.base/java.util.concurrent.ThreadPoolExecutor$Worker.run(ThreadPoolExecutor.java:642)
 java.base/java.lang.Thread.run(Thread.java:1583)
2026-07-19 22:46:20 WARN  o.s.b.w.s.c.AnnotationConfigServletWebServerApplicationContext - Exception encountered during context initialization - cancelling refresh attempt: org.springframework.context.ApplicationContextException: Unable to start web server
2026-07-19 22:46:20 INFO  com.zaxxer.hikari.HikariDataSource - HikariPool-63 - Shutdown initiated...
2026-07-19 22:46:20 INFO  com.zaxxer.hikari.HikariDataSource - HikariPool-63 - Shutdown completed.
2026-07-19 22:46:20 INFO  o.s.b.a.l.ConditionEvaluationReportLogger - 

Error starting ApplicationContext. To display the condition evaluation report re-run your application with 'debug' enabled.
2026-07-19 22:46:20 ERROR o.s.boot.SpringApplication - Application run failed
org.springframework.context.ApplicationContextException: Unable to start web server
	at org.springframework.boot.web.servlet.context.ServletWebServerApplicationContext.onRefresh(ServletWebServerApplicationContext.java:170) ~[spring-boot-3.5.0.jar:3.5.0]
	at org.springframework.context.support.AbstractApplicationContext.refresh(AbstractApplicationContext.java:621) ~[spring-context-6.2.7.jar:6.2.7]
	at org.springframework.boot.web.servlet.context.ServletWebServerApplicationContext.refresh(ServletWebServerApplicationContext.java:146) ~[spring-boot-3.5.0.jar:3.5.0]
	at org.springframework.boot.SpringApplication.refresh(SpringApplication.java:753) ~[spring-boot-3.5.0.jar:3.5.0]
	at org.springframework.boot.SpringApplication.refreshContext(SpringApplication.java:439) ~[spring-boot-3.5.0.jar:3.5.0]
	at org.springframework.boot.SpringApplication.run(SpringApplication.java:318) ~[spring-boot-3.5.0.jar:3.5.0]
	at org.springframework.boot.SpringApplication.run(SpringApplication.java:1362) ~[spring-boot-3.5.0.jar:3.5.0]
	at org.springframework.boot.SpringApplication.run(SpringApplication.java:1351) ~[spring-boot-3.5.0.jar:3.5.0]
	at com.parammart.ParamMartApplication.main(ParamMartApplication.java:10) ~[classes/:na]
	at java.base/jdk.internal.reflect.DirectMethodHandleAccessor.invoke(DirectMethodHandleAccessor.java:103) ~[na:na]
	at java.base/java.lang.reflect.Method.invoke(Method.java:580) ~[na:na]
	at org.springframework.boot.devtools.restart.RestartLauncher.run(RestartLauncher.java:50) ~[spring-boot-devtools-3.5.0.jar:3.5.0]
Caused by: org.springframework.boot.web.server.WebServerException: Unable to start embedded Tomcat
	at org.springframework.boot.web.embedded.tomcat.TomcatWebServer.initialize(TomcatWebServer.java:147) ~[spring-boot-3.5.0.jar:3.5.0]
	at org.springframework.boot.web.embedded.tomcat.TomcatWebServer.<init>(TomcatWebServer.java:107) ~[spring-boot-3.5.0.jar:3.5.0]
	at org.springframework.boot.web.embedded.tomcat.TomcatServletWebServerFactory.getTomcatWebServer(TomcatServletWebServerFactory.java:517) ~[spring-boot-3.5.0.jar:3.5.0]
	at org.springframework.boot.web.embedded.tomcat.TomcatServletWebServerFactory.getWebServer(TomcatServletWebServerFactory.java:219) ~[spring-boot-3.5.0.jar:3.5.0]
	at org.springframework.boot.web.servlet.context.ServletWebServerApplicationContext.createWebServer(ServletWebServerApplicationContext.java:193) ~[spring-boot-3.5.0.jar:3.5.0]
	at org.springframework.boot.web.servlet.context.ServletWebServerApplicationContext.onRefresh(ServletWebServerApplicationContext.java:167) ~[spring-boot-3.5.0.jar:3.5.0]
	... 11 common frames omitted
Caused by: org.springframework.beans.factory.UnsatisfiedDependencyException: Error creating bean with name 'jwtAuthenticationFilter' defined in file [C:\Users\HP\Music\PramMart\param-mart\target\classes\com\parammart\security\JwtAuthenticationFilter.class]: Unsatisfied dependency expressed through constructor parameter 1: Error creating bean with name 'customUserDetailsService' defined in file [C:\Users\HP\Music\PramMart\param-mart\target\classes\com\parammart\security\CustomUserDetailsService.class]: Unsatisfied dependency expressed through constructor parameter 0: Error creating bean with name 'userRepository' defined in com.parammart.repository.UserRepository defined in @EnableJpaRepositories declared on JpaRepositoriesRegistrar.EnableJpaRepositoriesConfiguration: Cannot resolve reference to bean 'jpaSharedEM_entityManagerFactory' while setting bean property 'entityManager'
	at org.springframework.beans.factory.support.ConstructorResolver.createArgumentArray(ConstructorResolver.java:804) ~[spring-beans-6.2.7.jar:6.2.7]
	at org.springframework.beans.factory.support.ConstructorResolver.autowireConstructor(ConstructorResolver.java:240) ~[spring-beans-6.2.7.jar:6.2.7]
	at org.springframework.beans.factory.support.AbstractAutowireCapableBeanFactory.autowireConstructor(AbstractAutowireCapableBeanFactory.java:1395) ~[spring-beans-6.2.7.jar:6.2.7]
	at org.springframework.beans.factory.support.AbstractAutowireCapableBeanFactory.createBeanInstance(AbstractAutowireCapableBeanFactory.java:1232) ~[spring-beans-6.2.7.jar:6.2.7]
	at org.springframework.beans.factory.support.AbstractAutowireCapableBeanFactory.doCreateBean(AbstractAutowireCapableBeanFactory.java:569) ~[spring-beans-6.2.7.jar:6.2.7]
	at org.springframework.beans.factory.support.AbstractAutowireCapableBeanFactory.createBean(AbstractAutowireCapableBeanFactory.java:529) ~[spring-beans-6.2.7.jar:6.2.7]
	at org.springframework.beans.factory.support.AbstractBeanFactory.lambda$doGetBean$0(AbstractBeanFactory.java:339) ~[spring-beans-6.2.7.jar:6.2.7]
	at org.springframework.beans.factory.support.DefaultSingletonBeanRegistry.getSingleton(DefaultSingletonBeanRegistry.java:373) ~[spring-beans-6.2.7.jar:6.2.7]
	at org.springframework.beans.factory.support.AbstractBeanFactory.doGetBean(AbstractBeanFactory.java:337) ~[spring-beans-6.2.7.jar:6.2.7]
	at org.springframework.beans.factory.support.AbstractBeanFactory.getBean(AbstractBeanFactory.java:207) ~[spring-beans-6.2.7.jar:6.2.7]
	at org.springframework.boot.web.servlet.ServletContextInitializerBeans.getOrderedBeansOfType(ServletContextInitializerBeans.java:230) ~[spring-boot-3.5.0.jar:3.5.0]
	at org.springframework.boot.web.servlet.ServletContextInitializerBeans.addAsRegistrationBean(ServletContextInitializerBeans.java:184) ~[spring-boot-3.5.0.jar:3.5.0]
	at org.springframework.boot.web.servlet.ServletContextInitializerBeans.addAsRegistrationBean(ServletContextInitializerBeans.java:179) ~[spring-boot-3.5.0.jar:3.5.0]
	at org.springframework.boot.web.servlet.ServletContextInitializerBeans.addAdaptableBeans(ServletContextInitializerBeans.java:164) ~[spring-boot-3.5.0.jar:3.5.0]
	at org.springframework.boot.web.servlet.ServletContextInitializerBeans.<init>(ServletContextInitializerBeans.java:96) ~[spring-boot-3.5.0.jar:3.5.0]
	at org.springframework.boot.web.servlet.context.ServletWebServerApplicationContext.getServletContextInitializerBeans(ServletWebServerApplicationContext.java:271) ~[spring-boot-3.5.0.jar:3.5.0]
	at org.springframework.boot.web.servlet.context.ServletWebServerApplicationContext.selfInitialize(ServletWebServerApplicationContext.java:245) ~[spring-boot-3.5.0.jar:3.5.0]
	at org.springframework.boot.web.embedded.tomcat.TomcatStarter.onStartup(TomcatStarter.java:52) ~[spring-boot-3.5.0.jar:3.5.0]
	at org.apache.catalina.core.StandardContext.startInternal(StandardContext.java:4464) ~[tomcat-embed-core-10.1.41.jar:10.1.41]
	at org.apache.catalina.util.LifecycleBase.start(LifecycleBase.java:164) ~[tomcat-embed-core-10.1.41.jar:10.1.41]
	at org.apache.catalina.core.ContainerBase$StartChild.call(ContainerBase.java:1203) ~[tomcat-embed-core-10.1.41.jar:10.1.41]
	at org.apache.catalina.core.ContainerBase$StartChild.call(ContainerBase.java:1193) ~[tomcat-embed-core-10.1.41.jar:10.1.41]
	at java.base/java.util.concurrent.FutureTask.run(FutureTask.java:317) ~[na:na]
	at org.apache.tomcat.util.threads.InlineExecutorService.execute(InlineExecutorService.java:75) ~[tomcat-embed-core-10.1.41.jar:10.1.41]
	at java.base/java.util.concurrent.AbstractExecutorService.submit(AbstractExecutorService.java:145) ~[na:na]
	at org.apache.catalina.core.ContainerBase.startInternal(ContainerBase.java:749) ~[tomcat-embed-core-10.1.41.jar:10.1.41]
	at org.apache.catalina.core.StandardHost.startInternal(StandardHost.java:772) ~[tomcat-embed-core-10.1.41.jar:10.1.41]
	at org.apache.catalina.util.LifecycleBase.start(LifecycleBase.java:164) ~[tomcat-embed-core-10.1.41.jar:10.1.41]
	at org.apache.catalina.core.ContainerBase$StartChild.call(ContainerBase.java:1203) ~[tomcat-embed-core-10.1.41.jar:10.1.41]
	at org.apache.catalina.core.ContainerBase$StartChild.call(ContainerBase.java:1193) ~[tomcat-embed-core-10.1.41.jar:10.1.41]
	at java.base/java.util.concurrent.FutureTask.run(FutureTask.java:317) ~[na:na]
	at org.apache.tomcat.util.threads.InlineExecutorService.execute(InlineExecutorService.java:75) ~[tomcat-embed-core-10.1.41.jar:10.1.41]
	at java.base/java.util.concurrent.AbstractExecutorService.submit(AbstractExecutorService.java:145) ~[na:na]
	at org.apache.catalina.core.ContainerBase.startInternal(ContainerBase.java:749) ~[tomcat-embed-core-10.1.41.jar:10.1.41]
	at org.apache.catalina.core.StandardEngine.startInternal(StandardEngine.java:203) ~[tomcat-embed-core-10.1.41.jar:10.1.41]
	at org.apache.catalina.util.LifecycleBase.start(LifecycleBase.java:164) ~[tomcat-embed-core-10.1.41.jar:10.1.41]
	at org.apache.catalina.core.StandardService.startInternal(StandardService.java:412) ~[tomcat-embed-core-10.1.41.jar:10.1.41]
	at org.apache.catalina.util.LifecycleBase.start(LifecycleBase.java:164) ~[tomcat-embed-core-10.1.41.jar:10.1.41]
	at org.apache.catalina.core.StandardServer.startInternal(StandardServer.java:870) ~[tomcat-embed-core-10.1.41.jar:10.1.41]
	at org.apache.catalina.util.LifecycleBase.start(LifecycleBase.java:164) ~[tomcat-embed-core-10.1.41.jar:10.1.41]
	at org.apache.catalina.startup.Tomcat.start(Tomcat.java:438) ~[tomcat-embed-core-10.1.41.jar:10.1.41]
	at org.springframework.boot.web.embedded.tomcat.TomcatWebServer.initialize(TomcatWebServer.java:128) ~[spring-boot-3.5.0.jar:3.5.0]
	... 16 common frames omitted
Caused by: org.springframework.beans.factory.UnsatisfiedDependencyException: Error creating bean with name 'customUserDetailsService' defined in file [C:\Users\HP\Music\PramMart\param-mart\target\classes\com\parammart\security\CustomUserDetailsService.class]: Unsatisfied dependency expressed through constructor parameter 0: Error creating bean with name 'userRepository' defined in com.parammart.repository.UserRepository defined in @EnableJpaRepositories declared on JpaRepositoriesRegistrar.EnableJpaRepositoriesConfiguration: Cannot resolve reference to bean 'jpaSharedEM_entityManagerFactory' while setting bean property 'entityManager'
	at org.springframework.beans.factory.support.ConstructorResolver.createArgumentArray(ConstructorResolver.java:804) ~[spring-beans-6.2.7.jar:6.2.7]
	at org.springframework.beans.factory.support.ConstructorResolver.autowireConstructor(ConstructorResolver.java:240) ~[spring-beans-6.2.7.jar:6.2.7]
	at org.springframework.beans.factory.support.AbstractAutowireCapableBeanFactory.autowireConstructor(AbstractAutowireCapableBeanFactory.java:1395) ~[spring-beans-6.2.7.jar:6.2.7]
	at org.springframework.beans.factory.support.AbstractAutowireCapableBeanFactory.createBeanInstance(AbstractAutowireCapableBeanFactory.java:1232) ~[spring-beans-6.2.7.jar:6.2.7]
	at org.springframework.beans.factory.support.AbstractAutowireCapableBeanFactory.doCreateBean(AbstractAutowireCapableBeanFactory.java:569) ~[spring-beans-6.2.7.jar:6.2.7]
	at org.springframework.beans.factory.support.AbstractAutowireCapableBeanFactory.createBean(AbstractAutowireCapableBeanFactory.java:529) ~[spring-beans-6.2.7.jar:6.2.7]
	at org.springframework.beans.factory.support.AbstractBeanFactory.lambda$doGetBean$0(AbstractBeanFactory.java:339) ~[spring-beans-6.2.7.jar:6.2.7]
	at org.springframework.beans.factory.support.DefaultSingletonBeanRegistry.getSingleton(DefaultSingletonBeanRegistry.java:373) ~[spring-beans-6.2.7.jar:6.2.7]
	at org.springframework.beans.factory.support.AbstractBeanFactory.doGetBean(AbstractBeanFactory.java:337) ~[spring-beans-6.2.7.jar:6.2.7]
	at org.springframework.beans.factory.support.AbstractBeanFactory.getBean(AbstractBeanFactory.java:202) ~[spring-beans-6.2.7.jar:6.2.7]
	at org.springframework.beans.factory.config.DependencyDescriptor.resolveCandidate(DependencyDescriptor.java:254) ~[spring-beans-6.2.7.jar:6.2.7]
	at org.springframework.beans.factory.support.DefaultListableBeanFactory.doResolveDependency(DefaultListableBeanFactory.java:1740) ~[spring-beans-6.2.7.jar:6.2.7]
	at org.springframework.beans.factory.support.DefaultListableBeanFactory.resolveDependency(DefaultListableBeanFactory.java:1628) ~[spring-beans-6.2.7.jar:6.2.7]
	at org.springframework.beans.factory.support.ConstructorResolver.resolveAutowiredArgument(ConstructorResolver.java:913) ~[spring-beans-6.2.7.jar:6.2.7]
	at org.springframework.beans.factory.support.ConstructorResolver.createArgumentArray(ConstructorResolver.java:791) ~[spring-beans-6.2.7.jar:6.2.7]
	... 57 common frames omitted
Caused by: org.springframework.beans.factory.BeanCreationException: Error creating bean with name 'userRepository' defined in com.parammart.repository.UserRepository defined in @EnableJpaRepositories declared on JpaRepositoriesRegistrar.EnableJpaRepositoriesConfiguration: Cannot resolve reference to bean 'jpaSharedEM_entityManagerFactory' while setting bean property 'entityManager'
	at org.springframework.beans.factory.support.BeanDefinitionValueResolver.resolveReference(BeanDefinitionValueResolver.java:377) ~[spring-beans-6.2.7.jar:6.2.7]
	at org.springframework.beans.factory.support.BeanDefinitionValueResolver.resolveValueIfNecessary(BeanDefinitionValueResolver.java:135) ~[spring-beans-6.2.7.jar:6.2.7]
	at org.springframework.beans.factory.support.AbstractAutowireCapableBeanFactory.applyPropertyValues(AbstractAutowireCapableBeanFactory.java:1725) ~[spring-beans-6.2.7.jar:6.2.7]
	at org.springframework.beans.factory.support.AbstractAutowireCapableBeanFactory.populateBean(AbstractAutowireCapableBeanFactory.java:1474) ~[spring-beans-6.2.7.jar:6.2.7]
	at org.springframework.beans.factory.support.AbstractAutowireCapableBeanFactory.doCreateBean(AbstractAutowireCapableBeanFactory.java:606) ~[spring-beans-6.2.7.jar:6.2.7]
	at org.springframework.beans.factory.support.AbstractAutowireCapableBeanFactory.createBean(AbstractAutowireCapableBeanFactory.java:529) ~[spring-beans-6.2.7.jar:6.2.7]
	at org.springframework.beans.factory.support.AbstractBeanFactory.lambda$doGetBean$0(AbstractBeanFactory.java:339) ~[spring-beans-6.2.7.jar:6.2.7]
	at org.springframework.beans.factory.support.DefaultSingletonBeanRegistry.getSingleton(DefaultSingletonBeanRegistry.java:373) ~[spring-beans-6.2.7.jar:6.2.7]
	at org.springframework.beans.factory.support.AbstractBeanFactory.doGetBean(AbstractBeanFactory.java:337) ~[spring-beans-6.2.7.jar:6.2.7]
	at org.springframework.beans.factory.support.AbstractBeanFactory.getBean(AbstractBeanFactory.java:202) ~[spring-beans-6.2.7.jar:6.2.7]
	at org.springframework.beans.factory.config.DependencyDescriptor.resolveCandidate(DependencyDescriptor.java:254) ~[spring-beans-6.2.7.jar:6.2.7]
	at org.springframework.beans.factory.support.DefaultListableBeanFactory.doResolveDependency(DefaultListableBeanFactory.java:1740) ~[spring-beans-6.2.7.jar:6.2.7]
	at org.springframework.beans.factory.support.DefaultListableBeanFactory.resolveDependency(DefaultListableBeanFactory.java:1628) ~[spring-beans-6.2.7.jar:6.2.7]
	at org.springframework.beans.factory.support.ConstructorResolver.resolveAutowiredArgument(ConstructorResolver.java:913) ~[spring-beans-6.2.7.jar:6.2.7]
	at org.springframework.beans.factory.support.ConstructorResolver.createArgumentArray(ConstructorResolver.java:791) ~[spring-beans-6.2.7.jar:6.2.7]
	... 71 common frames omitted
Caused by: org.springframework.beans.factory.BeanCreationException: Error creating bean with name 'jpaSharedEM_entityManagerFactory': Cannot resolve reference to bean 'entityManagerFactory' while setting constructor argument
	at org.springframework.beans.factory.support.BeanDefinitionValueResolver.resolveReference(BeanDefinitionValueResolver.java:377) ~[spring-beans-6.2.7.jar:6.2.7]
	at org.springframework.beans.factory.support.BeanDefinitionValueResolver.resolveValueIfNecessary(BeanDefinitionValueResolver.java:135) ~[spring-beans-6.2.7.jar:6.2.7]
	at org.springframework.beans.factory.support.ConstructorResolver.resolveConstructorArguments(ConstructorResolver.java:691) ~[spring-beans-6.2.7.jar:6.2.7]
	at org.springframework.beans.factory.support.ConstructorResolver.instantiateUsingFactoryMethod(ConstructorResolver.java:513) ~[spring-beans-6.2.7.jar:6.2.7]
	at org.springframework.beans.factory.support.AbstractAutowireCapableBeanFactory.instantiateUsingFactoryMethod(AbstractAutowireCapableBeanFactory.java:1375) ~[spring-beans-6.2.7.jar:6.2.7]
	at org.springframework.beans.factory.support.AbstractAutowireCapableBeanFactory.createBeanInstance(AbstractAutowireCapableBeanFactory.java:1205) ~[spring-beans-6.2.7.jar:6.2.7]
	at org.springframework.beans.factory.support.AbstractAutowireCapableBeanFactory.doCreateBean(AbstractAutowireCapableBeanFactory.java:569) ~[spring-beans-6.2.7.jar:6.2.7]
	at org.springframework.beans.factory.support.AbstractAutowireCapableBeanFactory.createBean(AbstractAutowireCapableBeanFactory.java:529) ~[spring-beans-6.2.7.jar:6.2.7]
	at org.springframework.beans.factory.support.AbstractBeanFactory.lambda$doGetBean$0(AbstractBeanFactory.java:339) ~[spring-beans-6.2.7.jar:6.2.7]
	at org.springframework.beans.factory.support.DefaultSingletonBeanRegistry.getSingleton(DefaultSingletonBeanRegistry.java:373) ~[spring-beans-6.2.7.jar:6.2.7]
	at org.springframework.beans.factory.support.AbstractBeanFactory.doGetBean(AbstractBeanFactory.java:337) ~[spring-beans-6.2.7.jar:6.2.7]
	at org.springframework.beans.factory.support.AbstractBeanFactory.getBean(AbstractBeanFactory.java:202) ~[spring-beans-6.2.7.jar:6.2.7]
	at org.springframework.beans.factory.support.BeanDefinitionValueResolver.resolveReference(BeanDefinitionValueResolver.java:365) ~[spring-beans-6.2.7.jar:6.2.7]
	... 85 common frames omitted
Caused by: org.springframework.beans.factory.BeanCreationException: Error creating bean with name 'entityManagerFactory' defined in class path resource [org/springframework/boot/autoconfigure/orm/jpa/HibernateJpaConfiguration.class]: [PersistenceUnit: default] Unable to build Hibernate SessionFactory; nested exception is org.hibernate.InstantiationException: Could not instantiate entity 'com.parammart.entity.Address' due to: null
	at org.springframework.beans.factory.support.AbstractAutowireCapableBeanFactory.initializeBean(AbstractAutowireCapableBeanFactory.java:1826) ~[spring-beans-6.2.7.jar:6.2.7]
	at org.springframework.beans.factory.support.AbstractAutowireCapableBeanFactory.doCreateBean(AbstractAutowireCapableBeanFactory.java:607) ~[spring-beans-6.2.7.jar:6.2.7]
	at org.springframework.beans.factory.support.AbstractAutowireCapableBeanFactory.createBean(AbstractAutowireCapableBeanFactory.java:529) ~[spring-beans-6.2.7.jar:6.2.7]
	at org.springframework.beans.factory.support.AbstractBeanFactory.lambda$doGetBean$0(AbstractBeanFactory.java:339) ~[spring-beans-6.2.7.jar:6.2.7]
	at org.springframework.beans.factory.support.DefaultSingletonBeanRegistry.getSingleton(DefaultSingletonBeanRegistry.java:373) ~[spring-beans-6.2.7.jar:6.2.7]
	at org.springframework.beans.factory.support.AbstractBeanFactory.doGetBean(AbstractBeanFactory.java:337) ~[spring-beans-6.2.7.jar:6.2.7]
	at org.springframework.beans.factory.support.AbstractBeanFactory.getBean(AbstractBeanFactory.java:202) ~[spring-beans-6.2.7.jar:6.2.7]
	at org.springframework.beans.factory.support.BeanDefinitionValueResolver.resolveReference(BeanDefinitionValueResolver.java:365) ~[spring-beans-6.2.7.jar:6.2.7]
	... 97 common frames omitted
Caused by: jakarta.persistence.PersistenceException: [PersistenceUnit: default] Unable to build Hibernate SessionFactory; nested exception is org.hibernate.InstantiationException: Could not instantiate entity 'com.parammart.entity.Address' due to: null
	at org.springframework.orm.jpa.AbstractEntityManagerFactoryBean.buildNativeEntityManagerFactory(AbstractEntityManagerFactoryBean.java:431) ~[spring-orm-6.2.7.jar:6.2.7]
	at org.springframework.orm.jpa.AbstractEntityManagerFactoryBean.afterPropertiesSet(AbstractEntityManagerFactoryBean.java:400) ~[spring-orm-6.2.7.jar:6.2.7]
	at org.springframework.orm.jpa.LocalContainerEntityManagerFactoryBean.afterPropertiesSet(LocalContainerEntityManagerFactoryBean.java:366) ~[spring-orm-6.2.7.jar:6.2.7]
	at org.springframework.beans.factory.support.AbstractAutowireCapableBeanFactory.invokeInitMethods(AbstractAutowireCapableBeanFactory.java:1873) ~[spring-beans-6.2.7.jar:6.2.7]
	at org.springframework.beans.factory.support.AbstractAutowireCapableBeanFactory.initializeBean(AbstractAutowireCapableBeanFactory.java:1822) ~[spring-beans-6.2.7.jar:6.2.7]
	... 104 common frames omitted
Caused by: org.hibernate.InstantiationException: Could not instantiate entity 'com.parammart.entity.Address' due to: null
	at org.hibernate.metamodel.internal.EntityInstantiatorPojoStandard.instantiate(EntityInstantiatorPojoStandard.java:100) ~[hibernate-core-6.6.15.Final.jar:6.6.15.Final]
	at org.hibernate.persister.entity.AbstractEntityPersister.lambda$prepareMappingModel$14(AbstractEntityPersister.java:5343) ~[hibernate-core-6.6.15.Final.jar:6.6.15.Final]
	at org.hibernate.internal.util.LazyValue.getValue(LazyValue.java:30) ~[hibernate-core-6.6.15.Final.jar:6.6.15.Final]
	at org.hibernate.engine.internal.UnsavedValueFactory.getUnsavedIdentifierValue(UnsavedValueFactory.java:49) ~[hibernate-core-6.6.15.Final.jar:6.6.15.Final]
	at org.hibernate.metamodel.mapping.internal.BasicEntityIdentifierMappingImpl.<init>(BasicEntityIdentifierMappingImpl.java:119) ~[hibernate-core-6.6.15.Final.jar:6.6.15.Final]
	at org.hibernate.persister.entity.AbstractEntityPersister.generateIdentifierMapping(AbstractEntityPersister.java:5712) ~[hibernate-core-6.6.15.Final.jar:6.6.15.Final]
	at org.hibernate.persister.entity.AbstractEntityPersister.lambda$prepareMappingModel$15(AbstractEntityPersister.java:5348) ~[hibernate-core-6.6.15.Final.jar:6.6.15.Final]
	at org.hibernate.metamodel.mapping.internal.MappingModelCreationProcess.processSubPart(MappingModelCreationProcess.java:163) ~[hibernate-core-6.6.15.Final.jar:6.6.15.Final]
	at org.hibernate.persister.entity.AbstractEntityPersister.prepareMappingModel(AbstractEntityPersister.java:5346) ~[hibernate-core-6.6.15.Final.jar:6.6.15.Final]
	at org.hibernate.persister.entity.AbstractEntityPersister.prepareMappingModel(AbstractEntityPersister.java:5192) ~[hibernate-core-6.6.15.Final.jar:6.6.15.Final]
	at org.hibernate.metamodel.mapping.internal.MappingModelCreationProcess.execute(MappingModelCreationProcess.java:84) ~[hibernate-core-6.6.15.Final.jar:6.6.15.Final]
	at org.hibernate.metamodel.mapping.internal.MappingModelCreationProcess.process(MappingModelCreationProcess.java:42) ~[hibernate-core-6.6.15.Final.jar:6.6.15.Final]
	at org.hibernate.metamodel.model.domain.internal.MappingMetamodelImpl.finishInitialization(MappingMetamodelImpl.java:200) ~[hibernate-core-6.6.15.Final.jar:6.6.15.Final]
	at org.hibernate.internal.SessionFactoryImpl.initializeMappingModel(SessionFactoryImpl.java:373) ~[hibernate-core-6.6.15.Final.jar:6.6.15.Final]
	at org.hibernate.internal.SessionFactoryImpl.<init>(SessionFactoryImpl.java:302) ~[hibernate-core-6.6.15.Final.jar:6.6.15.Final]
	at org.hibernate.boot.internal.SessionFactoryBuilderImpl.build(SessionFactoryBuilderImpl.java:463) ~[hibernate-core-6.6.15.Final.jar:6.6.15.Final]
	at org.hibernate.jpa.boot.internal.EntityManagerFactoryBuilderImpl.build(EntityManagerFactoryBuilderImpl.java:1517) ~[hibernate-core-6.6.15.Final.jar:6.6.15.Final]
	at org.springframework.orm.jpa.vendor.SpringHibernateJpaPersistenceProvider.createContainerEntityManagerFactory(SpringHibernateJpaPersistenceProvider.java:66) ~[spring-orm-6.2.7.jar:6.2.7]
	at org.springframework.orm.jpa.LocalContainerEntityManagerFactoryBean.createNativeEntityManagerFactory(LocalContainerEntityManagerFactoryBean.java:390) ~[spring-orm-6.2.7.jar:6.2.7]
	at org.springframework.orm.jpa.AbstractEntityManagerFactoryBean.buildNativeEntityManagerFactory(AbstractEntityManagerFactoryBean.java:419) ~[spring-orm-6.2.7.jar:6.2.7]
	... 108 common frames omitted
Caused by: java.lang.reflect.InvocationTargetException: null
	at java.base/jdk.internal.reflect.DirectConstructorHandleAccessor.newInstance(DirectConstructorHandleAccessor.java:74) ~[na:na]
	at java.base/java.lang.reflect.Constructor.newInstanceWithCaller(Constructor.java:502) ~[na:na]
	at java.base/java.lang.reflect.Constructor.newInstance(Constructor.java:486) ~[na:na]
	at org.hibernate.metamodel.internal.EntityInstantiatorPojoStandard.instantiate(EntityInstantiatorPojoStandard.java:97) ~[hibernate-core-6.6.15.Final.jar:6.6.15.Final]
	... 127 common frames omitted
Caused by: java.lang.Error: Unresolved compilation problem: 
	The public type Address must be defined in its own file

	at com.parammart.entity.Address.<init>(sss.java:9) ~[classes/:na]
	at java.base/jdk.internal.reflect.DirectConstructorHandleAccessor.newInstance(DirectConstructorHandleAccessor.java:62) ~[na:na]
	... 130 common frames omitted
2026-07-19 22:46:26 INFO  com.parammart.ParamMartApplication - Starting ParamMartApplication using Java 21.0.8 with PID 15728 (C:\Users\HP\Music\PramMart\param-mart\target\classes started by HP in C:\Users\HP\Music\PramMart\param-mart)
2026-07-19 22:46:26 DEBUG com.parammart.ParamMartApplication - Running with Spring Boot v3.5.0, Spring v6.2.7
2026-07-19 22:46:26 INFO  com.parammart.ParamMartApplication - No active profile set, falling back to 1 default profile: "default"
2026-07-19 22:46:27 INFO  o.s.d.r.c.RepositoryConfigurationDelegate - Bootstrapping Spring Data JPA repositories in DEFAULT mode.
2026-07-19 22:46:27 INFO  o.s.d.r.c.RepositoryConfigurationDelegate - Finished Spring Data repository scanning in 34 ms. Found 10 JPA repository interfaces.
2026-07-19 22:46:27 INFO  o.s.b.w.e.tomcat.TomcatWebServer - Tomcat initialized with port 8080 (http)
2026-07-19 22:46:27 INFO  o.a.catalina.core.StandardService - Starting service [Tomcat]
2026-07-19 22:46:27 INFO  o.a.catalina.core.StandardEngine - Starting Servlet engine: [Apache Tomcat/10.1.41]
2026-07-19 22:46:27 INFO  o.a.c.c.C.[Tomcat-8].[localhost].[/] - Initializing Spring embedded WebApplicationContext
2026-07-19 22:46:27 INFO  o.s.b.w.s.c.ServletWebServerApplicationContext - Root WebApplicationContext: initialization completed in 1200 ms
2026-07-19 22:46:27 INFO  o.h.jpa.internal.util.LogHelper - HHH000204: Processing PersistenceUnitInfo [name: default]
2026-07-19 22:46:27 INFO  o.h.c.i.RegionFactoryInitiator - HHH000026: Second-level cache disabled
2026-07-19 22:46:27 INFO  o.s.o.j.p.SpringPersistenceUnitInfo - No LoadTimeWeaver setup: ignoring JPA class transformer
2026-07-19 22:46:27 INFO  com.zaxxer.hikari.HikariDataSource - HikariPool-64 - Starting...
2026-07-19 22:46:27 INFO  com.zaxxer.hikari.pool.HikariPool - HikariPool-64 - Added connection com.mysql.cj.jdbc.ConnectionImpl@16a6eaa2
2026-07-19 22:46:27 INFO  com.zaxxer.hikari.HikariDataSource - HikariPool-64 - Start completed.
2026-07-19 22:46:27 INFO  o.hibernate.orm.connections.pooling - HHH10001005: Database info:
	Database JDBC URL [Connecting through datasource 'HikariDataSource (HikariPool-64)']
	Database driver: undefined/unknown
	Database version: 8.0.46
	Autocommit mode: undefined/unknown
	Isolation level: undefined/unknown
	Minimum pool size: undefined/unknown
	Maximum pool size: undefined/unknown
2026-07-19 22:46:28 INFO  o.h.e.t.j.p.i.JtaPlatformInitiator - HHH000489: No JTA platform available (set 'hibernate.transaction.jta.platform' to enable JTA platform integration)
2026-07-19 22:46:28 DEBUG org.hibernate.SQL - 
    create table addresses (
        id bigint not null auto_increment,
        address_line1 varchar(255) not null,
        address_line2 varchar(255),
        city varchar(255) not null,
        country varchar(255) not null,
        created_at datetime(6),
        default_address bit not null,
        full_name varchar(255) not null,
        mobile varchar(255) not null,
        pincode varchar(255) not null,
        state varchar(255) not null,
        user_id bigint,
        primary key (id)
    ) engine=InnoDB
2026-07-19 22:46:28 DEBUG org.hibernate.SQL - 
    alter table addresses 
       add constraint FK1fa36y2oqhao3wgg2rw1pi459 
       foreign key (user_id) 
       references users (id)
2026-07-19 22:46:28 INFO  o.s.o.j.LocalContainerEntityManagerFactoryBean - Initialized JPA EntityManagerFactory for persistence unit 'default'
2026-07-19 22:46:28 DEBUG c.p.security.JwtAuthenticationFilter - Filter 'jwtAuthenticationFilter' configured for use
2026-07-19 22:46:29 INFO  o.s.s.c.a.a.c.InitializeAuthenticationProviderBeanManagerConfigurer$InitializeAuthenticationProviderManagerConfigurer - Global AuthenticationManager configured with AuthenticationProvider bean with name authenticationProvider
2026-07-19 22:46:29 WARN  o.s.s.c.a.a.c.InitializeUserDetailsBeanManagerConfigurer$InitializeUserDetailsManagerConfigurer - Global AuthenticationManager configured with an AuthenticationProvider bean. UserDetailsService beans will not be used by Spring Security for automatically configuring username/password login. Consider removing the AuthenticationProvider bean. Alternatively, consider using the UserDetailsService in a manually instantiated DaoAuthenticationProvider. If the current configuration is intentional, to turn off this warning, increase the logging level of 'org.springframework.security.config.annotation.authentication.configuration.InitializeUserDetailsBeanManagerConfigurer' to ERROR
2026-07-19 22:46:30 INFO  o.s.b.a.e.web.EndpointLinksResolver - Exposing 3 endpoints beneath base path '/actuator'
2026-07-19 22:46:30 INFO  o.s.b.d.a.OptionalLiveReloadServer - LiveReload server is running on port 35729
2026-07-19 22:46:30 INFO  o.s.b.w.e.tomcat.TomcatWebServer - Tomcat started on port 8080 (http) with context path '/'
2026-07-19 22:46:30 INFO  com.parammart.ParamMartApplication - Started ParamMartApplication in 4.627 seconds (process running for 6226.859)
2026-07-19 22:46:30 INFO  o.s.b.d.a.ConditionEvaluationDeltaLoggingListener - Condition evaluation unchanged
2026-07-19 22:46:40 INFO  o.s.b.d.a.LocalDevToolsAutoConfiguration$RestartingClassPathChangeChangedEventListener - Restarting due to 1 class path change (1 addition, 0 deletions, 0 modifications)
2026-07-19 22:46:40 INFO  o.s.b.w.e.tomcat.GracefulShutdown - Commencing graceful shutdown. Waiting for active requests to complete
2026-07-19 22:46:40 INFO  o.s.b.w.e.tomcat.GracefulShutdown - Graceful shutdown complete
2026-07-19 22:46:40 INFO  o.s.o.j.LocalContainerEntityManagerFactoryBean - Closing JPA EntityManagerFactory for persistence unit 'default'
2026-07-19 22:46:40 INFO  com.zaxxer.hikari.HikariDataSource - HikariPool-64 - Shutdown initiated...
2026-07-19 22:46:40 INFO  com.zaxxer.hikari.HikariDataSource - HikariPool-64 - Shutdown completed.
2026-07-19 22:46:40 INFO  com.parammart.ParamMartApplication - Starting ParamMartApplication using Java 21.0.8 with PID 15728 (C:\Users\HP\Music\PramMart\param-mart\target\classes started by HP in C:\Users\HP\Music\PramMart\param-mart)
2026-07-19 22:46:40 DEBUG com.parammart.ParamMartApplication - Running with Spring Boot v3.5.0, Spring v6.2.7
2026-07-19 22:46:40 INFO  com.parammart.ParamMartApplication - No active profile set, falling back to 1 default profile: "default"
2026-07-19 22:46:41 INFO  o.s.d.r.c.RepositoryConfigurationDelegate - Bootstrapping Spring Data JPA repositories in DEFAULT mode.
2026-07-19 22:46:41 INFO  o.s.d.r.c.RepositoryConfigurationDelegate - Finished Spring Data repository scanning in 21 ms. Found 10 JPA repository interfaces.
2026-07-19 22:46:41 INFO  o.s.b.w.e.tomcat.TomcatWebServer - Tomcat initialized with port 8080 (http)
2026-07-19 22:46:41 INFO  o.a.catalina.core.StandardService - Starting service [Tomcat]
2026-07-19 22:46:41 INFO  o.a.catalina.core.StandardEngine - Starting Servlet engine: [Apache Tomcat/10.1.41]
2026-07-19 22:46:41 INFO  o.a.c.c.C.[Tomcat-8].[localhost].[/] - Initializing Spring embedded WebApplicationContext
2026-07-19 22:46:41 INFO  o.s.b.w.s.c.ServletWebServerApplicationContext - Root WebApplicationContext: initialization completed in 487 ms
2026-07-19 22:46:41 INFO  o.h.jpa.internal.util.LogHelper - HHH000204: Processing PersistenceUnitInfo [name: default]
2026-07-19 22:46:41 INFO  o.h.c.i.RegionFactoryInitiator - HHH000026: Second-level cache disabled
2026-07-19 22:46:41 INFO  o.s.o.j.p.SpringPersistenceUnitInfo - No LoadTimeWeaver setup: ignoring JPA class transformer
2026-07-19 22:46:41 INFO  com.zaxxer.hikari.HikariDataSource - HikariPool-65 - Starting...
2026-07-19 22:46:41 INFO  com.zaxxer.hikari.pool.HikariPool - HikariPool-65 - Added connection com.mysql.cj.jdbc.ConnectionImpl@4c8e58ad
2026-07-19 22:46:41 INFO  com.zaxxer.hikari.HikariDataSource - HikariPool-65 - Start completed.
2026-07-19 22:46:41 INFO  o.hibernate.orm.connections.pooling - HHH10001005: Database info:
	Database JDBC URL [Connecting through datasource 'HikariDataSource (HikariPool-65)']
	Database driver: undefined/unknown
	Database version: 8.0.46
	Autocommit mode: undefined/unknown
	Isolation level: undefined/unknown
	Minimum pool size: undefined/unknown
	Maximum pool size: undefined/unknown
2026-07-19 22:46:41 INFO  o.h.e.t.j.p.i.JtaPlatformInitiator - HHH000489: No JTA platform available (set 'hibernate.transaction.jta.platform' to enable JTA platform integration)
2026-07-19 22:46:41 INFO  o.s.o.j.LocalContainerEntityManagerFactoryBean - Initialized JPA EntityManagerFactory for persistence unit 'default'
2026-07-19 22:46:41 DEBUG c.p.security.JwtAuthenticationFilter - Filter 'jwtAuthenticationFilter' configured for use
2026-07-19 22:46:41 INFO  o.s.s.c.a.a.c.InitializeAuthenticationProviderBeanManagerConfigurer$InitializeAuthenticationProviderManagerConfigurer - Global AuthenticationManager configured with AuthenticationProvider bean with name authenticationProvider
2026-07-19 22:46:41 WARN  o.s.s.c.a.a.c.InitializeUserDetailsBeanManagerConfigurer$InitializeUserDetailsManagerConfigurer - Global AuthenticationManager configured with an AuthenticationProvider bean. UserDetailsService beans will not be used by Spring Security for automatically configuring username/password login. Consider removing the AuthenticationProvider bean. Alternatively, consider using the UserDetailsService in a manually instantiated DaoAuthenticationProvider. If the current configuration is intentional, to turn off this warning, increase the logging level of 'org.springframework.security.config.annotation.authentication.configuration.InitializeUserDetailsBeanManagerConfigurer' to ERROR
2026-07-19 22:46:42 INFO  o.s.b.a.e.web.EndpointLinksResolver - Exposing 3 endpoints beneath base path '/actuator'
2026-07-19 22:46:42 INFO  o.s.b.d.a.OptionalLiveReloadServer - LiveReload server is running on port 35729
2026-07-19 22:46:42 INFO  o.s.b.w.e.tomcat.TomcatWebServer - Tomcat started on port 8080 (http) with context path '/'
2026-07-19 22:46:42 INFO  com.parammart.ParamMartApplication - Started ParamMartApplication in 1.814 seconds (process running for 6238.62)
2026-07-19 22:46:42 INFO  o.s.b.d.a.ConditionEvaluationDeltaLoggingListener - Condition evaluation unchanged
2026-07-19 22:47:01 INFO  o.s.b.d.a.LocalDevToolsAutoConfiguration$RestartingClassPathChangeChangedEventListener - Restarting due to 4 class path changes (0 additions, 1 deletion, 3 modifications)
2026-07-19 22:47:01 INFO  o.s.b.w.e.tomcat.GracefulShutdown - Commencing graceful shutdown. Waiting for active requests to complete
2026-07-19 22:47:01 INFO  o.s.b.w.e.tomcat.GracefulShutdown - Graceful shutdown complete
2026-07-19 22:47:01 INFO  o.s.o.j.LocalContainerEntityManagerFactoryBean - Closing JPA EntityManagerFactory for persistence unit 'default'
2026-07-19 22:47:01 INFO  com.zaxxer.hikari.HikariDataSource - HikariPool-65 - Shutdown initiated...
2026-07-19 22:47:01 INFO  com.zaxxer.hikari.HikariDataSource - HikariPool-65 - Shutdown completed.
2026-07-19 22:47:01 INFO  com.parammart.ParamMartApplication - Starting ParamMartApplication using Java 21.0.8 with PID 15728 (C:\Users\HP\Music\PramMart\param-mart\target\classes started by HP in C:\Users\HP\Music\PramMart\param-mart)
2026-07-19 22:47:01 DEBUG com.parammart.ParamMartApplication - Running with Spring Boot v3.5.0, Spring v6.2.7
2026-07-19 22:47:01 INFO  com.parammart.ParamMartApplication - No active profile set, falling back to 1 default profile: "default"
2026-07-19 22:47:01 INFO  o.s.d.r.c.RepositoryConfigurationDelegate - Bootstrapping Spring Data JPA repositories in DEFAULT mode.
2026-07-19 22:47:01 INFO  o.s.d.r.c.RepositoryConfigurationDelegate - Finished Spring Data repository scanning in 30 ms. Found 10 JPA repository interfaces.
2026-07-19 22:47:02 INFO  o.s.b.w.e.tomcat.TomcatWebServer - Tomcat initialized with port 8080 (http)
2026-07-19 22:47:02 INFO  o.a.catalina.core.StandardService - Starting service [Tomcat]
2026-07-19 22:47:02 INFO  o.a.catalina.core.StandardEngine - Starting Servlet engine: [Apache Tomcat/10.1.41]
2026-07-19 22:47:02 INFO  o.a.c.c.C.[Tomcat-8].[localhost].[/] - Initializing Spring embedded WebApplicationContext
2026-07-19 22:47:02 INFO  o.s.b.w.s.c.ServletWebServerApplicationContext - Root WebApplicationContext: initialization completed in 370 ms
2026-07-19 22:47:02 INFO  o.h.jpa.internal.util.LogHelper - HHH000204: Processing PersistenceUnitInfo [name: default]
2026-07-19 22:47:02 INFO  o.h.c.i.RegionFactoryInitiator - HHH000026: Second-level cache disabled
2026-07-19 22:47:02 INFO  o.s.o.j.p.SpringPersistenceUnitInfo - No LoadTimeWeaver setup: ignoring JPA class transformer
2026-07-19 22:47:02 INFO  com.zaxxer.hikari.HikariDataSource - HikariPool-66 - Starting...
2026-07-19 22:47:02 INFO  com.zaxxer.hikari.pool.HikariPool - HikariPool-66 - Added connection com.mysql.cj.jdbc.ConnectionImpl@62446c0b
2026-07-19 22:47:02 INFO  com.zaxxer.hikari.HikariDataSource - HikariPool-66 - Start completed.
2026-07-19 22:47:02 INFO  o.hibernate.orm.connections.pooling - HHH10001005: Database info:
	Database JDBC URL [Connecting through datasource 'HikariDataSource (HikariPool-66)']
	Database driver: undefined/unknown
	Database version: 8.0.46
	Autocommit mode: undefined/unknown
	Isolation level: undefined/unknown
	Minimum pool size: undefined/unknown
	Maximum pool size: undefined/unknown
2026-07-19 22:47:02 INFO  o.h.e.t.j.p.i.JtaPlatformInitiator - HHH000489: No JTA platform available (set 'hibernate.transaction.jta.platform' to enable JTA platform integration)
2026-07-19 22:47:02 INFO  o.s.o.j.LocalContainerEntityManagerFactoryBean - Initialized JPA EntityManagerFactory for persistence unit 'default'
2026-07-19 22:47:02 DEBUG c.p.security.JwtAuthenticationFilter - Filter 'jwtAuthenticationFilter' configured for use
2026-07-19 22:47:02 INFO  o.s.s.c.a.a.c.InitializeAuthenticationProviderBeanManagerConfigurer$InitializeAuthenticationProviderManagerConfigurer - Global AuthenticationManager configured with AuthenticationProvider bean with name authenticationProvider
2026-07-19 22:47:02 WARN  o.s.s.c.a.a.c.InitializeUserDetailsBeanManagerConfigurer$InitializeUserDetailsManagerConfigurer - Global AuthenticationManager configured with an AuthenticationProvider bean. UserDetailsService beans will not be used by Spring Security for automatically configuring username/password login. Consider removing the AuthenticationProvider bean. Alternatively, consider using the UserDetailsService in a manually instantiated DaoAuthenticationProvider. If the current configuration is intentional, to turn off this warning, increase the logging level of 'org.springframework.security.config.annotation.authentication.configuration.InitializeUserDetailsBeanManagerConfigurer' to ERROR
2026-07-19 22:47:02 INFO  o.s.b.a.e.web.EndpointLinksResolver - Exposing 3 endpoints beneath base path '/actuator'
2026-07-19 22:47:02 INFO  o.s.b.d.a.OptionalLiveReloadServer - LiveReload server is running on port 35729
2026-07-19 22:47:02 INFO  o.s.b.w.e.tomcat.TomcatWebServer - Tomcat started on port 8080 (http) with context path '/'
2026-07-19 22:47:02 INFO  com.parammart.ParamMartApplication - Started ParamMartApplication in 1.236 seconds (process running for 6258.991)
2026-07-19 22:47:02 INFO  o.s.b.d.a.ConditionEvaluationDeltaLoggingListener - Condition evaluation unchanged
2026-07-19 22:47:09 INFO  o.s.b.d.a.LocalDevToolsAutoConfiguration$RestartingClassPathChangeChangedEventListener - Restarting due to 1 class path change (1 addition, 0 deletions, 0 modifications)
2026-07-19 22:47:09 INFO  o.s.b.w.e.tomcat.GracefulShutdown - Commencing graceful shutdown. Waiting for active requests to complete
2026-07-19 22:47:09 INFO  o.s.b.w.e.tomcat.GracefulShutdown - Graceful shutdown complete
2026-07-19 22:47:09 INFO  o.s.o.j.LocalContainerEntityManagerFactoryBean - Closing JPA EntityManagerFactory for persistence unit 'default'
2026-07-19 22:47:09 INFO  com.zaxxer.hikari.HikariDataSource - HikariPool-66 - Shutdown initiated...
2026-07-19 22:47:09 INFO  com.zaxxer.hikari.HikariDataSource - HikariPool-66 - Shutdown completed.
2026-07-19 22:47:09 INFO  com.parammart.ParamMartApplication - Starting ParamMartApplication using Java 21.0.8 with PID 15728 (C:\Users\HP\Music\PramMart\param-mart\target\classes started by HP in C:\Users\HP\Music\PramMart\param-mart)
2026-07-19 22:47:09 DEBUG com.parammart.ParamMartApplication - Running with Spring Boot v3.5.0, Spring v6.2.7
2026-07-19 22:47:09 INFO  com.parammart.ParamMartApplication - No active profile set, falling back to 1 default profile: "default"
2026-07-19 22:47:09 INFO  o.s.d.r.c.RepositoryConfigurationDelegate - Bootstrapping Spring Data JPA repositories in DEFAULT mode.
2026-07-19 22:47:09 INFO  o.s.d.r.c.RepositoryConfigurationDelegate - Finished Spring Data repository scanning in 18 ms. Found 10 JPA repository interfaces.
2026-07-19 22:47:10 INFO  o.s.b.w.e.tomcat.TomcatWebServer - Tomcat initialized with port 8080 (http)
2026-07-19 22:47:10 INFO  o.a.catalina.core.StandardService - Starting service [Tomcat]
2026-07-19 22:47:10 INFO  o.a.catalina.core.StandardEngine - Starting Servlet engine: [Apache Tomcat/10.1.41]
2026-07-19 22:47:10 INFO  o.a.c.c.C.[Tomcat-8].[localhost].[/] - Initializing Spring embedded WebApplicationContext
2026-07-19 22:47:10 INFO  o.s.b.w.s.c.ServletWebServerApplicationContext - Root WebApplicationContext: initialization completed in 511 ms
2026-07-19 22:47:10 INFO  o.h.jpa.internal.util.LogHelper - HHH000204: Processing PersistenceUnitInfo [name: default]
2026-07-19 22:47:10 INFO  o.h.c.i.RegionFactoryInitiator - HHH000026: Second-level cache disabled
2026-07-19 22:47:10 INFO  o.s.o.j.p.SpringPersistenceUnitInfo - No LoadTimeWeaver setup: ignoring JPA class transformer
2026-07-19 22:47:10 INFO  com.zaxxer.hikari.HikariDataSource - HikariPool-67 - Starting...
2026-07-19 22:47:10 INFO  com.zaxxer.hikari.pool.HikariPool - HikariPool-67 - Added connection com.mysql.cj.jdbc.ConnectionImpl@2d86e2a4
2026-07-19 22:47:10 INFO  com.zaxxer.hikari.HikariDataSource - HikariPool-67 - Start completed.
2026-07-19 22:47:10 INFO  o.hibernate.orm.connections.pooling - HHH10001005: Database info:
	Database JDBC URL [Connecting through datasource 'HikariDataSource (HikariPool-67)']
	Database driver: undefined/unknown
	Database version: 8.0.46
	Autocommit mode: undefined/unknown
	Isolation level: undefined/unknown
	Minimum pool size: undefined/unknown
	Maximum pool size: undefined/unknown
2026-07-19 22:47:10 INFO  o.h.e.t.j.p.i.JtaPlatformInitiator - HHH000489: No JTA platform available (set 'hibernate.transaction.jta.platform' to enable JTA platform integration)
2026-07-19 22:47:10 INFO  o.s.o.j.LocalContainerEntityManagerFactoryBean - Initialized JPA EntityManagerFactory for persistence unit 'default'
2026-07-19 22:47:10 DEBUG c.p.security.JwtAuthenticationFilter - Filter 'jwtAuthenticationFilter' configured for use
2026-07-19 22:47:10 INFO  o.s.s.c.a.a.c.InitializeAuthenticationProviderBeanManagerConfigurer$InitializeAuthenticationProviderManagerConfigurer - Global AuthenticationManager configured with AuthenticationProvider bean with name authenticationProvider
2026-07-19 22:47:10 WARN  o.s.s.c.a.a.c.InitializeUserDetailsBeanManagerConfigurer$InitializeUserDetailsManagerConfigurer - Global AuthenticationManager configured with an AuthenticationProvider bean. UserDetailsService beans will not be used by Spring Security for automatically configuring username/password login. Consider removing the AuthenticationProvider bean. Alternatively, consider using the UserDetailsService in a manually instantiated DaoAuthenticationProvider. If the current configuration is intentional, to turn off this warning, increase the logging level of 'org.springframework.security.config.annotation.authentication.configuration.InitializeUserDetailsBeanManagerConfigurer' to ERROR
2026-07-19 22:47:10 INFO  o.s.b.a.e.web.EndpointLinksResolver - Exposing 3 endpoints beneath base path '/actuator'
2026-07-19 22:47:10 INFO  o.s.b.d.a.OptionalLiveReloadServer - LiveReload server is running on port 35729
2026-07-19 22:47:10 INFO  o.s.b.w.e.tomcat.TomcatWebServer - Tomcat started on port 8080 (http) with context path '/'
2026-07-19 22:47:10 INFO  com.parammart.ParamMartApplication - Started ParamMartApplication in 1.407 seconds (process running for 6267.046)
2026-07-19 22:47:10 INFO  o.s.b.d.a.ConditionEvaluationDeltaLoggingListener - Condition evaluation unchanged
2026-07-19 22:47:15 INFO  o.s.b.d.a.LocalDevToolsAutoConfiguration$RestartingClassPathChangeChangedEventListener - Restarting due to 5 class path changes (1 addition, 1 deletion, 3 modifications)
2026-07-19 22:47:15 INFO  o.s.b.w.e.tomcat.GracefulShutdown - Commencing graceful shutdown. Waiting for active requests to complete
2026-07-19 22:47:15 INFO  o.s.b.w.e.tomcat.GracefulShutdown - Graceful shutdown complete
2026-07-19 22:47:15 INFO  o.s.o.j.LocalContainerEntityManagerFactoryBean - Closing JPA EntityManagerFactory for persistence unit 'default'
2026-07-19 22:47:15 INFO  com.zaxxer.hikari.HikariDataSource - HikariPool-67 - Shutdown initiated...
2026-07-19 22:47:15 INFO  com.zaxxer.hikari.HikariDataSource - HikariPool-67 - Shutdown completed.
2026-07-19 22:47:15 INFO  com.parammart.ParamMartApplication - Starting ParamMartApplication using Java 21.0.8 with PID 15728 (C:\Users\HP\Music\PramMart\param-mart\target\classes started by HP in C:\Users\HP\Music\PramMart\param-mart)
2026-07-19 22:47:15 DEBUG com.parammart.ParamMartApplication - Running with Spring Boot v3.5.0, Spring v6.2.7
2026-07-19 22:47:15 INFO  com.parammart.ParamMartApplication - No active profile set, falling back to 1 default profile: "default"
2026-07-19 22:47:15 INFO  o.s.d.r.c.RepositoryConfigurationDelegate - Bootstrapping Spring Data JPA repositories in DEFAULT mode.
2026-07-19 22:47:15 INFO  o.s.d.r.c.RepositoryConfigurationDelegate - Finished Spring Data repository scanning in 21 ms. Found 10 JPA repository interfaces.
2026-07-19 22:47:15 INFO  o.s.b.w.e.tomcat.TomcatWebServer - Tomcat initialized with port 8080 (http)
2026-07-19 22:47:15 INFO  o.a.catalina.core.StandardService - Starting service [Tomcat]
2026-07-19 22:47:15 INFO  o.a.catalina.core.StandardEngine - Starting Servlet engine: [Apache Tomcat/10.1.41]
2026-07-19 22:47:15 INFO  o.a.c.c.C.[Tomcat-8].[localhost].[/] - Initializing Spring embedded WebApplicationContext
2026-07-19 22:47:15 INFO  o.s.b.w.s.c.ServletWebServerApplicationContext - Root WebApplicationContext: initialization completed in 420 ms
2026-07-19 22:47:16 INFO  o.h.jpa.internal.util.LogHelper - HHH000204: Processing PersistenceUnitInfo [name: default]
2026-07-19 22:47:16 INFO  o.h.c.i.RegionFactoryInitiator - HHH000026: Second-level cache disabled
2026-07-19 22:47:16 INFO  o.s.o.j.p.SpringPersistenceUnitInfo - No LoadTimeWeaver setup: ignoring JPA class transformer
2026-07-19 22:47:16 INFO  com.zaxxer.hikari.HikariDataSource - HikariPool-68 - Starting...
2026-07-19 22:47:16 INFO  com.zaxxer.hikari.pool.HikariPool - HikariPool-68 - Added connection com.mysql.cj.jdbc.ConnectionImpl@1b56cb6c
2026-07-19 22:47:16 INFO  com.zaxxer.hikari.HikariDataSource - HikariPool-68 - Start completed.
2026-07-19 22:47:16 INFO  o.hibernate.orm.connections.pooling - HHH10001005: Database info:
	Database JDBC URL [Connecting through datasource 'HikariDataSource (HikariPool-68)']
	Database driver: undefined/unknown
	Database version: 8.0.46
	Autocommit mode: undefined/unknown
	Isolation level: undefined/unknown
	Minimum pool size: undefined/unknown
	Maximum pool size: undefined/unknown
2026-07-19 22:47:16 INFO  o.h.e.t.j.p.i.JtaPlatformInitiator - HHH000489: No JTA platform available (set 'hibernate.transaction.jta.platform' to enable JTA platform integration)
2026-07-19 22:47:16 INFO  o.s.o.j.LocalContainerEntityManagerFactoryBean - Initialized JPA EntityManagerFactory for persistence unit 'default'
2026-07-19 22:47:16 DEBUG c.p.security.JwtAuthenticationFilter - Filter 'jwtAuthenticationFilter' configured for use
2026-07-19 22:47:16 INFO  o.s.s.c.a.a.c.InitializeAuthenticationProviderBeanManagerConfigurer$InitializeAuthenticationProviderManagerConfigurer - Global AuthenticationManager configured with AuthenticationProvider bean with name authenticationProvider
2026-07-19 22:47:16 WARN  o.s.s.c.a.a.c.InitializeUserDetailsBeanManagerConfigurer$InitializeUserDetailsManagerConfigurer - Global AuthenticationManager configured with an AuthenticationProvider bean. UserDetailsService beans will not be used by Spring Security for automatically configuring username/password login. Consider removing the AuthenticationProvider bean. Alternatively, consider using the UserDetailsService in a manually instantiated DaoAuthenticationProvider. If the current configuration is intentional, to turn off this warning, increase the logging level of 'org.springframework.security.config.annotation.authentication.configuration.InitializeUserDetailsBeanManagerConfigurer' to ERROR
2026-07-19 22:47:16 INFO  o.s.b.a.e.web.EndpointLinksResolver - Exposing 3 endpoints beneath base path '/actuator'
2026-07-19 22:47:17 INFO  o.s.b.d.a.OptionalLiveReloadServer - LiveReload server is running on port 35729
2026-07-19 22:47:17 INFO  o.s.b.w.e.tomcat.TomcatWebServer - Tomcat started on port 8080 (http) with context path '/'
2026-07-19 22:47:17 INFO  com.parammart.ParamMartApplication - Started ParamMartApplication in 1.883 seconds (process running for 6273.506)
2026-07-19 22:47:17 INFO  o.s.b.d.a.ConditionEvaluationDeltaLoggingListener - Condition evaluation unchanged
2026-07-19 22:47:30 INFO  o.s.b.d.a.LocalDevToolsAutoConfiguration$RestartingClassPathChangeChangedEventListener - Restarting due to 1 class path change (1 addition, 0 deletions, 0 modifications)
2026-07-19 22:47:30 INFO  o.s.b.w.e.tomcat.GracefulShutdown - Commencing graceful shutdown. Waiting for active requests to complete
2026-07-19 22:47:30 INFO  o.s.b.w.e.tomcat.GracefulShutdown - Graceful shutdown complete
2026-07-19 22:47:30 INFO  o.s.o.j.LocalContainerEntityManagerFactoryBean - Closing JPA EntityManagerFactory for persistence unit 'default'
2026-07-19 22:47:30 INFO  com.zaxxer.hikari.HikariDataSource - HikariPool-68 - Shutdown initiated...
2026-07-19 22:47:30 INFO  com.zaxxer.hikari.HikariDataSource - HikariPool-68 - Shutdown completed.
2026-07-19 22:47:30 INFO  com.parammart.ParamMartApplication - Starting ParamMartApplication using Java 21.0.8 with PID 15728 (C:\Users\HP\Music\PramMart\param-mart\target\classes started by HP in C:\Users\HP\Music\PramMart\param-mart)
2026-07-19 22:47:30 DEBUG com.parammart.ParamMartApplication - Running with Spring Boot v3.5.0, Spring v6.2.7
2026-07-19 22:47:30 INFO  com.parammart.ParamMartApplication - No active profile set, falling back to 1 default profile: "default"
2026-07-19 22:47:30 INFO  o.s.d.r.c.RepositoryConfigurationDelegate - Bootstrapping Spring Data JPA repositories in DEFAULT mode.
2026-07-19 22:47:30 INFO  o.s.d.r.c.RepositoryConfigurationDelegate - Finished Spring Data repository scanning in 32 ms. Found 10 JPA repository interfaces.
2026-07-19 22:47:30 INFO  o.s.b.w.e.tomcat.TomcatWebServer - Tomcat initialized with port 8080 (http)
2026-07-19 22:47:30 INFO  o.a.catalina.core.StandardService - Starting service [Tomcat]
2026-07-19 22:47:30 INFO  o.a.catalina.core.StandardEngine - Starting Servlet engine: [Apache Tomcat/10.1.41]
2026-07-19 22:47:30 INFO  o.a.c.c.C.[Tomcat-8].[localhost].[/] - Initializing Spring embedded WebApplicationContext
2026-07-19 22:47:30 INFO  o.s.b.w.s.c.ServletWebServerApplicationContext - Root WebApplicationContext: initialization completed in 563 ms
2026-07-19 22:47:30 INFO  o.h.jpa.internal.util.LogHelper - HHH000204: Processing PersistenceUnitInfo [name: default]
2026-07-19 22:47:31 INFO  o.h.c.i.RegionFactoryInitiator - HHH000026: Second-level cache disabled
2026-07-19 22:47:31 INFO  o.s.o.j.p.SpringPersistenceUnitInfo - No LoadTimeWeaver setup: ignoring JPA class transformer
2026-07-19 22:47:31 INFO  com.zaxxer.hikari.HikariDataSource - HikariPool-69 - Starting...
2026-07-19 22:47:31 INFO  com.zaxxer.hikari.pool.HikariPool - HikariPool-69 - Added connection com.mysql.cj.jdbc.ConnectionImpl@59a31aae
2026-07-19 22:47:31 INFO  com.zaxxer.hikari.HikariDataSource - HikariPool-69 - Start completed.
2026-07-19 22:47:31 INFO  o.hibernate.orm.connections.pooling - HHH10001005: Database info:
	Database JDBC URL [Connecting through datasource 'HikariDataSource (HikariPool-69)']
	Database driver: undefined/unknown
	Database version: 8.0.46
	Autocommit mode: undefined/unknown
	Isolation level: undefined/unknown
	Minimum pool size: undefined/unknown
	Maximum pool size: undefined/unknown
2026-07-19 22:47:31 INFO  o.h.e.t.j.p.i.JtaPlatformInitiator - HHH000489: No JTA platform available (set 'hibernate.transaction.jta.platform' to enable JTA platform integration)
2026-07-19 22:47:31 INFO  o.s.o.j.LocalContainerEntityManagerFactoryBean - Initialized JPA EntityManagerFactory for persistence unit 'default'
2026-07-19 22:47:31 DEBUG c.p.security.JwtAuthenticationFilter - Filter 'jwtAuthenticationFilter' configured for use
2026-07-19 22:47:31 INFO  o.s.s.c.a.a.c.InitializeAuthenticationProviderBeanManagerConfigurer$InitializeAuthenticationProviderManagerConfigurer - Global AuthenticationManager configured with AuthenticationProvider bean with name authenticationProvider
2026-07-19 22:47:31 WARN  o.s.s.c.a.a.c.InitializeUserDetailsBeanManagerConfigurer$InitializeUserDetailsManagerConfigurer - Global AuthenticationManager configured with an AuthenticationProvider bean. UserDetailsService beans will not be used by Spring Security for automatically configuring username/password login. Consider removing the AuthenticationProvider bean. Alternatively, consider using the UserDetailsService in a manually instantiated DaoAuthenticationProvider. If the current configuration is intentional, to turn off this warning, increase the logging level of 'org.springframework.security.config.annotation.authentication.configuration.InitializeUserDetailsBeanManagerConfigurer' to ERROR
2026-07-19 22:47:31 INFO  o.s.b.a.e.web.EndpointLinksResolver - Exposing 3 endpoints beneath base path '/actuator'
2026-07-19 22:47:32 INFO  o.s.b.d.a.OptionalLiveReloadServer - LiveReload server is running on port 35729
2026-07-19 22:47:32 INFO  o.s.b.w.e.tomcat.TomcatWebServer - Tomcat started on port 8080 (http) with context path '/'
2026-07-19 22:47:32 INFO  com.parammart.ParamMartApplication - Started ParamMartApplication in 1.701 seconds (process running for 6288.123)
2026-07-19 22:47:32 INFO  o.s.b.d.a.ConditionEvaluationDeltaLoggingListener - Condition evaluation unchanged
2026-07-19 22:47:36 INFO  o.s.b.d.a.LocalDevToolsAutoConfiguration$RestartingClassPathChangeChangedEventListener - Restarting due to 5 class path changes (1 addition, 1 deletion, 3 modifications)
2026-07-19 22:47:36 INFO  o.s.b.w.e.tomcat.GracefulShutdown - Commencing graceful shutdown. Waiting for active requests to complete
2026-07-19 22:47:36 INFO  o.s.b.w.e.tomcat.GracefulShutdown - Graceful shutdown complete
2026-07-19 22:47:36 INFO  o.s.o.j.LocalContainerEntityManagerFactoryBean - Closing JPA EntityManagerFactory for persistence unit 'default'
2026-07-19 22:47:36 INFO  com.zaxxer.hikari.HikariDataSource - HikariPool-69 - Shutdown initiated...
2026-07-19 22:47:36 INFO  com.zaxxer.hikari.HikariDataSource - HikariPool-69 - Shutdown completed.
2026-07-19 22:47:37 INFO  com.parammart.ParamMartApplication - Starting ParamMartApplication using Java 21.0.8 with PID 15728 (C:\Users\HP\Music\PramMart\param-mart\target\classes started by HP in C:\Users\HP\Music\PramMart\param-mart)
2026-07-19 22:47:37 DEBUG com.parammart.ParamMartApplication - Running with Spring Boot v3.5.0, Spring v6.2.7
2026-07-19 22:47:37 INFO  com.parammart.ParamMartApplication - No active profile set, falling back to 1 default profile: "default"
2026-07-19 22:47:39 INFO  o.s.d.r.c.RepositoryConfigurationDelegate - Bootstrapping Spring Data JPA repositories in DEFAULT mode.
2026-07-19 22:47:39 INFO  o.s.d.r.c.RepositoryConfigurationDelegate - Finished Spring Data repository scanning in 63 ms. Found 11 JPA repository interfaces.
2026-07-19 22:47:39 INFO  o.s.b.w.e.tomcat.TomcatWebServer - Tomcat initialized with port 8080 (http)
2026-07-19 22:47:39 INFO  o.a.catalina.core.StandardService - Starting service [Tomcat]
2026-07-19 22:47:39 INFO  o.a.catalina.core.StandardEngine - Starting Servlet engine: [Apache Tomcat/10.1.41]
2026-07-19 22:47:39 INFO  o.a.c.c.C.[Tomcat-8].[localhost].[/] - Initializing Spring embedded WebApplicationContext
2026-07-19 22:47:39 INFO  o.s.b.w.s.c.ServletWebServerApplicationContext - Root WebApplicationContext: initialization completed in 2320 ms
2026-07-19 22:47:39 INFO  o.h.jpa.internal.util.LogHelper - HHH000204: Processing PersistenceUnitInfo [name: default]
2026-07-19 22:47:39 INFO  o.h.c.i.RegionFactoryInitiator - HHH000026: Second-level cache disabled
2026-07-19 22:47:39 INFO  o.s.o.j.p.SpringPersistenceUnitInfo - No LoadTimeWeaver setup: ignoring JPA class transformer
2026-07-19 22:47:39 INFO  com.zaxxer.hikari.HikariDataSource - HikariPool-70 - Starting...
2026-07-19 22:47:39 INFO  com.zaxxer.hikari.pool.HikariPool - HikariPool-70 - Added connection com.mysql.cj.jdbc.ConnectionImpl@7598926b
2026-07-19 22:47:39 INFO  com.zaxxer.hikari.HikariDataSource - HikariPool-70 - Start completed.
2026-07-19 22:47:39 INFO  o.hibernate.orm.connections.pooling - HHH10001005: Database info:
	Database JDBC URL [Connecting through datasource 'HikariDataSource (HikariPool-70)']
	Database driver: undefined/unknown
	Database version: 8.0.46
	Autocommit mode: undefined/unknown
	Isolation level: undefined/unknown
	Minimum pool size: undefined/unknown
	Maximum pool size: undefined/unknown
2026-07-19 22:47:40 INFO  o.h.e.t.j.p.i.JtaPlatformInitiator - HHH000489: No JTA platform available (set 'hibernate.transaction.jta.platform' to enable JTA platform integration)
2026-07-19 22:47:40 INFO  o.s.o.j.LocalContainerEntityManagerFactoryBean - Initialized JPA EntityManagerFactory for persistence unit 'default'
2026-07-19 22:47:40 DEBUG c.p.security.JwtAuthenticationFilter - Filter 'jwtAuthenticationFilter' configured for use
2026-07-19 22:47:40 INFO  o.s.s.c.a.a.c.InitializeAuthenticationProviderBeanManagerConfigurer$InitializeAuthenticationProviderManagerConfigurer - Global AuthenticationManager configured with AuthenticationProvider bean with name authenticationProvider
2026-07-19 22:47:40 WARN  o.s.s.c.a.a.c.InitializeUserDetailsBeanManagerConfigurer$InitializeUserDetailsManagerConfigurer - Global AuthenticationManager configured with an AuthenticationProvider bean. UserDetailsService beans will not be used by Spring Security for automatically configuring username/password login. Consider removing the AuthenticationProvider bean. Alternatively, consider using the UserDetailsService in a manually instantiated DaoAuthenticationProvider. If the current configuration is intentional, to turn off this warning, increase the logging level of 'org.springframework.security.config.annotation.authentication.configuration.InitializeUserDetailsBeanManagerConfigurer' to ERROR
2026-07-19 22:47:40 INFO  o.s.b.a.e.web.EndpointLinksResolver - Exposing 3 endpoints beneath base path '/actuator'
2026-07-19 22:47:41 INFO  o.s.b.d.a.OptionalLiveReloadServer - LiveReload server is running on port 35729
2026-07-19 22:47:41 INFO  o.s.b.w.e.tomcat.TomcatWebServer - Tomcat started on port 8080 (http) with context path '/'
2026-07-19 22:47:41 INFO  com.parammart.ParamMartApplication - Started ParamMartApplication in 3.909 seconds (process running for 6297.242)
2026-07-19 22:47:41 INFO  o.s.b.d.a.ConditionEvaluationDeltaLoggingListener - Condition evaluation unchanged
2026-07-19 22:47:48 INFO  o.s.b.d.a.LocalDevToolsAutoConfiguration$RestartingClassPathChangeChangedEventListener - Restarting due to 1 class path change (1 addition, 0 deletions, 0 modifications)
2026-07-19 22:47:48 INFO  o.s.b.w.e.tomcat.GracefulShutdown - Commencing graceful shutdown. Waiting for active requests to complete
2026-07-19 22:47:48 INFO  o.s.b.w.e.tomcat.GracefulShutdown - Graceful shutdown complete
2026-07-19 22:47:48 INFO  o.s.o.j.LocalContainerEntityManagerFactoryBean - Closing JPA EntityManagerFactory for persistence unit 'default'
2026-07-19 22:47:48 INFO  com.zaxxer.hikari.HikariDataSource - HikariPool-70 - Shutdown initiated...
2026-07-19 22:47:48 INFO  com.zaxxer.hikari.HikariDataSource - HikariPool-70 - Shutdown completed.
2026-07-19 22:47:48 INFO  com.parammart.ParamMartApplication - Starting ParamMartApplication using Java 21.0.8 with PID 15728 (C:\Users\HP\Music\PramMart\param-mart\target\classes started by HP in C:\Users\HP\Music\PramMart\param-mart)
2026-07-19 22:47:48 DEBUG com.parammart.ParamMartApplication - Running with Spring Boot v3.5.0, Spring v6.2.7
2026-07-19 22:47:48 INFO  com.parammart.ParamMartApplication - No active profile set, falling back to 1 default profile: "default"
2026-07-19 22:47:49 INFO  o.s.d.r.c.RepositoryConfigurationDelegate - Bootstrapping Spring Data JPA repositories in DEFAULT mode.
2026-07-19 22:47:49 INFO  o.s.d.r.c.RepositoryConfigurationDelegate - Finished Spring Data repository scanning in 67 ms. Found 11 JPA repository interfaces.
2026-07-19 22:47:49 INFO  o.s.b.w.e.tomcat.TomcatWebServer - Tomcat initialized with port 8080 (http)
2026-07-19 22:47:49 INFO  o.a.catalina.core.StandardService - Starting service [Tomcat]
2026-07-19 22:47:49 INFO  o.a.catalina.core.StandardEngine - Starting Servlet engine: [Apache Tomcat/10.1.41]
2026-07-19 22:47:49 INFO  o.a.c.c.C.[Tomcat-8].[localhost].[/] - Initializing Spring embedded WebApplicationContext
2026-07-19 22:47:49 INFO  o.s.b.w.s.c.ServletWebServerApplicationContext - Root WebApplicationContext: initialization completed in 673 ms
2026-07-19 22:47:49 INFO  o.h.jpa.internal.util.LogHelper - HHH000204: Processing PersistenceUnitInfo [name: default]
2026-07-19 22:47:49 INFO  o.h.c.i.RegionFactoryInitiator - HHH000026: Second-level cache disabled
2026-07-19 22:47:49 INFO  o.s.o.j.p.SpringPersistenceUnitInfo - No LoadTimeWeaver setup: ignoring JPA class transformer
2026-07-19 22:47:49 INFO  com.zaxxer.hikari.HikariDataSource - HikariPool-71 - Starting...
2026-07-19 22:47:49 INFO  com.zaxxer.hikari.pool.HikariPool - HikariPool-71 - Added connection com.mysql.cj.jdbc.ConnectionImpl@361e0716
2026-07-19 22:47:49 INFO  com.zaxxer.hikari.HikariDataSource - HikariPool-71 - Start completed.
2026-07-19 22:47:49 INFO  o.hibernate.orm.connections.pooling - HHH10001005: Database info:
	Database JDBC URL [Connecting through datasource 'HikariDataSource (HikariPool-71)']
	Database driver: undefined/unknown
	Database version: 8.0.46
	Autocommit mode: undefined/unknown
	Isolation level: undefined/unknown
	Minimum pool size: undefined/unknown
	Maximum pool size: undefined/unknown
2026-07-19 22:47:49 INFO  o.h.e.t.j.p.i.JtaPlatformInitiator - HHH000489: No JTA platform available (set 'hibernate.transaction.jta.platform' to enable JTA platform integration)
2026-07-19 22:47:50 INFO  o.s.o.j.LocalContainerEntityManagerFactoryBean - Initialized JPA EntityManagerFactory for persistence unit 'default'
2026-07-19 22:47:50 DEBUG c.p.security.JwtAuthenticationFilter - Filter 'jwtAuthenticationFilter' configured for use
2026-07-19 22:47:50 INFO  o.s.s.c.a.a.c.InitializeAuthenticationProviderBeanManagerConfigurer$InitializeAuthenticationProviderManagerConfigurer - Global AuthenticationManager configured with AuthenticationProvider bean with name authenticationProvider
2026-07-19 22:47:50 WARN  o.s.s.c.a.a.c.InitializeUserDetailsBeanManagerConfigurer$InitializeUserDetailsManagerConfigurer - Global AuthenticationManager configured with an AuthenticationProvider bean. UserDetailsService beans will not be used by Spring Security for automatically configuring username/password login. Consider removing the AuthenticationProvider bean. Alternatively, consider using the UserDetailsService in a manually instantiated DaoAuthenticationProvider. If the current configuration is intentional, to turn off this warning, increase the logging level of 'org.springframework.security.config.annotation.authentication.configuration.InitializeUserDetailsBeanManagerConfigurer' to ERROR
2026-07-19 22:47:50 INFO  o.s.b.a.e.web.EndpointLinksResolver - Exposing 3 endpoints beneath base path '/actuator'
2026-07-19 22:47:51 INFO  o.s.b.d.a.OptionalLiveReloadServer - LiveReload server is running on port 35729
2026-07-19 22:47:51 INFO  o.s.b.w.e.tomcat.TomcatWebServer - Tomcat started on port 8080 (http) with context path '/'
2026-07-19 22:47:51 INFO  com.parammart.ParamMartApplication - Started ParamMartApplication in 2.357 seconds (process running for 6307.236)
2026-07-19 22:47:51 INFO  o.s.b.d.a.ConditionEvaluationDeltaLoggingListener - Condition evaluation unchanged
2026-07-19 22:47:54 INFO  o.s.b.d.a.LocalDevToolsAutoConfiguration$RestartingClassPathChangeChangedEventListener - Restarting due to 5 class path changes (1 addition, 1 deletion, 3 modifications)
2026-07-19 22:47:54 INFO  o.s.b.w.e.tomcat.GracefulShutdown - Commencing graceful shutdown. Waiting for active requests to complete
2026-07-19 22:47:54 INFO  o.s.b.w.e.tomcat.GracefulShutdown - Graceful shutdown complete
2026-07-19 22:47:54 INFO  o.s.o.j.LocalContainerEntityManagerFactoryBean - Closing JPA EntityManagerFactory for persistence unit 'default'
2026-07-19 22:47:54 INFO  com.zaxxer.hikari.HikariDataSource - HikariPool-71 - Shutdown initiated...
2026-07-19 22:47:54 INFO  com.zaxxer.hikari.HikariDataSource - HikariPool-71 - Shutdown completed.
2026-07-19 22:47:55 INFO  com.parammart.ParamMartApplication - Starting ParamMartApplication using Java 21.0.8 with PID 15728 (C:\Users\HP\Music\PramMart\param-mart\target\classes started by HP in C:\Users\HP\Music\PramMart\param-mart)
2026-07-19 22:47:55 DEBUG com.parammart.ParamMartApplication - Running with Spring Boot v3.5.0, Spring v6.2.7
2026-07-19 22:47:55 INFO  com.parammart.ParamMartApplication - No active profile set, falling back to 1 default profile: "default"
2026-07-19 22:47:55 INFO  o.s.d.r.c.RepositoryConfigurationDelegate - Bootstrapping Spring Data JPA repositories in DEFAULT mode.
2026-07-19 22:47:55 INFO  o.s.d.r.c.RepositoryConfigurationDelegate - Finished Spring Data repository scanning in 57 ms. Found 11 JPA repository interfaces.
2026-07-19 22:47:55 INFO  o.s.b.w.e.tomcat.TomcatWebServer - Tomcat initialized with port 8080 (http)
2026-07-19 22:47:55 INFO  o.a.catalina.core.StandardService - Starting service [Tomcat]
2026-07-19 22:47:55 INFO  o.a.catalina.core.StandardEngine - Starting Servlet engine: [Apache Tomcat/10.1.41]
2026-07-19 22:47:55 INFO  o.a.c.c.C.[Tomcat-8].[localhost].[/] - Initializing Spring embedded WebApplicationContext
2026-07-19 22:47:55 INFO  o.s.b.w.s.c.ServletWebServerApplicationContext - Root WebApplicationContext: initialization completed in 900 ms
2026-07-19 22:47:56 INFO  o.h.jpa.internal.util.LogHelper - HHH000204: Processing PersistenceUnitInfo [name: default]
2026-07-19 22:47:56 INFO  o.h.c.i.RegionFactoryInitiator - HHH000026: Second-level cache disabled
2026-07-19 22:47:56 INFO  o.s.o.j.p.SpringPersistenceUnitInfo - No LoadTimeWeaver setup: ignoring JPA class transformer
2026-07-19 22:47:56 INFO  com.zaxxer.hikari.HikariDataSource - HikariPool-72 - Starting...
2026-07-19 22:47:56 INFO  com.zaxxer.hikari.pool.HikariPool - HikariPool-72 - Added connection com.mysql.cj.jdbc.ConnectionImpl@5f888bda
2026-07-19 22:47:56 INFO  com.zaxxer.hikari.HikariDataSource - HikariPool-72 - Start completed.
2026-07-19 22:47:56 INFO  o.hibernate.orm.connections.pooling - HHH10001005: Database info:
	Database JDBC URL [Connecting through datasource 'HikariDataSource (HikariPool-72)']
	Database driver: undefined/unknown
	Database version: 8.0.46
	Autocommit mode: undefined/unknown
	Isolation level: undefined/unknown
	Minimum pool size: undefined/unknown
	Maximum pool size: undefined/unknown
2026-07-19 22:47:56 INFO  o.h.e.t.j.p.i.JtaPlatformInitiator - HHH000489: No JTA platform available (set 'hibernate.transaction.jta.platform' to enable JTA platform integration)
2026-07-19 22:47:56 INFO  o.s.o.j.LocalContainerEntityManagerFactoryBean - Initialized JPA EntityManagerFactory for persistence unit 'default'
2026-07-19 22:47:56 DEBUG c.p.security.JwtAuthenticationFilter - Filter 'jwtAuthenticationFilter' configured for use
2026-07-19 22:47:56 INFO  o.s.s.c.a.a.c.InitializeAuthenticationProviderBeanManagerConfigurer$InitializeAuthenticationProviderManagerConfigurer - Global AuthenticationManager configured with AuthenticationProvider bean with name authenticationProvider
2026-07-19 22:47:56 WARN  o.s.s.c.a.a.c.InitializeUserDetailsBeanManagerConfigurer$InitializeUserDetailsManagerConfigurer - Global AuthenticationManager configured with an AuthenticationProvider bean. UserDetailsService beans will not be used by Spring Security for automatically configuring username/password login. Consider removing the AuthenticationProvider bean. Alternatively, consider using the UserDetailsService in a manually instantiated DaoAuthenticationProvider. If the current configuration is intentional, to turn off this warning, increase the logging level of 'org.springframework.security.config.annotation.authentication.configuration.InitializeUserDetailsBeanManagerConfigurer' to ERROR
2026-07-19 22:47:57 INFO  o.s.b.a.e.web.EndpointLinksResolver - Exposing 3 endpoints beneath base path '/actuator'
2026-07-19 22:47:57 INFO  o.s.b.d.a.OptionalLiveReloadServer - LiveReload server is running on port 35729
2026-07-19 22:47:58 INFO  o.s.b.w.e.tomcat.TomcatWebServer - Tomcat started on port 8080 (http) with context path '/'
2026-07-19 22:47:58 INFO  com.parammart.ParamMartApplication - Started ParamMartApplication in 3.098 seconds (process running for 6314.149)
2026-07-19 22:47:58 INFO  o.s.b.d.a.ConditionEvaluationDeltaLoggingListener - Condition evaluation unchanged
2026-07-19 22:48:24 INFO  o.s.b.d.a.LocalDevToolsAutoConfiguration$RestartingClassPathChangeChangedEventListener - Restarting due to 1 class path change (1 addition, 0 deletions, 0 modifications)
2026-07-19 22:48:24 INFO  o.s.b.w.e.tomcat.GracefulShutdown - Commencing graceful shutdown. Waiting for active requests to complete
2026-07-19 22:48:24 INFO  o.s.b.w.e.tomcat.GracefulShutdown - Graceful shutdown complete
2026-07-19 22:48:24 INFO  o.s.o.j.LocalContainerEntityManagerFactoryBean - Closing JPA EntityManagerFactory for persistence unit 'default'
2026-07-19 22:48:24 INFO  com.zaxxer.hikari.HikariDataSource - HikariPool-72 - Shutdown initiated...
2026-07-19 22:48:24 INFO  com.zaxxer.hikari.HikariDataSource - HikariPool-72 - Shutdown completed.
2026-07-19 22:48:24 INFO  com.parammart.ParamMartApplication - Starting ParamMartApplication using Java 21.0.8 with PID 15728 (C:\Users\HP\Music\PramMart\param-mart\target\classes started by HP in C:\Users\HP\Music\PramMart\param-mart)
2026-07-19 22:48:24 DEBUG com.parammart.ParamMartApplication - Running with Spring Boot v3.5.0, Spring v6.2.7
2026-07-19 22:48:24 INFO  com.parammart.ParamMartApplication - No active profile set, falling back to 1 default profile: "default"
2026-07-19 22:48:25 INFO  o.s.d.r.c.RepositoryConfigurationDelegate - Bootstrapping Spring Data JPA repositories in DEFAULT mode.
2026-07-19 22:48:25 INFO  o.s.d.r.c.RepositoryConfigurationDelegate - Finished Spring Data repository scanning in 42 ms. Found 11 JPA repository interfaces.
2026-07-19 22:48:25 INFO  o.s.b.w.e.tomcat.TomcatWebServer - Tomcat initialized with port 8080 (http)
2026-07-19 22:48:25 INFO  o.a.catalina.core.StandardService - Starting service [Tomcat]
2026-07-19 22:48:25 INFO  o.a.catalina.core.StandardEngine - Starting Servlet engine: [Apache Tomcat/10.1.41]
2026-07-19 22:48:25 INFO  o.a.c.c.C.[Tomcat-8].[localhost].[/] - Initializing Spring embedded WebApplicationContext
2026-07-19 22:48:25 INFO  o.s.b.w.s.c.ServletWebServerApplicationContext - Root WebApplicationContext: initialization completed in 798 ms
2026-07-19 22:48:26 INFO  o.h.jpa.internal.util.LogHelper - HHH000204: Processing PersistenceUnitInfo [name: default]
2026-07-19 22:48:26 INFO  o.h.c.i.RegionFactoryInitiator - HHH000026: Second-level cache disabled
2026-07-19 22:48:26 INFO  o.s.o.j.p.SpringPersistenceUnitInfo - No LoadTimeWeaver setup: ignoring JPA class transformer
2026-07-19 22:48:26 INFO  com.zaxxer.hikari.HikariDataSource - HikariPool-73 - Starting...
2026-07-19 22:48:26 INFO  com.zaxxer.hikari.pool.HikariPool - HikariPool-73 - Added connection com.mysql.cj.jdbc.ConnectionImpl@5809c398
2026-07-19 22:48:26 INFO  com.zaxxer.hikari.HikariDataSource - HikariPool-73 - Start completed.
2026-07-19 22:48:26 INFO  o.hibernate.orm.connections.pooling - HHH10001005: Database info:
	Database JDBC URL [Connecting through datasource 'HikariDataSource (HikariPool-73)']
	Database driver: undefined/unknown
	Database version: 8.0.46
	Autocommit mode: undefined/unknown
	Isolation level: undefined/unknown
	Minimum pool size: undefined/unknown
	Maximum pool size: undefined/unknown
2026-07-19 22:48:26 INFO  o.h.e.t.j.p.i.JtaPlatformInitiator - HHH000489: No JTA platform available (set 'hibernate.transaction.jta.platform' to enable JTA platform integration)
2026-07-19 22:48:26 INFO  o.s.o.j.LocalContainerEntityManagerFactoryBean - Initialized JPA EntityManagerFactory for persistence unit 'default'
2026-07-19 22:48:27 DEBUG c.p.security.JwtAuthenticationFilter - Filter 'jwtAuthenticationFilter' configured for use
2026-07-19 22:48:27 INFO  o.s.s.c.a.a.c.InitializeAuthenticationProviderBeanManagerConfigurer$InitializeAuthenticationProviderManagerConfigurer - Global AuthenticationManager configured with AuthenticationProvider bean with name authenticationProvider
2026-07-19 22:48:27 WARN  o.s.s.c.a.a.c.InitializeUserDetailsBeanManagerConfigurer$InitializeUserDetailsManagerConfigurer - Global AuthenticationManager configured with an AuthenticationProvider bean. UserDetailsService beans will not be used by Spring Security for automatically configuring username/password login. Consider removing the AuthenticationProvider bean. Alternatively, consider using the UserDetailsService in a manually instantiated DaoAuthenticationProvider. If the current configuration is intentional, to turn off this warning, increase the logging level of 'org.springframework.security.config.annotation.authentication.configuration.InitializeUserDetailsBeanManagerConfigurer' to ERROR
2026-07-19 22:48:28 INFO  o.s.b.a.e.web.EndpointLinksResolver - Exposing 3 endpoints beneath base path '/actuator'
2026-07-19 22:48:28 INFO  o.s.b.d.a.OptionalLiveReloadServer - LiveReload server is running on port 35729
2026-07-19 22:48:28 INFO  o.s.b.w.e.tomcat.TomcatWebServer - Tomcat started on port 8080 (http) with context path '/'
2026-07-19 22:48:28 INFO  com.parammart.ParamMartApplication - Started ParamMartApplication in 3.557 seconds (process running for 6344.454)
2026-07-19 22:48:28 INFO  o.s.b.d.a.ConditionEvaluationDeltaLoggingListener - Condition evaluation unchanged
2026-07-19 22:48:32 INFO  o.s.b.d.a.LocalDevToolsAutoConfiguration$RestartingClassPathChangeChangedEventListener - Restarting due to 5 class path changes (1 addition, 1 deletion, 3 modifications)
2026-07-19 22:48:32 INFO  o.s.b.w.e.tomcat.GracefulShutdown - Commencing graceful shutdown. Waiting for active requests to complete
2026-07-19 22:48:32 INFO  o.s.b.w.e.tomcat.GracefulShutdown - Graceful shutdown complete
2026-07-19 22:48:32 INFO  o.s.o.j.LocalContainerEntityManagerFactoryBean - Closing JPA EntityManagerFactory for persistence unit 'default'
2026-07-19 22:48:32 INFO  com.zaxxer.hikari.HikariDataSource - HikariPool-73 - Shutdown initiated...
2026-07-19 22:48:32 INFO  com.zaxxer.hikari.HikariDataSource - HikariPool-73 - Shutdown completed.
2026-07-19 22:48:32 INFO  com.parammart.ParamMartApplication - Starting ParamMartApplication using Java 21.0.8 with PID 15728 (C:\Users\HP\Music\PramMart\param-mart\target\classes started by HP in C:\Users\HP\Music\PramMart\param-mart)
2026-07-19 22:48:32 DEBUG com.parammart.ParamMartApplication - Running with Spring Boot v3.5.0, Spring v6.2.7
2026-07-19 22:48:32 INFO  com.parammart.ParamMartApplication - No active profile set, falling back to 1 default profile: "default"
2026-07-19 22:48:33 INFO  o.s.d.r.c.RepositoryConfigurationDelegate - Bootstrapping Spring Data JPA repositories in DEFAULT mode.
2026-07-19 22:48:33 INFO  o.s.d.r.c.RepositoryConfigurationDelegate - Finished Spring Data repository scanning in 32 ms. Found 11 JPA repository interfaces.
2026-07-19 22:48:33 INFO  o.s.b.w.e.tomcat.TomcatWebServer - Tomcat initialized with port 8080 (http)
2026-07-19 22:48:33 INFO  o.a.catalina.core.StandardService - Starting service [Tomcat]
2026-07-19 22:48:33 INFO  o.a.catalina.core.StandardEngine - Starting Servlet engine: [Apache Tomcat/10.1.41]
2026-07-19 22:48:33 INFO  o.a.c.c.C.[Tomcat-8].[localhost].[/] - Initializing Spring embedded WebApplicationContext
2026-07-19 22:48:33 INFO  o.s.b.w.s.c.ServletWebServerApplicationContext - Root WebApplicationContext: initialization completed in 1125 ms
2026-07-19 22:48:33 INFO  o.h.jpa.internal.util.LogHelper - HHH000204: Processing PersistenceUnitInfo [name: default]
2026-07-19 22:48:33 INFO  o.h.c.i.RegionFactoryInitiator - HHH000026: Second-level cache disabled
2026-07-19 22:48:33 INFO  o.s.o.j.p.SpringPersistenceUnitInfo - No LoadTimeWeaver setup: ignoring JPA class transformer
2026-07-19 22:48:33 INFO  com.zaxxer.hikari.HikariDataSource - HikariPool-74 - Starting...
2026-07-19 22:48:33 INFO  com.zaxxer.hikari.pool.HikariPool - HikariPool-74 - Added connection com.mysql.cj.jdbc.ConnectionImpl@38eac3a2
2026-07-19 22:48:33 INFO  com.zaxxer.hikari.HikariDataSource - HikariPool-74 - Start completed.
2026-07-19 22:48:33 INFO  o.hibernate.orm.connections.pooling - HHH10001005: Database info:
	Database JDBC URL [Connecting through datasource 'HikariDataSource (HikariPool-74)']
	Database driver: undefined/unknown
	Database version: 8.0.46
	Autocommit mode: undefined/unknown
	Isolation level: undefined/unknown
	Minimum pool size: undefined/unknown
	Maximum pool size: undefined/unknown
2026-07-19 22:48:34 INFO  o.h.e.t.j.p.i.JtaPlatformInitiator - HHH000489: No JTA platform available (set 'hibernate.transaction.jta.platform' to enable JTA platform integration)
2026-07-19 22:48:34 INFO  o.s.o.j.LocalContainerEntityManagerFactoryBean - Initialized JPA EntityManagerFactory for persistence unit 'default'
2026-07-19 22:48:34 DEBUG c.p.security.JwtAuthenticationFilter - Filter 'jwtAuthenticationFilter' configured for use
2026-07-19 22:48:34 INFO  o.s.s.c.a.a.c.InitializeAuthenticationProviderBeanManagerConfigurer$InitializeAuthenticationProviderManagerConfigurer - Global AuthenticationManager configured with AuthenticationProvider bean with name authenticationProvider
2026-07-19 22:48:34 WARN  o.s.s.c.a.a.c.InitializeUserDetailsBeanManagerConfigurer$InitializeUserDetailsManagerConfigurer - Global AuthenticationManager configured with an AuthenticationProvider bean. UserDetailsService beans will not be used by Spring Security for automatically configuring username/password login. Consider removing the AuthenticationProvider bean. Alternatively, consider using the UserDetailsService in a manually instantiated DaoAuthenticationProvider. If the current configuration is intentional, to turn off this warning, increase the logging level of 'org.springframework.security.config.annotation.authentication.configuration.InitializeUserDetailsBeanManagerConfigurer' to ERROR
2026-07-19 22:48:34 WARN  o.s.b.w.s.c.AnnotationConfigServletWebServerApplicationContext - Exception encountered during context initialization - cancelling refresh attempt: org.springframework.beans.factory.BeanCreationException: Error creating bean with name 'addressServiceImpl' defined in file [C:\Users\HP\Music\PramMart\param-mart\target\classes\com\parammart\service\impl\AddressServiceImpl.class]: Failed to instantiate [com.parammart.service.impl.AddressServiceImpl]: Constructor threw exception
2026-07-19 22:48:34 INFO  o.s.o.j.LocalContainerEntityManagerFactoryBean - Closing JPA EntityManagerFactory for persistence unit 'default'
2026-07-19 22:48:34 INFO  com.zaxxer.hikari.HikariDataSource - HikariPool-74 - Shutdown initiated...
2026-07-19 22:48:34 INFO  com.zaxxer.hikari.HikariDataSource - HikariPool-74 - Shutdown completed.
2026-07-19 22:48:34 INFO  o.a.catalina.core.StandardService - Stopping service [Tomcat]
2026-07-19 22:48:34 INFO  o.s.b.a.l.ConditionEvaluationReportLogger - 

Error starting ApplicationContext. To display the condition evaluation report re-run your application with 'debug' enabled.
2026-07-19 22:48:34 ERROR o.s.boot.SpringApplication - Application run failed
org.springframework.beans.factory.BeanCreationException: Error creating bean with name 'addressServiceImpl' defined in file [C:\Users\HP\Music\PramMart\param-mart\target\classes\com\parammart\service\impl\AddressServiceImpl.class]: Failed to instantiate [com.parammart.service.impl.AddressServiceImpl]: Constructor threw exception
	at org.springframework.beans.factory.support.ConstructorResolver.instantiate(ConstructorResolver.java:321) ~[spring-beans-6.2.7.jar:6.2.7]
	at org.springframework.beans.factory.support.ConstructorResolver.autowireConstructor(ConstructorResolver.java:309) ~[spring-beans-6.2.7.jar:6.2.7]
	at org.springframework.beans.factory.support.AbstractAutowireCapableBeanFactory.autowireConstructor(AbstractAutowireCapableBeanFactory.java:1395) ~[spring-beans-6.2.7.jar:6.2.7]
	at org.springframework.beans.factory.support.AbstractAutowireCapableBeanFactory.createBeanInstance(AbstractAutowireCapableBeanFactory.java:1232) ~[spring-beans-6.2.7.jar:6.2.7]
	at org.springframework.beans.factory.support.AbstractAutowireCapableBeanFactory.doCreateBean(AbstractAutowireCapableBeanFactory.java:569) ~[spring-beans-6.2.7.jar:6.2.7]
	at org.springframework.beans.factory.support.AbstractAutowireCapableBeanFactory.createBean(AbstractAutowireCapableBeanFactory.java:529) ~[spring-beans-6.2.7.jar:6.2.7]
	at org.springframework.beans.factory.support.AbstractBeanFactory.lambda$doGetBean$0(AbstractBeanFactory.java:339) ~[spring-beans-6.2.7.jar:6.2.7]
	at org.springframework.beans.factory.support.DefaultSingletonBeanRegistry.getSingleton(DefaultSingletonBeanRegistry.java:373) ~[spring-beans-6.2.7.jar:6.2.7]
	at org.springframework.beans.factory.support.AbstractBeanFactory.doGetBean(AbstractBeanFactory.java:337) ~[spring-beans-6.2.7.jar:6.2.7]
	at org.springframework.beans.factory.support.AbstractBeanFactory.getBean(AbstractBeanFactory.java:202) ~[spring-beans-6.2.7.jar:6.2.7]
	at org.springframework.beans.factory.support.DefaultListableBeanFactory.instantiateSingleton(DefaultListableBeanFactory.java:1222) ~[spring-beans-6.2.7.jar:6.2.7]
	at org.springframework.beans.factory.support.DefaultListableBeanFactory.preInstantiateSingleton(DefaultListableBeanFactory.java:1188) ~[spring-beans-6.2.7.jar:6.2.7]
	at org.springframework.beans.factory.support.DefaultListableBeanFactory.preInstantiateSingletons(DefaultListableBeanFactory.java:1123) ~[spring-beans-6.2.7.jar:6.2.7]
	at org.springframework.context.support.AbstractApplicationContext.finishBeanFactoryInitialization(AbstractApplicationContext.java:987) ~[spring-context-6.2.7.jar:6.2.7]
	at org.springframework.context.support.AbstractApplicationContext.refresh(AbstractApplicationContext.java:627) ~[spring-context-6.2.7.jar:6.2.7]
	at org.springframework.boot.web.servlet.context.ServletWebServerApplicationContext.refresh(ServletWebServerApplicationContext.java:146) ~[spring-boot-3.5.0.jar:3.5.0]
	at org.springframework.boot.SpringApplication.refresh(SpringApplication.java:753) ~[spring-boot-3.5.0.jar:3.5.0]
	at org.springframework.boot.SpringApplication.refreshContext(SpringApplication.java:439) ~[spring-boot-3.5.0.jar:3.5.0]
	at org.springframework.boot.SpringApplication.run(SpringApplication.java:318) ~[spring-boot-3.5.0.jar:3.5.0]
	at org.springframework.boot.SpringApplication.run(SpringApplication.java:1362) ~[spring-boot-3.5.0.jar:3.5.0]
	at org.springframework.boot.SpringApplication.run(SpringApplication.java:1351) ~[spring-boot-3.5.0.jar:3.5.0]
	at com.parammart.ParamMartApplication.main(ParamMartApplication.java:10) ~[classes/:na]
	at java.base/jdk.internal.reflect.DirectMethodHandleAccessor.invoke(DirectMethodHandleAccessor.java:103) ~[na:na]
	at java.base/java.lang.reflect.Method.invoke(Method.java:580) ~[na:na]
	at org.springframework.boot.devtools.restart.RestartLauncher.run(RestartLauncher.java:50) ~[spring-boot-devtools-3.5.0.jar:3.5.0]
Caused by: org.springframework.beans.BeanInstantiationException: Failed to instantiate [com.parammart.service.impl.AddressServiceImpl]: Constructor threw exception
	at org.springframework.beans.BeanUtils.instantiateClass(BeanUtils.java:222) ~[spring-beans-6.2.7.jar:6.2.7]
	at org.springframework.beans.factory.support.SimpleInstantiationStrategy.instantiate(SimpleInstantiationStrategy.java:145) ~[spring-beans-6.2.7.jar:6.2.7]
	at org.springframework.beans.factory.support.ConstructorResolver.instantiate(ConstructorResolver.java:318) ~[spring-beans-6.2.7.jar:6.2.7]
	... 24 common frames omitted
Caused by: java.lang.Error: Unresolved compilation problems: 
	The method getDefaultAddress() is undefined for the type AddressRequest
	The method setDefaultAddress(boolean) is undefined for the type Address
	The method setUser(User) is undefined for the type Address
	The method getFullName() is undefined for the type AddressRequest
	The method getMobile() is undefined for the type AddressRequest
	The method getAddressLine1() is undefined for the type AddressRequest
	The method getAddressLine2() is undefined for the type AddressRequest
	The method getCity() is undefined for the type AddressRequest
	The method getState() is undefined for the type AddressRequest
	The method getCountry() is undefined for the type AddressRequest
	The method getPincode() is undefined for the type AddressRequest
	The method getDefaultAddress() is undefined for the type AddressRequest
	The method getFullName() is undefined for the type AddressRequest
	The method getMobile() is undefined for the type AddressRequest
	The method getAddressLine1() is undefined for the type AddressRequest
	The method getAddressLine2() is undefined for the type AddressRequest
	The method getCity() is undefined for the type AddressRequest
	The method getState() is undefined for the type AddressRequest
	The method getCountry() is undefined for the type AddressRequest
	The method getPincode() is undefined for the type AddressRequest
	The method setDefaultAddress(boolean) is undefined for the type Address
	The method setDefaultAddress(boolean) is undefined for the type Address

	at com.parammart.service.impl.AddressServiceImpl.<init>(AddressServiceImpl.java:37) ~[classes/:na]
	at java.base/jdk.internal.reflect.DirectConstructorHandleAccessor.newInstance(DirectConstructorHandleAccessor.java:62) ~[na:na]
	at java.base/java.lang.reflect.Constructor.newInstanceWithCaller(Constructor.java:502) ~[na:na]
	at java.base/java.lang.reflect.Constructor.newInstance(Constructor.java:486) ~[na:na]
	at org.springframework.beans.BeanUtils.instantiateClass(BeanUtils.java:209) ~[spring-beans-6.2.7.jar:6.2.7]
	... 26 common frames omitted
2026-07-19 22:49:02 INFO  com.parammart.ParamMartApplication - Starting ParamMartApplication using Java 21.0.8 with PID 15728 (C:\Users\HP\Music\PramMart\param-mart\target\classes started by HP in C:\Users\HP\Music\PramMart\param-mart)
2026-07-19 22:49:02 DEBUG com.parammart.ParamMartApplication - Running with Spring Boot v3.5.0, Spring v6.2.7
2026-07-19 22:49:02 INFO  com.parammart.ParamMartApplication - No active profile set, falling back to 1 default profile: "default"
2026-07-19 22:49:02 INFO  o.s.d.r.c.RepositoryConfigurationDelegate - Bootstrapping Spring Data JPA repositories in DEFAULT mode.
2026-07-19 22:49:02 INFO  o.s.d.r.c.RepositoryConfigurationDelegate - Finished Spring Data repository scanning in 19 ms. Found 11 JPA repository interfaces.
2026-07-19 22:49:02 INFO  o.s.b.w.e.tomcat.TomcatWebServer - Tomcat initialized with port 8080 (http)
2026-07-19 22:49:02 INFO  o.a.catalina.core.StandardService - Starting service [Tomcat]
2026-07-19 22:49:02 INFO  o.a.catalina.core.StandardEngine - Starting Servlet engine: [Apache Tomcat/10.1.41]
2026-07-19 22:49:02 INFO  o.a.c.c.C.[Tomcat-9].[localhost].[/] - Initializing Spring embedded WebApplicationContext
2026-07-19 22:49:02 INFO  o.s.b.w.s.c.ServletWebServerApplicationContext - Root WebApplicationContext: initialization completed in 454 ms
2026-07-19 22:49:03 INFO  o.h.jpa.internal.util.LogHelper - HHH000204: Processing PersistenceUnitInfo [name: default]
2026-07-19 22:49:03 INFO  o.h.c.i.RegionFactoryInitiator - HHH000026: Second-level cache disabled
2026-07-19 22:49:03 INFO  o.s.o.j.p.SpringPersistenceUnitInfo - No LoadTimeWeaver setup: ignoring JPA class transformer
2026-07-19 22:49:03 INFO  com.zaxxer.hikari.HikariDataSource - HikariPool-75 - Starting...
2026-07-19 22:49:03 INFO  com.zaxxer.hikari.pool.HikariPool - HikariPool-75 - Added connection com.mysql.cj.jdbc.ConnectionImpl@f274661
2026-07-19 22:49:03 INFO  com.zaxxer.hikari.HikariDataSource - HikariPool-75 - Start completed.
2026-07-19 22:49:03 INFO  o.hibernate.orm.connections.pooling - HHH10001005: Database info:
	Database JDBC URL [Connecting through datasource 'HikariDataSource (HikariPool-75)']
	Database driver: undefined/unknown
	Database version: 8.0.46
	Autocommit mode: undefined/unknown
	Isolation level: undefined/unknown
	Minimum pool size: undefined/unknown
	Maximum pool size: undefined/unknown
2026-07-19 22:49:03 INFO  o.h.e.t.j.p.i.JtaPlatformInitiator - HHH000489: No JTA platform available (set 'hibernate.transaction.jta.platform' to enable JTA platform integration)
2026-07-19 22:49:03 INFO  o.s.o.j.LocalContainerEntityManagerFactoryBean - Initialized JPA EntityManagerFactory for persistence unit 'default'
2026-07-19 22:49:03 DEBUG c.p.security.JwtAuthenticationFilter - Filter 'jwtAuthenticationFilter' configured for use
2026-07-19 22:49:03 INFO  o.s.s.c.a.a.c.InitializeAuthenticationProviderBeanManagerConfigurer$InitializeAuthenticationProviderManagerConfigurer - Global AuthenticationManager configured with AuthenticationProvider bean with name authenticationProvider
2026-07-19 22:49:03 WARN  o.s.s.c.a.a.c.InitializeUserDetailsBeanManagerConfigurer$InitializeUserDetailsManagerConfigurer - Global AuthenticationManager configured with an AuthenticationProvider bean. UserDetailsService beans will not be used by Spring Security for automatically configuring username/password login. Consider removing the AuthenticationProvider bean. Alternatively, consider using the UserDetailsService in a manually instantiated DaoAuthenticationProvider. If the current configuration is intentional, to turn off this warning, increase the logging level of 'org.springframework.security.config.annotation.authentication.configuration.InitializeUserDetailsBeanManagerConfigurer' to ERROR
2026-07-19 22:49:03 INFO  o.s.b.a.e.web.EndpointLinksResolver - Exposing 3 endpoints beneath base path '/actuator'
2026-07-19 22:49:03 INFO  o.s.b.d.a.OptionalLiveReloadServer - LiveReload server is running on port 35729
2026-07-19 22:49:03 INFO  o.s.b.w.e.tomcat.TomcatWebServer - Tomcat started on port 8080 (http) with context path '/'
2026-07-19 22:49:03 INFO  com.parammart.ParamMartApplication - Started ParamMartApplication in 1.32 seconds (process running for 6379.901)
2026-07-19 22:49:03 INFO  o.s.b.d.a.ConditionEvaluationDeltaLoggingListener - Condition evaluation unchanged
2026-07-19 22:50:48 INFO  o.s.b.d.a.LocalDevToolsAutoConfiguration$RestartingClassPathChangeChangedEventListener - Restarting due to 2 class path changes (0 additions, 0 deletions, 2 modifications)
2026-07-19 22:50:48 INFO  o.s.b.w.e.tomcat.GracefulShutdown - Commencing graceful shutdown. Waiting for active requests to complete
2026-07-19 22:50:48 INFO  o.s.b.w.e.tomcat.GracefulShutdown - Graceful shutdown complete
2026-07-19 22:50:48 INFO  o.s.o.j.LocalContainerEntityManagerFactoryBean - Closing JPA EntityManagerFactory for persistence unit 'default'
2026-07-19 22:50:48 INFO  com.zaxxer.hikari.HikariDataSource - HikariPool-75 - Shutdown initiated...
2026-07-19 22:50:48 INFO  com.zaxxer.hikari.HikariDataSource - HikariPool-75 - Shutdown completed.
2026-07-19 22:50:48 INFO  com.parammart.ParamMartApplication - Starting ParamMartApplication using Java 21.0.8 with PID 15728 (C:\Users\HP\Music\PramMart\param-mart\target\classes started by HP in C:\Users\HP\Music\PramMart\param-mart)
2026-07-19 22:50:48 DEBUG com.parammart.ParamMartApplication - Running with Spring Boot v3.5.0, Spring v6.2.7
2026-07-19 22:50:48 INFO  com.parammart.ParamMartApplication - No active profile set, falling back to 1 default profile: "default"
2026-07-19 22:50:48 INFO  o.s.d.r.c.RepositoryConfigurationDelegate - Bootstrapping Spring Data JPA repositories in DEFAULT mode.
2026-07-19 22:50:48 INFO  o.s.d.r.c.RepositoryConfigurationDelegate - Finished Spring Data repository scanning in 19 ms. Found 11 JPA repository interfaces.
2026-07-19 22:50:48 INFO  o.s.b.w.e.tomcat.TomcatWebServer - Tomcat initialized with port 8080 (http)
2026-07-19 22:50:48 INFO  o.a.catalina.core.StandardService - Starting service [Tomcat]
2026-07-19 22:50:48 INFO  o.a.catalina.core.StandardEngine - Starting Servlet engine: [Apache Tomcat/10.1.41]
2026-07-19 22:50:48 INFO  o.a.c.c.C.[Tomcat-9].[localhost].[/] - Initializing Spring embedded WebApplicationContext
2026-07-19 22:50:48 INFO  o.s.b.w.s.c.ServletWebServerApplicationContext - Root WebApplicationContext: initialization completed in 429 ms
2026-07-19 22:50:48 INFO  o.h.jpa.internal.util.LogHelper - HHH000204: Processing PersistenceUnitInfo [name: default]
2026-07-19 22:50:48 INFO  o.h.c.i.RegionFactoryInitiator - HHH000026: Second-level cache disabled
2026-07-19 22:50:48 INFO  o.s.o.j.p.SpringPersistenceUnitInfo - No LoadTimeWeaver setup: ignoring JPA class transformer
2026-07-19 22:50:48 INFO  com.zaxxer.hikari.HikariDataSource - HikariPool-76 - Starting...
2026-07-19 22:50:48 INFO  com.zaxxer.hikari.pool.HikariPool - HikariPool-76 - Added connection com.mysql.cj.jdbc.ConnectionImpl@57e3ba5
2026-07-19 22:50:48 INFO  com.zaxxer.hikari.HikariDataSource - HikariPool-76 - Start completed.
2026-07-19 22:50:48 INFO  o.hibernate.orm.connections.pooling - HHH10001005: Database info:
	Database JDBC URL [Connecting through datasource 'HikariDataSource (HikariPool-76)']
	Database driver: undefined/unknown
	Database version: 8.0.46
	Autocommit mode: undefined/unknown
	Isolation level: undefined/unknown
	Minimum pool size: undefined/unknown
	Maximum pool size: undefined/unknown
2026-07-19 22:50:49 INFO  o.h.e.t.j.p.i.JtaPlatformInitiator - HHH000489: No JTA platform available (set 'hibernate.transaction.jta.platform' to enable JTA platform integration)
2026-07-19 22:50:49 INFO  o.s.o.j.LocalContainerEntityManagerFactoryBean - Initialized JPA EntityManagerFactory for persistence unit 'default'
2026-07-19 22:50:49 DEBUG c.p.security.JwtAuthenticationFilter - Filter 'jwtAuthenticationFilter' configured for use
2026-07-19 22:50:49 INFO  o.s.s.c.a.a.c.InitializeAuthenticationProviderBeanManagerConfigurer$InitializeAuthenticationProviderManagerConfigurer - Global AuthenticationManager configured with AuthenticationProvider bean with name authenticationProvider
2026-07-19 22:50:49 WARN  o.s.s.c.a.a.c.InitializeUserDetailsBeanManagerConfigurer$InitializeUserDetailsManagerConfigurer - Global AuthenticationManager configured with an AuthenticationProvider bean. UserDetailsService beans will not be used by Spring Security for automatically configuring username/password login. Consider removing the AuthenticationProvider bean. Alternatively, consider using the UserDetailsService in a manually instantiated DaoAuthenticationProvider. If the current configuration is intentional, to turn off this warning, increase the logging level of 'org.springframework.security.config.annotation.authentication.configuration.InitializeUserDetailsBeanManagerConfigurer' to ERROR
2026-07-19 22:50:49 INFO  o.s.b.a.e.web.EndpointLinksResolver - Exposing 3 endpoints beneath base path '/actuator'
2026-07-19 22:50:49 INFO  o.s.b.d.a.OptionalLiveReloadServer - LiveReload server is running on port 35729
2026-07-19 22:50:49 INFO  o.s.b.w.e.tomcat.TomcatWebServer - Tomcat started on port 8080 (http) with context path '/'
2026-07-19 22:50:49 INFO  com.parammart.ParamMartApplication - Started ParamMartApplication in 1.371 seconds (process running for 6485.888)
2026-07-19 22:50:49 INFO  o.s.b.d.a.ConditionEvaluationDeltaLoggingListener - Condition evaluation unchanged
2026-07-19 22:51:58 INFO  o.s.b.d.a.LocalDevToolsAutoConfiguration$RestartingClassPathChangeChangedEventListener - Restarting due to 1 class path change (1 addition, 0 deletions, 0 modifications)
2026-07-19 22:51:58 INFO  o.s.b.w.e.tomcat.GracefulShutdown - Commencing graceful shutdown. Waiting for active requests to complete
2026-07-19 22:51:58 INFO  o.s.b.w.e.tomcat.GracefulShutdown - Graceful shutdown complete
2026-07-19 22:51:58 INFO  o.s.o.j.LocalContainerEntityManagerFactoryBean - Closing JPA EntityManagerFactory for persistence unit 'default'
2026-07-19 22:51:58 INFO  com.zaxxer.hikari.HikariDataSource - HikariPool-76 - Shutdown initiated...
2026-07-19 22:51:58 INFO  com.zaxxer.hikari.HikariDataSource - HikariPool-76 - Shutdown completed.
2026-07-19 22:51:59 INFO  com.parammart.ParamMartApplication - Starting ParamMartApplication using Java 21.0.8 with PID 15728 (C:\Users\HP\Music\PramMart\param-mart\target\classes started by HP in C:\Users\HP\Music\PramMart\param-mart)
2026-07-19 22:51:59 DEBUG com.parammart.ParamMartApplication - Running with Spring Boot v3.5.0, Spring v6.2.7
2026-07-19 22:51:59 INFO  com.parammart.ParamMartApplication - No active profile set, falling back to 1 default profile: "default"
2026-07-19 22:51:59 INFO  o.s.d.r.c.RepositoryConfigurationDelegate - Bootstrapping Spring Data JPA repositories in DEFAULT mode.
2026-07-19 22:51:59 INFO  o.s.d.r.c.RepositoryConfigurationDelegate - Finished Spring Data repository scanning in 24 ms. Found 11 JPA repository interfaces.
2026-07-19 22:51:59 INFO  o.s.b.w.e.tomcat.TomcatWebServer - Tomcat initialized with port 8080 (http)
2026-07-19 22:51:59 INFO  o.a.catalina.core.StandardService - Starting service [Tomcat]
2026-07-19 22:51:59 INFO  o.a.catalina.core.StandardEngine - Starting Servlet engine: [Apache Tomcat/10.1.41]
2026-07-19 22:51:59 INFO  o.a.c.c.C.[Tomcat-9].[localhost].[/] - Initializing Spring embedded WebApplicationContext
2026-07-19 22:51:59 INFO  o.s.b.w.s.c.ServletWebServerApplicationContext - Root WebApplicationContext: initialization completed in 535 ms
2026-07-19 22:51:59 INFO  o.h.jpa.internal.util.LogHelper - HHH000204: Processing PersistenceUnitInfo [name: default]
2026-07-19 22:51:59 INFO  o.h.c.i.RegionFactoryInitiator - HHH000026: Second-level cache disabled
2026-07-19 22:51:59 INFO  o.s.o.j.p.SpringPersistenceUnitInfo - No LoadTimeWeaver setup: ignoring JPA class transformer
2026-07-19 22:51:59 INFO  com.zaxxer.hikari.HikariDataSource - HikariPool-77 - Starting...
2026-07-19 22:51:59 INFO  com.zaxxer.hikari.pool.HikariPool - HikariPool-77 - Added connection com.mysql.cj.jdbc.ConnectionImpl@1aba5f9
2026-07-19 22:51:59 INFO  com.zaxxer.hikari.HikariDataSource - HikariPool-77 - Start completed.
2026-07-19 22:51:59 INFO  o.hibernate.orm.connections.pooling - HHH10001005: Database info:
	Database JDBC URL [Connecting through datasource 'HikariDataSource (HikariPool-77)']
	Database driver: undefined/unknown
	Database version: 8.0.46
	Autocommit mode: undefined/unknown
	Isolation level: undefined/unknown
	Minimum pool size: undefined/unknown
	Maximum pool size: undefined/unknown
2026-07-19 22:51:59 INFO  o.h.e.t.j.p.i.JtaPlatformInitiator - HHH000489: No JTA platform available (set 'hibernate.transaction.jta.platform' to enable JTA platform integration)
2026-07-19 22:52:00 INFO  o.s.o.j.LocalContainerEntityManagerFactoryBean - Initialized JPA EntityManagerFactory for persistence unit 'default'
2026-07-19 22:52:00 DEBUG c.p.security.JwtAuthenticationFilter - Filter 'jwtAuthenticationFilter' configured for use
2026-07-19 22:52:00 INFO  o.s.s.c.a.a.c.InitializeAuthenticationProviderBeanManagerConfigurer$InitializeAuthenticationProviderManagerConfigurer - Global AuthenticationManager configured with AuthenticationProvider bean with name authenticationProvider
2026-07-19 22:52:00 WARN  o.s.s.c.a.a.c.InitializeUserDetailsBeanManagerConfigurer$InitializeUserDetailsManagerConfigurer - Global AuthenticationManager configured with an AuthenticationProvider bean. UserDetailsService beans will not be used by Spring Security for automatically configuring username/password login. Consider removing the AuthenticationProvider bean. Alternatively, consider using the UserDetailsService in a manually instantiated DaoAuthenticationProvider. If the current configuration is intentional, to turn off this warning, increase the logging level of 'org.springframework.security.config.annotation.authentication.configuration.InitializeUserDetailsBeanManagerConfigurer' to ERROR
2026-07-19 22:52:00 INFO  o.s.b.a.e.web.EndpointLinksResolver - Exposing 3 endpoints beneath base path '/actuator'
2026-07-19 22:52:00 INFO  o.s.b.d.a.OptionalLiveReloadServer - LiveReload server is running on port 35729
2026-07-19 22:52:00 INFO  o.s.b.w.e.tomcat.TomcatWebServer - Tomcat started on port 8080 (http) with context path '/'
2026-07-19 22:52:00 INFO  com.parammart.ParamMartApplication - Started ParamMartApplication in 1.877 seconds (process running for 6557.052)
2026-07-19 22:52:00 INFO  o.s.b.d.a.ConditionEvaluationDeltaLoggingListener - Condition evaluation unchanged
2026-07-19 22:52:13 INFO  o.s.b.d.a.LocalDevToolsAutoConfiguration$RestartingClassPathChangeChangedEventListener - Restarting due to 5 class path changes (1 addition, 1 deletion, 3 modifications)
2026-07-19 22:52:13 INFO  o.s.b.w.e.tomcat.GracefulShutdown - Commencing graceful shutdown. Waiting for active requests to complete
2026-07-19 22:52:13 INFO  o.s.b.w.e.tomcat.GracefulShutdown - Graceful shutdown complete
2026-07-19 22:52:13 INFO  o.s.o.j.LocalContainerEntityManagerFactoryBean - Closing JPA EntityManagerFactory for persistence unit 'default'
2026-07-19 22:52:13 INFO  com.zaxxer.hikari.HikariDataSource - HikariPool-77 - Shutdown initiated...
2026-07-19 22:52:13 INFO  com.zaxxer.hikari.HikariDataSource - HikariPool-77 - Shutdown completed.
2026-07-19 22:52:13 INFO  com.parammart.ParamMartApplication - Starting ParamMartApplication using Java 21.0.8 with PID 15728 (C:\Users\HP\Music\PramMart\param-mart\target\classes started by HP in C:\Users\HP\Music\PramMart\param-mart)
2026-07-19 22:52:13 DEBUG com.parammart.ParamMartApplication - Running with Spring Boot v3.5.0, Spring v6.2.7
2026-07-19 22:52:13 INFO  com.parammart.ParamMartApplication - No active profile set, falling back to 1 default profile: "default"
2026-07-19 22:52:14 INFO  o.s.d.r.c.RepositoryConfigurationDelegate - Bootstrapping Spring Data JPA repositories in DEFAULT mode.
2026-07-19 22:52:14 INFO  o.s.d.r.c.RepositoryConfigurationDelegate - Finished Spring Data repository scanning in 23 ms. Found 11 JPA repository interfaces.
2026-07-19 22:52:14 INFO  o.s.b.w.e.tomcat.TomcatWebServer - Tomcat initialized with port 8080 (http)
2026-07-19 22:52:14 INFO  o.a.catalina.core.StandardService - Starting service [Tomcat]
2026-07-19 22:52:14 INFO  o.a.catalina.core.StandardEngine - Starting Servlet engine: [Apache Tomcat/10.1.41]
2026-07-19 22:52:14 INFO  o.a.c.c.C.[Tomcat-9].[localhost].[/] - Initializing Spring embedded WebApplicationContext
2026-07-19 22:52:14 INFO  o.s.b.w.s.c.ServletWebServerApplicationContext - Root WebApplicationContext: initialization completed in 424 ms
2026-07-19 22:52:14 INFO  o.h.jpa.internal.util.LogHelper - HHH000204: Processing PersistenceUnitInfo [name: default]
2026-07-19 22:52:14 INFO  o.h.c.i.RegionFactoryInitiator - HHH000026: Second-level cache disabled
2026-07-19 22:52:14 INFO  o.s.o.j.p.SpringPersistenceUnitInfo - No LoadTimeWeaver setup: ignoring JPA class transformer
2026-07-19 22:52:14 INFO  com.zaxxer.hikari.HikariDataSource - HikariPool-78 - Starting...
2026-07-19 22:52:14 INFO  com.zaxxer.hikari.pool.HikariPool - HikariPool-78 - Added connection com.mysql.cj.jdbc.ConnectionImpl@1bb63bed
2026-07-19 22:52:14 INFO  com.zaxxer.hikari.HikariDataSource - HikariPool-78 - Start completed.
2026-07-19 22:52:14 INFO  o.hibernate.orm.connections.pooling - HHH10001005: Database info:
	Database JDBC URL [Connecting through datasource 'HikariDataSource (HikariPool-78)']
	Database driver: undefined/unknown
	Database version: 8.0.46
	Autocommit mode: undefined/unknown
	Isolation level: undefined/unknown
	Minimum pool size: undefined/unknown
	Maximum pool size: undefined/unknown
2026-07-19 22:52:14 INFO  o.h.e.t.j.p.i.JtaPlatformInitiator - HHH000489: No JTA platform available (set 'hibernate.transaction.jta.platform' to enable JTA platform integration)
2026-07-19 22:52:14 INFO  o.s.o.j.LocalContainerEntityManagerFactoryBean - Initialized JPA EntityManagerFactory for persistence unit 'default'
2026-07-19 22:52:14 DEBUG c.p.security.JwtAuthenticationFilter - Filter 'jwtAuthenticationFilter' configured for use
2026-07-19 22:52:14 INFO  o.s.s.c.a.a.c.InitializeAuthenticationProviderBeanManagerConfigurer$InitializeAuthenticationProviderManagerConfigurer - Global AuthenticationManager configured with AuthenticationProvider bean with name authenticationProvider
2026-07-19 22:52:14 WARN  o.s.s.c.a.a.c.InitializeUserDetailsBeanManagerConfigurer$InitializeUserDetailsManagerConfigurer - Global AuthenticationManager configured with an AuthenticationProvider bean. UserDetailsService beans will not be used by Spring Security for automatically configuring username/password login. Consider removing the AuthenticationProvider bean. Alternatively, consider using the UserDetailsService in a manually instantiated DaoAuthenticationProvider. If the current configuration is intentional, to turn off this warning, increase the logging level of 'org.springframework.security.config.annotation.authentication.configuration.InitializeUserDetailsBeanManagerConfigurer' to ERROR
2026-07-19 22:52:15 INFO  o.s.b.a.e.web.EndpointLinksResolver - Exposing 3 endpoints beneath base path '/actuator'
2026-07-19 22:52:15 INFO  o.s.b.d.a.OptionalLiveReloadServer - LiveReload server is running on port 35729
2026-07-19 22:52:16 INFO  o.s.b.w.e.tomcat.TomcatWebServer - Tomcat started on port 8080 (http) with context path '/'
2026-07-19 22:52:16 INFO  com.parammart.ParamMartApplication - Started ParamMartApplication in 2.14 seconds (process running for 6572.122)
2026-07-19 22:52:16 INFO  o.s.b.d.a.ConditionEvaluationDeltaLoggingListener - Condition evaluation unchanged
2026-07-19 23:05:33 INFO  o.s.b.a.SpringApplicationAdminMXBeanRegistrar$SpringApplicationAdmin - Application shutdown requested.
2026-07-19 23:05:33 INFO  o.s.b.w.e.tomcat.GracefulShutdown - Commencing graceful shutdown. Waiting for active requests to complete
2026-07-19 23:05:33 INFO  o.s.b.w.e.tomcat.GracefulShutdown - Graceful shutdown complete
2026-07-19 23:05:33 INFO  o.s.o.j.LocalContainerEntityManagerFactoryBean - Closing JPA EntityManagerFactory for persistence unit 'default'
2026-07-19 23:05:33 INFO  com.zaxxer.hikari.HikariDataSource - HikariPool-78 - Shutdown initiated...
2026-07-19 23:05:33 INFO  com.zaxxer.hikari.HikariDataSource - HikariPool-78 - Shutdown completed.
